<?xml version="1.0" encoding="utf-8"?>
<COLLADA xmlns="http://www.collada.org/2005/11/COLLADASchema" version="1.4.1" xmlns:xsi="http://www.w3.org/2001/XMLSchema-instance">
  <asset>
    <contributor>
      <author>Blender User</author>
      <authoring_tool>Blender 4.2.0 commit date:2024-07-16, commit time:06:20, hash:a51f293548ad</authoring_tool>
    </contributor>
    <created>2024-08-12T11:13:52</created>
    <modified>2024-08-12T11:13:52</modified>
    <unit name="meter" meter="1"/>
    <up_axis>Z_UP</up_axis>
  </asset>
  <library_effects/>
  <library_images/>
  <library_geometries>
    <geometry id="meca500_needle_holder_001-mesh" name="meca500_needle_holder_001">
      <mesh>
        <source id="meca500_needle_holder_001-mesh-positions">
          <float_array id="meca500_needle_holder_001-mesh-positions-array" count="11574">-2.474874 -8.131729 55.32391 -2.121321 -8.485281 58.62391 -2.474874 -8.131729 58.32391 -8.131729 -2.474874 58.32391 -8.485282 -2.12132 58.62391 -8.131729 -2.474874 55.32391 -6.694601 -3.912001 19.57419 -6.488405 -4.118197 20.13278 -8.485282 -2.12132 2.623913 -8.305106 -2.301496 4.20372 -8.303129 -2.303473 4.444625 -6.842884 -3.763718 19.0858 -8.270747 -2.335855 6.409895 -8.184864 -2.421739 8.974709 -7.168402 -3.4382 17.77422 -7.237252 -3.36935 17.44889 -8.184471 -2.422132 8.983691 -8.183626 -2.422977 8.997307 -7.498408 -3.108194 15.96846 -7.56866 -3.037942 15.55486 -8.019527 -2.587076 11.38162 -7.909498 -2.697104 12.64556 -7.584945 -3.021657 15.44034 -7.818925 -2.787677 13.536 -2.306396 -8.300207 3.015408 -2.312532 -8.294072 2.623913 -2.121321 -8.485281 2.623913 -6.410364 -4.196238 20.34419 -6.212225 -4.394377 20.76519 -2.300265 -8.306338 3.846154 -2.307811 -8.298792 4.764714 -5.969979 -4.636623 21.15846 -5.760197 -4.846405 21.39989 -2.335312 -8.271291 6.427172 -5.503486 -5.103116 21.57255 -5.321564 -5.285038 21.61158 -2.394416 -8.212187 8.182785 -2.428197 -8.178406 8.993559 -4.963199 -5.643404 21.51137 -4.876652 -5.72995 21.45256 -2.466276 -8.140327 9.635853 -2.586723 -8.01988 11.37127 -4.587868 -6.018734 21.09727 -4.449334 -6.157268 20.91128 -2.76742 -7.839183 13.42059 -2.774911 -7.831692 13.49571 -4.406601 -6.200001 20.82743 -4.062642 -6.543961 20.0145 -2.786228 -7.820374 13.58863 -3.024335 -7.582268 15.38892 -3.830533 -6.776069 19.31107 -3.679516 -6.927086 18.78751 -3.249823 -7.35678 16.80865 -3.323902 -7.282701 17.22561 -3.443349 -7.163254 17.77645 -8.308041 -2.298562 3.846189 -8.294361 -2.312242 2.623913 -8.303103 -2.303499 3.181118 -2.051751 -8.552641 58.62391 -2.014677 -8.586815 2.623913 -1.980044 -8.61772 58.62391 -1.90318 -8.682993 2.623913 -1.875148 -8.705718 58.62391 -1.787098 -8.773584 2.623913 -1.766346 -8.788838 58.62391 -1.666711 -8.85837 2.623913 -1.653865 -8.866907 58.62391 -1.542309 -8.937148 2.623913 -1.537939 -8.939762 58.62391 -1.41881 -9.007251 58.62391 -1.414191 -9.009725 2.623913 -1.296724 -9.069235 58.62391 -1.282665 -9.07593 2.623913 -1.171939 -9.125585 58.62391 -1.148051 -9.1356 2.623913 -1.044712 -9.176181 58.62391 -1.01067 -9.188593 2.623913 -0.9153085 -9.22092 58.62391 -0.8708544 -9.234783 2.623913 -0.7839995 -9.259708 58.62391 -0.728941 -9.274056 2.623913 -0.6510563 -9.292464 58.62391 -0.5852709 -9.306317 2.623913 -0.5167575 -9.319121 58.62391 -0.4401918 -9.331492 2.623913 -0.381382 -9.339621 58.62391 -0.2940517 -9.349515 2.623913 -0.2452125 -9.353922 58.62391 -0.1472034 -9.360348 2.623913 -0.1085319 -9.361998 58.62391 -4.76837e-7 -9.363961 2.623913 0.02837419 -9.363827 58.62391 0.1472024 -9.360348 2.623913 0.1652216 -9.359408 58.62391 0.2940512 -9.349516 2.623913 0.3017244 -9.348751 58.62391 0.4401908 -9.331492 2.623913 0.4375992 -9.331875 58.62391 0.5725627 -9.308817 58.62391 0.5852704 -9.306318 2.623913 0.7063332 -9.279625 58.62391 0.7289405 -9.274056 2.623913 0.8386326 -9.24436 58.62391 0.8708534 -9.234783 2.623913 0.9691854 -9.203096 58.62391 1.010669 -9.188593 2.623913 1.097719 -9.155917 58.62391 1.14805 -9.135601 2.623913 1.223966 -9.102923 58.62391 1.282665 -9.07593 2.623913 1.347663 -9.044223 58.62391 1.41419 -9.009726 2.623913 1.468554 -8.979942 58.62391 1.542308 -8.937148 2.623913 1.586385 -8.91021 58.62391 1.66671 -8.85837 2.623913 1.700913 -8.835175 58.62391 1.787098 -8.773585 2.623913 1.811897 -8.754992 58.62391 1.903179 -8.682993 2.623913 1.919107 -8.66983 58.62391 2.014677 -8.586815 2.623913 2.02232 -8.579864 58.62391 2.12132 -8.485282 2.623913 2.12132 -8.485282 58.62391 -2.136907 -8.465276 58.782 -8.465276 -2.136907 58.782 -2.148078 -8.440855 58.93984 -8.440855 -2.148077 58.93984 -2.154843 -8.412028 59.09719 -8.412028 -2.154842 59.09719 -2.157218 -8.378811 59.2538 -8.37881 -2.157217 59.2538 -2.155229 -8.341229 59.40943 -8.341229 -2.155229 59.40943 -2.148905 -8.299313 59.56383 -8.299313 -2.148905 59.56383 -2.138285 -8.2531 59.71676 -8.253101 -2.138284 59.71676 -2.123413 -8.202636 59.86798 -8.202636 -2.123412 59.86798 -2.10434 -8.147971 60.01726 -8.147971 -2.104339 60.01726 -2.081124 -8.089163 60.16436 -8.089163 -2.081124 60.16436 -2.053829 -8.026275 60.30906 -8.026276 -2.053828 60.30906 -2.022525 -7.959379 60.45112 -7.95938 -2.022525 60.45112 -1.987291 -7.888553 60.59033 -7.888553 -1.98729 60.59033 -1.948207 -7.813876 60.72646 -7.813876 -1.948206 60.72646 -1.905364 -7.73544 60.85931 -1.858855 -7.65334 60.98866 -7.735441 -1.905363 60.85931 -7.653339 -1.858855 60.98866 -1.808782 -7.567675 61.11431 -7.567675 -1.808782 61.11431 -1.755251 -7.478551 61.23609 -1.698372 -7.38608 61.35377 -7.478551 -1.75525 61.23609 -7.386081 -1.698371 61.35377 -1.638263 -7.290379 61.46718 -7.29038 -1.638262 61.46718 -1.575045 -7.191569 61.57616 -7.191569 -1.575044 61.57616 -1.508845 -7.089777 61.68052 -7.089777 -1.508845 61.68052 -1.439794 -6.985133 61.78011 -6.985133 -1.439793 61.78011 -1.368027 -6.877774 61.87476 -6.877774 -1.368026 61.87476 -1.293685 -6.767839 61.96434 -6.767839 -1.293684 61.96434 -1.216911 -6.655473 62.04869 -6.655474 -1.21691 62.04869 -1.137853 -6.540823 62.12769 -6.540823 -1.137852 62.12769 -1.056663 -6.424041 62.20122 -6.424041 -1.056662 62.20122 -6.305281 -0.9734943 62.26916 -0.973495 -6.305281 62.26916 -6.184701 -0.8885067 62.3314 -0.8885071 -6.184701 62.3314 -6.062462 -0.8018601 62.38785 -0.8018603 -6.062462 62.38785 -5.938727 -0.7137175 62.43841 -0.7137179 -5.938727 62.43841 -0.6242449 -5.813662 62.48302 -5.813662 -0.6242445 62.48302 -5.687434 -0.5336089 62.52159 -0.5336096 -5.687434 62.52159 -5.560214 -0.4419811 62.55408 -0.4419816 -5.560214 62.55408 -0.3495314 -5.432172 62.58042 -5.432172 -0.3495309 62.58042 -5.30348 -0.2564314 62.60058 -0.2564318 -5.30348 62.60058 -0.1628558 -5.174312 62.61452 -5.174312 -0.1628553 62.61452 -0.08148503 -5.062087 62.62156 -5.062087 -0.08148479 62.62156 -2.38419e-7 -4.949748 62.62391 -4.949748 2.38419e-7 62.62391 -8.579864 -2.02232 58.62391 -8.586815 -2.014677 2.623913 -8.66983 -1.919107 58.62391 -8.682993 -1.903179 2.623913 -8.754992 -1.811897 58.62391 -8.773585 -1.787098 2.623913 -8.835175 -1.700913 58.62391 -8.85837 -1.66671 2.623913 -8.91021 -1.586385 58.62391 -8.937148 -1.542308 2.623913 -8.979942 -1.468554 58.62391 -9.009726 -1.41419 2.623913 -9.044223 -1.347663 58.62391 -9.07593 -1.282665 2.623913 -9.102923 -1.223966 58.62391 -9.135601 -1.14805 2.623913 -9.155917 -1.097719 58.62391 -9.188593 -1.010669 2.623913 -9.203096 -0.9691854 58.62391 -9.234783 -0.8708534 2.623913 -9.24436 -0.8386326 58.62391 -9.274056 -0.7289405 2.623913 -9.279625 -0.7063332 58.62391 -9.306318 -0.5852704 2.623913 -9.308817 -0.5725627 58.62391 -9.331492 -0.4401908 2.623913 -9.331875 -0.4375992 58.62391 -9.348751 -0.3017244 58.62391 -9.349516 -0.2940512 2.623913 -9.359408 -0.1652216 58.62391 -9.360348 -0.1472024 2.623913 -9.363827 -0.02837419 58.62391 -9.363961 4.76837e-7 2.623913 -9.361998 0.1085319 58.62391 -9.360348 0.1472034 2.623913 -9.353922 0.2452125 58.62391 -9.349515 0.2940517 2.623913 -9.339621 0.381382 58.62391 -9.331492 0.4401918 2.623913 -9.319121 0.5167575 58.62391 -9.306317 0.5852709 2.623913 -9.292464 0.6510563 58.62391 -9.274056 0.728941 2.623913 -9.259708 0.7839995 58.62391 -9.234783 0.8708544 2.623913 -9.22092 0.9153085 58.62391 -9.188593 1.01067 2.623913 -9.176181 1.044712 58.62391 -9.1356 1.148051 2.623913 -9.125585 1.171939 58.62391 -9.07593 1.282665 2.623913 -9.069235 1.296724 58.62391 -9.009725 1.414191 2.623913 -9.007251 1.41881 58.62391 -8.937148 1.542309 2.623913 -8.939762 1.537939 58.62391 -8.866907 1.653865 58.62391 -8.85837 1.666711 2.623913 -8.788838 1.766346 58.62391 -8.773584 1.787098 2.623913 -8.705718 1.875148 58.62391 -8.682993 1.90318 2.623913 -8.61772 1.980044 58.62391 -8.586815 2.014677 2.623913 -8.552641 2.051751 58.62391 -8.485281 2.121321 2.623913 -8.485281 2.121321 58.62391 -3.464823 2.192031 58.32391 -3.464823 2.192031 55.32391 -4.09739 -0.1462813 55.32391 -4.099581 0.0586071 55.32391 -4.091534 0.2633486 55.32391 -4.084965 -0.3508043 55.32391 -4.073267 0.467433 55.32391 -4.062337 -0.5544511 55.32391 -4.044828 0.6703496 55.32391 -4.029564 -0.756713 55.32391 -4.006286 0.8715921 55.32391 -3.986727 -0.9570853 55.32391 -3.957738 1.070658 55.32391 -3.933932 -1.155067 55.32391 -3.899306 1.267049 55.32391 -3.871312 -1.350164 55.32391 -3.831135 1.460277 55.32391 -3.799024 -1.541888 55.32391 -3.753395 1.649856 55.32391 -3.717247 -1.729762 55.32391 -3.666281 1.835316 55.32391 -3.626186 -1.913316 55.32391 -3.57001 2.016191 55.32391 -3.526068 -2.092091 55.32391 -3.417144 -2.26564 55.32391 -3.299685 -2.433532 55.32391 -3.173985 -2.595345 55.32391 -3.040359 -2.750676 55.32391 -2.899138 -2.899138 55.32391 -2.750677 -3.040358 55.32391 -2.595345 -3.173985 55.32391 -2.433532 -3.299685 55.32391 -2.265641 -3.417144 55.32391 -2.092091 -3.526068 55.32391 -1.913316 -3.626186 55.32391 -1.729762 -3.717247 55.32391 -1.541889 -3.799024 55.32391 -1.350164 -3.871312 55.32391 -1.155067 -3.933932 55.32391 -0.9570856 -3.986727 55.32391 -0.7567134 -4.029564 55.32391 -0.5544515 -4.062337 55.32391 -0.3508045 -4.084965 55.32391 -0.1462818 -4.09739 55.32391 0.05860662 -4.099581 55.32391 0.2633485 -4.091534 55.32391 0.4674326 -4.073267 55.32391 0.6703492 -4.044828 55.32391 0.8715917 -4.006286 55.32391 1.070657 -3.957738 55.32391 1.267049 -3.899306 55.32391 1.460276 -3.831135 55.32391 1.649856 -3.753395 55.32391 1.835315 -3.666281 55.32391 2.016191 -3.57001 55.32391 2.192031 -3.464823 55.32391 2.192031 -3.464823 58.32391 0.05860662 -4.099581 58.32391 -0.1462818 -4.09739 58.32391 0.2633485 -4.091534 58.32391 -0.3508045 -4.084965 58.32391 0.4674326 -4.073267 58.32391 -0.5544515 -4.062337 58.32391 0.6703492 -4.044828 58.32391 -0.7567134 -4.029564 58.32391 0.8715917 -4.006286 58.32391 -0.9570856 -3.986727 58.32391 1.070657 -3.957738 58.32391 -1.155067 -3.933932 58.32391 1.267049 -3.899306 58.32391 -1.350164 -3.871312 58.32391 1.460276 -3.831135 58.32391 -1.541889 -3.799024 58.32391 1.649856 -3.753395 58.32391 -1.729762 -3.717247 58.32391 1.835315 -3.666281 58.32391 -1.913316 -3.626186 58.32391 2.016191 -3.57001 58.32391 -2.092091 -3.526068 58.32391 -2.265641 -3.417144 58.32391 -2.433532 -3.299685 58.32391 -2.595345 -3.173985 58.32391 -2.750677 -3.040358 58.32391 -2.899138 -2.899138 58.32391 -3.040359 -2.750676 58.32391 -3.173985 -2.595345 58.32391 -3.299685 -2.433532 58.32391 -3.417144 -2.26564 58.32391 -3.526068 -2.092091 58.32391 -3.626186 -1.913316 58.32391 -3.717247 -1.729762 58.32391 -3.799024 -1.541888 58.32391 -3.871312 -1.350164 58.32391 -3.933932 -1.155067 58.32391 -3.986727 -0.9570853 58.32391 -4.029564 -0.756713 58.32391 -4.062337 -0.5544511 58.32391 -4.084965 -0.3508043 58.32391 -4.09739 -0.1462813 58.32391 -4.099581 0.0586071 58.32391 -4.091534 0.2633486 58.32391 -4.073267 0.467433 58.32391 -4.044828 0.6703496 58.32391 -4.006286 0.8715921 58.32391 -3.957738 1.070658 58.32391 -3.899306 1.267049 58.32391 -3.831135 1.460277 58.32391 -3.753395 1.649856 58.32391 -3.666281 1.835316 58.32391 -3.57001 2.016191 58.32391 2.136907 -8.465276 58.782 1.936559 -8.625659 59.0173 2.148077 -8.440855 58.93984 2.154842 -8.412028 59.09719 2.157217 -8.37881 59.2538 1.69997 -8.803935 59.01844 1.942741 -8.53823 59.40901 2.155229 -8.341229 59.40943 2.148905 -8.299313 59.56383 1.174962 -9.090672 59.0202 1.705702 -8.716027 59.41313 1.922687 -8.420952 59.79445 2.138284 -8.253101 59.71676 2.123412 -8.202636 59.86798 2.104339 -8.147971 60.01726 0.6002231 -9.270352 59.02125 1.686224 -8.594904 59.80261 0.3017225 -9.316203 59.02151 1.877454 -8.274546 60.16905 2.081124 -8.089163 60.16436 2.053828 -8.026276 60.30906 -4.76837e-7 -9.33157 59.0216 1.64342 -8.44145 60.18154 -0.3017235 -9.316203 59.02151 0.3018675 -9.236204 59.4242 0.60073 -9.189089 59.42324 -0.600224 -9.270352 59.02125 1.808279 -8.100177 60.52845 2.022525 -7.95938 60.45112 1.98729 -7.888553 60.59033 1.948206 -7.813876 60.72646 -4.76837e-7 -9.252018 59.42451 1.579017 -8.257151 60.54486 -0.3018684 -9.236204 59.4242 0.2961764 -9.110472 59.82455 0.5898867 -9.063384 59.82266 -1.174963 -9.090672 59.0202 -0.6007309 -9.189089 59.42324 1.716617 -7.899425 60.86855 1.905363 -7.735441 60.85931 1.858855 -7.653339 60.98866 -4.76837e-7 -9.126294 59.82518 0.569787 -8.894985 60.21228 1.074286 -8.51795 60.57012 1.124603 -8.717394 60.20075 1.494748 -8.044044 60.88792 -0.2961774 -9.110472 59.82455 0.2857833 -8.940875 60.21517 -1.699971 -8.803935 59.01844 -0.5898876 -9.063384 59.82266 -4.76837e-7 -8.956307 60.21613 -1.936559 -8.625659 59.0173 1.010582 -8.285185 60.91772 -0.2857838 -8.940875 60.21517 0.271482 -8.730225 60.58907 0.5419116 -8.686564 60.58528 -0.569788 -8.894985 60.21228 1.472715 -7.426766 61.47661 1.698371 -7.386081 61.35377 1.638262 -7.29038 61.46718 1.575044 -7.191569 61.57616 -4.76837e-7 -8.744917 60.59033 -1.942742 -8.538229 59.40901 -1.705703 -8.716027 59.41313 0.5073984 -8.441616 60.9356 1.273954 -7.541636 61.49765 1.508845 -7.089777 61.68052 -0.271483 -8.730225 60.58907 0.2538729 -8.482186 60.94007 -0.5419121 -8.686564 60.58528 0 -8.495842 60.94157 -1.922688 -8.420952 59.79445 -1.686224 -8.594903 59.80261 -0.2538738 -8.482186 60.94007 -1.124603 -8.717394 60.20075 -1.64342 -8.441449 60.18154 -1.159727 -8.880633 59.81514 -1.074286 -8.51795 60.57012 -0.5073993 -8.441616 60.9356 1.161201 -6.874886 61.96934 1.368026 -6.877774 61.87476 1.293684 -6.767839 61.96434 1.21691 -6.655474 62.04869 -1.877455 -8.274546 60.16905 0.9965997 -6.95723 61.98628 1.137852 -6.540823 62.12769 -1.579018 -8.257151 60.54486 -1.010582 -8.285185 60.91772 -1.80828 -8.100177 60.52845 -1.494748 -8.044045 60.88792 0.799355 -6.264274 62.33042 1.056662 -6.424041 62.20122 0.9734943 -6.305281 62.26916 0.8885067 -6.184701 62.3314 0.8018601 -6.062462 62.38785 -1.716617 -7.899425 60.86855 0.6791654 -6.315319 62.33995 0.7137175 -5.938727 62.43841 -1.273955 -7.541636 61.49765 0.4055514 -5.615785 62.5502 0.6242445 -5.813662 62.48302 0.5336089 -5.687434 62.52159 0.4419811 -5.560214 62.55408 0.3495309 -5.432172 62.58042 -1.472716 -7.426765 61.47661 0.3394005 -5.639134 62.55292 0.2564314 -5.30348 62.60058 0.1595954 -7.207794 62.0319 0.3209219 -7.184531 62.02799 0.1039338 -6.468593 62.3656 0.2100424 -6.454477 62.36341 -2.38419e-7 -6.473341 62.36634 -2.38419e-7 -7.215627 62.03321 0.4355517 -6.399909 62.35461 0.2095279 -5.676919 62.55712 -0.1039342 -6.468593 62.3656 -0.1595959 -7.207794 62.0319 -0.9966002 -6.95723 61.98628 -0.2100429 -6.454477 62.36341 -0.3209226 -7.184531 62.02799 -1.161201 -6.874886 61.96934 0.09778165 -5.700758 62.55963 0.0479238 -5.706862 62.56026 -2.38419e-7 -5.708911 62.56047 -0.04792428 -5.706862 62.56026 -0.6791658 -6.315319 62.33995 -0.09778213 -5.700758 62.55963 -0.4355521 -6.399909 62.35461 -0.7993555 -6.264274 62.33042 -0.2095284 -5.676919 62.55712 -0.339401 -5.639134 62.55292 -0.4055519 -5.615785 62.5502 1.450319 -8.920853 59.21817 1.177477 -9.005507 59.41945 0.8952046 -9.158576 59.22117 1.159726 -8.880633 59.81514 1.442471 -8.815521 59.61397 0.8879466 -9.054133 59.62141 1.412736 -8.674066 60.00246 0.8659263 -8.907973 60.01517 -0.895205 -9.158576 59.22117 -1.177477 -9.005506 59.41945 0.8314347 -8.722108 60.39566 -1.45032 -8.920853 59.21817 -0.8879471 -9.054133 59.62141 1.550774 -7.572179 61.31204 1.75525 -7.478551 61.23609 1.524212 -7.522237 61.37052 -1.442472 -8.81552 59.61397 -0.8659272 -8.907973 60.01517 1.166852 -7.921763 61.22439 0.8494773 -7.733944 61.53 0.7012947 -8.104191 61.25019 0.4221902 -7.859158 61.54942 0.2106611 -7.891685 61.55427 0.3502789 -8.185685 61.26108 1.255972 -7.039217 61.84163 0.6537068 -7.094947 62.01235 1.439793 -6.985133 61.78011 0.1167044 -8.21037 61.26431 -2.38419e-7 -7.902639 61.55589 -0.1167054 -8.21037 61.26431 -0.2106618 -7.891685 61.55427 -0.3502798 -8.185685 61.26108 -0.4221907 -7.859158 61.54942 0.5628142 -7.485346 61.79894 -0.8494783 -7.733944 61.53 -0.7012951 -8.104191 61.25019 0.2792938 -7.547248 61.80912 0.09286737 -7.566007 61.81214 0.6934369 -6.701458 62.19185 -1.166853 -7.921763 61.22439 -0.09286808 -7.566007 61.81214 -0.562815 -7.485345 61.79894 -0.6537073 -7.094947 62.01235 -1.550775 -7.572179 61.31204 -1.524212 -7.522238 61.37052 -1.255973 -7.039217 61.84163 -0.6934373 -6.701458 62.19185 0.1004133 -5.312471 62.60726 0.1628553 -5.174312 62.61452 0.08148479 -5.062087 62.62156 -0.1004137 -5.312471 62.60726 1.50965 -7.759664 61.17294 1.808782 -7.567675 61.11431 -1.509651 -7.759664 61.17294 2.298562 -8.30804 3.846189 2.301547 -8.305056 4.209826 2.312242 -8.29436 2.623913 2.303499 -8.303103 3.181122 8.300207 -2.306396 3.015408 8.294072 -2.312531 2.623913 8.485281 -2.121321 2.623913 8.485281 -2.121321 58.62391 4.107893 -6.498709 20.10486 4.196238 -6.410364 20.34419 4.394377 -6.212225 20.76519 8.306339 -2.300264 3.846154 8.298792 -2.30781 4.764714 4.636623 -5.969979 21.15846 4.846405 -5.760197 21.39989 8.271292 -2.335311 6.427172 5.103116 -5.503486 21.57255 5.285038 -5.321564 21.61158 8.212187 -2.394416 8.182782 8.178406 -2.428196 8.993559 5.643404 -4.963198 21.51137 5.72995 -4.876652 21.45256 8.140327 -2.466276 9.635857 8.019881 -2.586723 11.37127 6.018734 -4.587868 21.09727 6.157269 -4.449334 20.91128 7.839183 -2.767419 13.42059 7.831692 -2.77491 13.49571 6.200001 -4.406601 20.82743 6.543961 -4.062641 20.0145 7.820375 -2.786227 13.58863 7.582268 -3.024334 15.38892 6.776069 -3.830533 19.31107 6.927086 -3.679516 18.78751 7.35678 -3.249822 16.80866 7.282701 -3.323901 17.22561 7.163254 -3.443348 17.77645 3.912002 -6.694601 19.57419 2.303474 -8.303129 4.444622 3.763719 -6.842883 19.0858 2.335856 -8.270747 6.409895 2.421739 -8.184864 8.974705 3.4382 -7.168402 17.77422 3.36935 -7.237251 17.44889 2.422132 -8.184471 8.983691 2.422978 -8.183625 8.997311 3.108194 -7.498408 15.96845 3.037943 -7.568659 15.55486 2.587076 -8.019526 11.38162 2.697105 -7.909497 12.64556 3.021658 -7.584945 15.44034 2.787678 -7.818924 13.536 4.949748 -2.38419e-7 62.62391 2.848007 0.1065648 62.62391 2.849779 -0.03552913 62.62391 2.844465 -0.1775345 62.62391 2.839155 0.2483936 62.62391 2.83208 -0.319099 62.62391 2.823244 0.3896052 62.62391 2.812654 -0.4598698 62.62391 2.800314 0.5298479 62.62391 2.786235 -0.5994973 62.62391 2.770423 0.6687735 62.62391 2.752889 -0.7376344 62.62391 2.733644 0.8060364 62.62391 2.712698 -0.8739377 62.62391 2.690068 0.9412952 62.62391 2.665764 -1.008068 62.62391 2.639804 1.074214 62.62391 2.612202 -1.139692 62.62391 2.582977 1.204462 62.62391 2.552146 -1.268483 62.62391 2.519729 1.331715 62.62391 2.485745 -1.39412 62.62391 2.450216 1.455658 62.62391 2.413164 -1.516292 62.62391 2.374612 1.575982 62.62391 2.334583 -1.634693 62.62391 2.293104 1.692388 62.62391 2.250199 -1.74903 62.62391 2.205895 1.804585 62.62391 2.160219 -1.859019 62.62391 2.113202 1.912297 62.62391 2.06487 -1.964386 62.62391 2.015254 2.015254 62.62391 1.964386 -2.06487 62.62391 1.859019 -2.16022 62.62391 1.74903 -2.250199 62.62391 1.634693 -2.334583 62.62391 1.516291 -2.413164 62.62391 1.39412 -2.485745 62.62391 1.268483 -2.552146 62.62391 1.139692 -2.612203 62.62391 1.008068 -2.665764 62.62391 0.8739375 -2.712699 62.62391 0.7376341 -2.752889 62.62391 0.5994971 -2.786235 62.62391 0.4598694 -2.812654 62.62391 0.3190987 -2.83208 62.62391 0.1775343 -2.844465 62.62391 0.03552889 -2.849779 62.62391 0.1065651 2.848007 62.62391 0.248394 2.839155 62.62391 2.38419e-7 4.949748 62.62391 0.3896055 2.823244 62.62391 0.5298482 2.800314 62.62391 0.6687738 2.770423 62.62391 0.8060366 2.733643 62.62391 0.9412954 2.690068 62.62391 1.074214 2.639804 62.62391 1.204462 2.582977 62.62391 1.331716 2.519729 62.62391 1.455658 2.450216 62.62391 1.575982 2.374612 62.62391 1.692388 2.293104 62.62391 1.804586 2.205894 62.62391 1.912297 2.113201 62.62391 -0.03552889 2.849779 62.62391 -0.1065651 -2.848007 62.62391 -0.1775343 2.844465 62.62391 -0.248394 -2.839155 62.62391 -0.3190987 2.83208 62.62391 -0.3896055 -2.823244 62.62391 -0.4598694 2.812654 62.62391 -0.5298482 -2.800314 62.62391 -0.5994971 2.786235 62.62391 -0.6687738 -2.770423 62.62391 -0.7376341 2.752889 62.62391 -0.8060366 -2.733643 62.62391 -0.8739375 2.712699 62.62391 -0.9412954 -2.690068 62.62391 -1.008068 2.665764 62.62391 -1.074214 -2.639804 62.62391 -1.139692 2.612203 62.62391 -1.204462 -2.582977 62.62391 -1.268483 2.552146 62.62391 -1.331716 -2.519729 62.62391 -1.39412 2.485745 62.62391 -1.455658 -2.450216 62.62391 -1.516291 2.413164 62.62391 -1.575982 -2.374612 62.62391 -1.634693 2.334583 62.62391 -1.692388 -2.293104 62.62391 -1.804586 -2.205894 62.62391 -1.912297 -2.113201 62.62391 -2.015254 -2.015254 62.62391 -2.113202 -1.912297 62.62391 -2.205895 -1.804585 62.62391 -2.293104 -1.692388 62.62391 -2.374612 -1.575982 62.62391 -2.450216 -1.455658 62.62391 -2.519729 -1.331715 62.62391 -2.582977 -1.204462 62.62391 -2.639804 -1.074214 62.62391 -2.690068 -0.9412952 62.62391 -2.733644 -0.8060364 62.62391 -2.770423 -0.6687735 62.62391 -2.800314 -0.5298479 62.62391 -2.823244 -0.3896052 62.62391 -2.839155 -0.2483936 62.62391 -2.848007 -0.1065648 62.62391 -2.849779 0.03552913 62.62391 -2.844465 0.1775345 62.62391 -2.83208 0.319099 62.62391 -2.812654 0.4598698 62.62391 -2.786235 0.5994973 62.62391 -2.752889 0.7376344 62.62391 -2.712698 0.8739377 62.62391 -2.665764 1.008068 62.62391 -2.612202 1.139692 62.62391 -2.552146 1.268483 62.62391 -2.485745 1.39412 62.62391 -2.413164 1.516292 62.62391 -2.334583 1.634693 62.62391 -2.06487 1.964386 62.62391 -1.964386 2.06487 62.62391 -1.859019 2.16022 62.62391 -1.74903 2.250199 62.62391 -2.160219 1.859019 62.62391 -2.250199 1.74903 62.62391 -8.465278 2.136905 58.78199 -8.625659 -1.936559 59.0173 -8.803935 -1.69997 59.01844 -8.53823 -1.942741 59.40901 -9.090672 -1.174962 59.0202 -8.716027 -1.705702 59.41313 -8.420952 -1.922687 59.79445 -9.270352 -0.6002231 59.02125 -8.594904 -1.686224 59.80261 -9.316203 -0.3017225 59.02151 -8.274546 -1.877454 60.16905 -9.33157 4.76837e-7 59.0216 -8.44145 -1.64342 60.18154 -9.316203 0.3017235 59.02151 -9.236204 -0.3018675 59.4242 -9.189089 -0.60073 59.42324 -9.270352 0.600224 59.02125 -8.100177 -1.808279 60.52845 -9.252018 4.76837e-7 59.42451 -8.257151 -1.579017 60.54486 -9.236204 0.3018684 59.4242 -9.063384 -0.5898867 59.82266 -9.110472 -0.2961764 59.82455 -9.090672 1.174963 59.0202 -9.189089 0.6007309 59.42324 -7.899425 -1.716617 60.86855 -9.126294 4.76837e-7 59.82518 -8.51795 -1.074286 60.57012 -8.717394 -1.124603 60.20075 -8.044044 -1.494748 60.88792 -9.110472 0.2961774 59.82455 -8.894985 -0.569787 60.21228 -8.940875 -0.2857833 60.21517 -8.803935 1.699971 59.01844 -9.063384 0.5898876 59.82266 -8.956307 4.76837e-7 60.21613 -8.625659 1.936559 59.0173 -8.440859 2.148075 58.93981 -8.412035 2.154839 59.09714 -8.378825 2.157215 59.25373 -8.285185 -1.010582 60.91772 -8.940875 0.2857838 60.21517 -8.686564 -0.5419116 60.58528 -8.730225 -0.271482 60.58907 -8.894985 0.569788 60.21228 -7.426766 -1.472715 61.47661 -8.744917 4.76837e-7 60.59033 -8.538229 1.942742 59.40901 -8.716027 1.705703 59.41313 -8.341248 2.155228 59.40934 -8.29934 2.148908 59.56372 -8.441616 -0.5073984 60.9356 -8.730225 0.271483 60.58907 -8.482186 -0.2538729 60.94007 -8.880633 1.159727 59.81514 -8.594903 1.686224 59.80261 -9.005506 1.177477 59.41945 -8.686564 0.5419121 60.58528 -8.495842 0 60.94157 -8.420952 1.922688 59.79445 -8.253137 2.138293 59.71664 -8.202683 2.123426 59.86785 -8.148029 2.104361 60.01711 -8.482186 0.2538738 60.94007 -8.441449 1.64342 60.18154 -8.717394 1.124603 60.20075 -8.51795 1.074286 60.57012 -8.441616 0.5073993 60.9356 -6.874886 -1.161201 61.96934 -8.274546 1.877455 60.16905 -8.089233 2.081153 60.16419 -8.026359 2.053867 60.30887 -6.95723 -0.9965997 61.98628 -8.257151 1.579018 60.54486 -8.285185 1.010582 60.91772 -8.100177 1.80828 60.52845 -7.959476 2.022573 60.45092 -7.888664 1.987349 60.59011 -7.814003 1.948276 60.72624 -8.044045 1.494748 60.88792 -6.264274 -0.799355 62.33042 -7.899425 1.716617 60.86855 -7.735583 1.905444 60.85907 -7.653499 1.858947 60.98842 -6.315319 -0.6791654 62.33995 -7.191812 1.575202 61.5759 -7.541636 1.273955 61.49765 -7.090039 1.509016 61.68026 -5.615785 -0.4055514 62.5502 -7.426765 1.472716 61.47661 -7.290605 1.638406 61.46693 -7.386289 1.698502 61.35351 -5.639134 -0.3394005 62.55292 -6.399909 -0.4355517 62.35461 -7.215627 2.38419e-7 62.03321 -7.207794 -0.1595954 62.0319 -6.468593 -0.1039338 62.3656 -6.473341 2.38419e-7 62.36634 -5.676919 -0.2095279 62.55712 -6.468593 0.1039342 62.3656 -7.207794 0.1595959 62.0319 -6.655814 1.217144 62.04844 -6.95723 0.9966002 61.98628 -6.541184 1.138102 62.12745 -6.454477 0.2100429 62.36341 -7.184531 0.3209226 62.02799 -6.768159 1.293902 61.96408 -6.874886 1.161201 61.96934 -6.878075 1.368229 61.87451 -5.700758 -0.09778165 62.55963 -6.454477 -0.2100424 62.36341 -5.706862 -0.0479238 62.56026 -7.094947 0.6537073 62.01235 -6.399909 0.4355521 62.35461 -5.708911 2.38419e-7 62.56047 -5.706862 0.04792428 62.56026 -6.315319 0.6791658 62.33995 -6.424423 1.056929 62.20099 -6.062906 0.802177 62.38765 -5.939192 0.7140505 62.43824 -5.700758 0.09778213 62.55963 -6.264274 0.7993555 62.33042 -6.305684 0.973778 62.26894 -6.185125 0.8888071 62.33119 -5.676919 0.2095284 62.55712 -5.639134 0.339401 62.55292 -5.814147 0.6245935 62.48286 -5.432712 0.3499231 62.58032 -5.304037 0.2568357 62.6005 -5.615785 0.4055519 62.5502 -5.687939 0.5339735 62.52145 -5.560737 0.4423597 62.55395 -8.920853 -1.450319 59.21817 -9.005507 -1.177477 59.41945 -9.158576 -0.8952046 59.22117 -8.880633 -1.159726 59.81514 -8.815521 -1.442471 59.61397 -9.054133 -0.8879466 59.62141 -8.674066 -1.412736 60.00246 -8.907973 -0.8659263 60.01517 -9.158576 0.895205 59.22117 -8.722108 -0.8314347 60.39566 -8.920853 1.45032 59.21817 -9.054133 0.8879471 59.62141 -7.572179 -1.550774 61.31204 -7.522237 -1.524212 61.37052 -7.541636 -1.273954 61.49765 -8.907973 0.8659272 60.01517 -7.921763 -1.166852 61.22439 -7.733944 -0.8494773 61.53 -8.104191 -0.7012947 61.25019 -7.859158 -0.4221902 61.54942 -8.185685 -0.3502789 61.26108 -7.891685 -0.2106611 61.55427 -7.039217 -1.255972 61.84163 -8.21037 -0.1167044 61.26431 -7.902639 2.38419e-7 61.55589 -7.346924 -0.9491594 61.77479 -7.094947 -0.6537068 62.01235 -8.21037 0.1167054 61.26431 -7.891685 0.2106618 61.55427 -8.185685 0.3502798 61.26108 -7.859158 0.4221907 61.54942 -7.485346 -0.5628142 61.79894 -7.184531 -0.3209219 62.02799 -8.104191 0.7012951 61.25019 -7.733944 0.8494783 61.53 -7.547248 -0.2792938 61.80912 -7.566007 -0.09286737 61.81214 -6.701458 -0.6934369 62.19185 -7.921763 1.166853 61.22439 -7.566007 0.09286808 61.81214 -6.793898 -0.4040997 62.20837 -7.485345 0.562815 61.79894 -7.572278 1.550827 61.31193 -7.478743 1.755367 61.23583 -7.522344 1.52427 61.37039 -7.039361 1.256055 61.84151 -6.985414 1.43998 61.77985 -5.312471 -0.1004133 62.60726 -5.312471 0.1004137 62.60726 -5.174884 0.1632709 62.61447 -5.062373 0.08169293 62.62155 -7.759664 -1.50965 61.17294 -7.229926 -1.245046 61.73137 -7.759761 1.509697 61.17282 -7.567849 1.808887 61.11407 -8.300206 2.306398 3.015416 -8.29407 2.312533 2.623913 -4.107894 6.498708 20.10487 -4.196236 6.410366 20.34419 -4.394376 6.212226 20.76519 -8.306337 2.300266 3.846154 -8.29879 2.307812 4.764705 -4.636621 5.969981 21.15846 -4.846404 5.760199 21.39989 -8.27129 2.335313 6.427172 -5.103115 5.503488 21.57255 -5.285037 5.321565 21.61158 -8.212185 2.394418 8.182793 -8.178404 2.428199 8.993559 -5.643403 4.9632 21.51137 -5.729949 4.876654 21.45256 -8.140326 2.466277 9.635848 -8.019879 2.586724 11.37127 -6.018732 4.587871 21.09727 -6.157267 4.449336 20.91128 -7.839182 2.767421 13.42059 -7.83169 2.774912 13.49571 -6.2 4.406602 20.82742 -6.543959 4.062643 20.0145 -7.820373 2.78623 13.58864 -7.582266 3.024336 15.38892 -6.776068 3.830534 19.31106 -6.927084 3.679518 18.78751 -7.356779 3.249824 16.80865 -7.282699 3.323903 17.22561 -7.163251 3.443351 17.77646 -2.29856 8.308042 3.846189 -2.301545 8.305058 4.209808 -2.12132 8.485282 2.623913 -2.31224 8.294362 2.623913 -2.303498 8.303105 3.181111 -3.912 6.694602 19.57419 -2.12132 8.485282 58.62391 -2.303472 8.303131 4.444632 -3.763717 6.842885 19.0858 -2.335854 8.270749 6.409895 -2.421737 8.184864 8.974715 -3.438199 7.168403 17.77422 -3.369349 7.237253 17.44889 -2.42213 8.184473 8.983691 -2.422975 8.183628 8.997298 -3.108191 7.498411 15.96845 -3.037941 7.568661 15.55486 -2.587074 8.019528 11.38162 -2.697103 7.909499 12.64556 -3.021656 7.584946 15.44034 -2.787676 7.818926 13.536 8.552641 -2.051751 58.62391 8.586815 -2.014677 2.623913 8.61772 -1.980044 58.62391 8.682993 -1.90318 2.623913 8.705718 -1.875148 58.62391 8.773584 -1.787098 2.623913 8.788838 -1.766346 58.62391 8.85837 -1.666711 2.623913 8.866907 -1.653865 58.62391 8.937148 -1.542309 2.623913 8.939762 -1.537939 58.62391 9.007251 -1.41881 58.62391 9.009725 -1.414191 2.623913 9.069235 -1.296724 58.62391 9.07593 -1.282665 2.623913 9.125585 -1.171939 58.62391 9.1356 -1.148051 2.623913 9.176181 -1.044712 58.62391 9.188593 -1.01067 2.623913 9.22092 -0.9153085 58.62391 9.234783 -0.8708544 2.623913 9.259708 -0.7839995 58.62391 9.274056 -0.728941 2.623913 9.292464 -0.6510563 58.62391 9.306317 -0.5852709 2.623913 9.319121 -0.5167575 58.62391 9.331492 -0.4401918 2.623913 9.339621 -0.381382 58.62391 9.349515 -0.2940517 2.623913 9.353922 -0.2452125 58.62391 9.360348 -0.1472034 2.623913 9.361998 -0.1085319 58.62391 9.363961 -4.76837e-7 2.623913 9.363827 0.02837419 58.62391 9.360348 0.1472024 2.623913 9.359408 0.1652216 58.62391 9.349516 0.2940512 2.623913 9.348751 0.3017244 58.62391 9.331492 0.4401908 2.623913 9.331875 0.4375992 58.62391 9.308817 0.5725627 58.62391 9.306318 0.5852704 2.623913 9.279625 0.7063332 58.62391 9.274056 0.7289405 2.623913 9.24436 0.8386326 58.62391 9.234783 0.8708534 2.623913 9.203096 0.9691854 58.62391 9.188593 1.010669 2.623913 9.155917 1.097719 58.62391 9.135601 1.14805 2.623913 9.102923 1.223966 58.62391 9.07593 1.282665 2.623913 9.044223 1.347663 58.62391 9.009726 1.41419 2.623913 8.979942 1.468554 58.62391 8.937148 1.542308 2.623913 8.91021 1.586385 58.62391 8.85837 1.66671 2.623913 8.835175 1.700913 58.62391 8.773585 1.787098 2.623913 8.754992 1.811897 58.62391 8.682993 1.903179 2.623913 8.66983 1.919107 58.62391 8.586815 2.014677 2.623913 8.579864 2.02232 58.62391 8.485282 2.12132 2.623913 8.485282 2.12132 58.62391 2.121321 8.485281 58.62391 2.121321 8.485281 2.623913 2.051751 8.552641 58.62391 2.014677 8.586815 2.623913 1.980044 8.61772 58.62391 1.90318 8.682993 2.623913 1.875148 8.705718 58.62391 1.787098 8.773584 2.623913 1.766346 8.788838 58.62391 1.666711 8.85837 2.623913 1.653865 8.866907 58.62391 1.542309 8.937148 2.623913 1.537939 8.939762 58.62391 1.41881 9.007251 58.62391 1.414191 9.009725 2.623913 1.296724 9.069235 58.62391 1.282665 9.07593 2.623913 1.171939 9.125585 58.62391 1.148051 9.1356 2.623913 1.044712 9.176181 58.62391 1.01067 9.188593 2.623913 0.9153085 9.22092 58.62391 0.8708544 9.234783 2.623913 0.7839995 9.259708 58.62391 0.728941 9.274056 2.623913 0.6510563 9.292464 58.62391 0.5852709 9.306317 2.623913 0.5167575 9.319121 58.62391 0.4401918 9.331492 2.623913 0.381382 9.339621 58.62391 0.2940517 9.349515 2.623913 0.2452125 9.353922 58.62391 0.1472034 9.360348 2.623913 0.1085319 9.361998 58.62391 4.76837e-7 9.363961 2.623913 -0.02837419 9.363827 58.62391 -0.1472024 9.360348 2.623913 -0.1652216 9.359408 58.62391 -0.2940512 9.349516 2.623913 -0.3017244 9.348751 58.62391 -0.4401908 9.331492 2.623913 -0.4375992 9.331875 58.62391 -0.5725627 9.308817 58.62391 -0.5852704 9.306318 2.623913 -0.7063332 9.279625 58.62391 -0.7289405 9.274056 2.623913 -0.8386326 9.24436 58.62391 -0.8708534 9.234783 2.623913 -0.9691854 9.203096 58.62391 -1.010669 9.188593 2.623913 -1.097719 9.155917 58.62391 -1.14805 9.135601 2.623913 -1.223966 9.102923 58.62391 -1.282665 9.07593 2.623913 -1.347663 9.044223 58.62391 -1.41419 9.009726 2.623913 -1.468554 8.979942 58.62391 -1.542308 8.937148 2.623913 -1.586385 8.91021 58.62391 -1.66671 8.85837 2.623913 -1.700913 8.835175 58.62391 -1.787098 8.773585 2.623913 -1.811897 8.754992 58.62391 -1.903179 8.682993 2.623913 -1.919107 8.66983 58.62391 -2.014677 8.586815 2.623913 -2.02232 8.579864 58.62391 2.474874 8.131729 58.32391 2.474874 8.131729 55.32391 8.131729 2.474874 58.32391 8.131729 2.474874 55.32391 2.30781 8.298792 4.764714 2.303334 8.303269 4.219828 4.120232 6.486371 20.15061 4.062641 6.543961 20.0145 2.335311 8.271292 6.427172 3.830533 6.776069 19.31107 3.679516 6.927086 18.78751 2.394416 8.212187 8.182782 2.428196 8.178406 8.993559 3.443348 7.163254 17.77645 3.323901 7.282701 17.22561 2.466276 8.140327 9.635857 2.586723 8.019881 11.37127 3.249822 7.35678 16.80866 3.024334 7.582268 15.38892 2.767419 7.839183 13.42059 2.77491 7.831692 13.49571 2.786227 7.820375 13.58863 2.306396 8.300207 3.015408 2.312531 8.294072 2.623913 2.300264 8.306339 3.846154 4.406601 6.200001 20.82743 8.29436 2.312242 2.623913 8.303103 2.303499 3.181122 8.30804 2.298562 3.846189 4.449334 6.157269 20.91128 4.587868 6.018734 21.09727 8.303129 2.303474 4.444622 4.876652 5.72995 21.45256 4.963198 5.643404 21.51137 8.270747 2.335856 6.409895 8.184864 2.421739 8.974705 5.321564 5.285038 21.61158 5.503486 5.103116 21.57255 8.184471 2.422132 8.983691 8.183625 2.422978 8.997311 5.760197 4.846405 21.39989 5.969979 4.636623 21.15846 8.019526 2.587076 11.38162 7.909497 2.697105 12.64556 6.212225 4.394377 20.76519 6.410364 4.196238 20.34419 7.818924 2.787678 13.536 7.584945 3.021658 15.44034 6.694601 3.912002 19.57419 6.842883 3.763719 19.0858 7.568659 3.037943 15.55486 7.498408 3.108194 15.96845 7.168402 3.4382 17.77422 7.237251 3.36935 17.44889 2.899138 2.899138 55.32391 2.751024 3.040044 2.623913 2.899138 2.899138 2.623913 2.750677 3.040358 55.32391 2.596071 3.173392 2.623913 2.899138 2.899138 60.22391 2.751024 3.040044 60.22391 2.899138 2.899138 58.32391 2.750677 3.040358 58.32391 2.595345 3.173985 55.32391 2.434663 3.298851 2.623913 2.596071 3.173392 60.22391 2.595345 3.173985 58.32391 2.433532 3.299685 55.32391 2.267202 3.416108 2.623913 2.434663 3.298851 60.22391 2.433532 3.299685 58.32391 2.265641 3.417144 55.32391 2.094105 3.524872 2.623913 2.267202 3.416108 60.22391 2.265641 3.417144 58.32391 2.092091 3.526068 55.32391 1.915802 3.624873 2.623913 2.094105 3.524872 60.22391 1.913316 3.626186 55.32391 1.732735 3.715862 2.623913 1.915802 3.624873 60.22391 2.092091 3.526068 58.32391 1.729762 3.717247 55.32391 1.545361 3.797613 2.623913 1.732735 3.715862 60.22391 1.913316 3.626186 58.32391 1.541889 3.799024 55.32391 1.354144 3.869922 2.623913 1.545361 3.797613 60.22391 1.729762 3.717247 58.32391 1.350164 3.871312 55.32391 1.159561 3.93261 2.623913 1.354144 3.869922 60.22391 1.541889 3.799024 58.32391 1.155067 3.933932 55.32391 0.9620955 3.98552 2.623913 1.159561 3.93261 60.22391 1.350164 3.871312 58.32391 0.9570856 3.986727 55.32391 0.7622378 4.028522 2.623913 0.9620955 3.98552 60.22391 1.155067 3.933932 58.32391 0.7567134 4.029564 55.32391 0.5604851 4.061509 2.623913 0.7622378 4.028522 60.22391 0.9570856 3.986727 58.32391 0.5544515 4.062337 55.32391 0.3573388 4.084398 2.623913 0.5604851 4.061509 60.22391 0.7567134 4.029564 58.32391 0.3508045 4.084965 55.32391 0.1533042 4.097133 2.623913 0.3573388 4.084398 60.22391 0.5544515 4.062337 58.32391 0.1462818 4.09739 55.32391 -0.05111169 4.099682 2.623913 0.1533042 4.097133 60.22391 0.3508045 4.084965 58.32391 -0.05860662 4.099581 55.32391 -0.2554004 4.092037 2.623913 -0.05111169 4.099682 60.22391 0.1462818 4.09739 58.32391 -0.2633485 4.091534 55.32391 -0.4590544 4.07422 2.623913 -0.2554004 4.092037 60.22391 -0.05860662 4.099581 58.32391 -0.4674326 4.073267 55.32391 -0.6615667 4.046274 2.623913 -0.4590544 4.07422 60.22391 -0.2633485 4.091534 58.32391 -0.6703492 4.044828 55.32391 -0.8624345 4.008267 2.623913 -0.6615667 4.046274 60.22391 -0.4674326 4.073267 58.32391 -0.8715917 4.006286 55.32391 -1.061158 3.960296 2.623913 -0.8624345 4.008267 60.22391 -0.6703492 4.044828 58.32391 -1.070657 3.957738 55.32391 -1.257243 3.902479 2.623913 -1.061158 3.960296 60.22391 -0.8715917 4.006286 58.32391 -1.267049 3.899306 55.32391 -1.450203 3.834959 2.623913 -1.257243 3.902479 60.22391 -1.070657 3.957738 58.32391 -1.460276 3.831135 55.32391 -1.639557 3.757905 2.623913 -1.450203 3.834959 60.22391 -1.267049 3.899306 58.32391 -1.649856 3.753395 55.32391 -1.824835 3.671509 2.623913 -1.639557 3.757905 60.22391 -1.460276 3.831135 58.32391 -1.835315 3.666281 55.32391 -2.005576 3.575984 2.623913 -1.824835 3.671509 60.22391 -1.649856 3.753395 58.32391 -2.016191 3.57001 55.32391 -2.181331 3.47157 2.623913 -2.005576 3.575984 60.22391 -1.835315 3.666281 58.32391 -2.192031 3.464823 55.32391 -2.351663 3.358523 2.623913 -2.181331 3.47157 60.22391 -2.016191 3.57001 58.32391 -2.351663 3.358523 60.22391 -2.192031 3.464823 58.32391 -2.516148 3.237128 60.22391 -2.516148 3.237128 2.623913 -2.674378 3.107684 60.22391 -2.674378 3.107684 2.623913 -2.825959 2.970515 60.22391 -2.825959 2.970515 2.623913 -2.970514 2.825959 60.22391 -2.970514 2.825959 2.623913 -3.107684 2.674379 60.22391 -3.107684 2.674379 2.623913 -3.237128 2.516149 60.22391 -3.237128 2.516149 2.623913 -3.358523 2.351664 2.623913 -3.358523 2.351664 60.22391 -3.471569 2.181332 2.623913 -3.471569 2.181332 60.22391 -3.575984 2.005577 2.623913 -3.575984 2.005577 60.22391 -3.671509 1.824835 2.623913 -3.671509 1.824835 60.22391 -3.757905 1.639557 2.623913 -3.757905 1.639557 60.22391 -3.834959 1.450203 2.623913 -3.834959 1.450203 60.22391 -3.902479 1.257244 2.623913 -3.902479 1.257244 60.22391 -3.960296 1.061158 2.623913 -3.960296 1.061158 60.22391 -4.008267 0.8624349 2.623913 -4.008267 0.8624349 60.22391 -4.046274 0.6615671 2.623913 -4.046274 0.6615671 60.22391 -4.07422 0.4590545 2.623913 -4.07422 0.4590545 60.22391 -4.092037 0.2554009 2.623913 -4.092037 0.2554009 60.22391 -4.099681 0.05111193 2.623913 -4.099681 0.05111193 60.22391 -4.097133 -0.1533037 2.623913 -4.097133 -0.1533037 60.22391 -4.084398 -0.3573384 2.623913 -4.084398 -0.3573384 60.22391 -4.061509 -0.5604847 2.623913 -4.061509 -0.5604847 60.22391 -4.028522 -0.7622374 2.623913 -4.028522 -0.7622374 60.22391 -3.985521 -0.9620952 2.623913 -3.985521 -0.9620952 60.22391 -3.93261 -1.159561 2.623913 -3.93261 -1.159561 60.22391 -3.869922 -1.354144 2.623913 -3.869922 -1.354144 60.22391 -3.797613 -1.545361 2.623913 -3.797613 -1.545361 60.22391 -3.715862 -1.732735 2.623913 -3.715862 -1.732735 60.22391 -3.624873 -1.915801 2.623913 -3.624873 -1.915801 60.22391 -3.524872 -2.094105 2.623913 -3.524872 -2.094105 60.22391 -3.416108 -2.267202 2.623913 -3.416108 -2.267202 60.22391 -3.298851 -2.434663 2.623913 -3.298851 -2.434663 60.22391 -3.173392 -2.59607 2.623913 -3.173392 -2.59607 60.22391 -3.040044 -2.751024 2.623913 -3.040044 -2.751024 60.22391 -2.899138 -2.899138 2.623913 -2.751024 -3.040044 2.623913 -2.899138 -2.899138 60.22391 -2.596071 -3.173392 2.623913 -2.751024 -3.040044 60.22391 -2.434663 -3.298851 2.623913 -2.596071 -3.173392 60.22391 -2.267202 -3.416108 2.623913 -2.434663 -3.298851 60.22391 -2.094105 -3.524872 2.623913 -2.267202 -3.416108 60.22391 -1.915802 -3.624873 2.623913 -2.094105 -3.524872 60.22391 -1.732735 -3.715862 2.623913 -1.915802 -3.624873 60.22391 -1.545361 -3.797613 2.623913 -1.732735 -3.715862 60.22391 -1.354144 -3.869922 2.623913 -1.545361 -3.797613 60.22391 -1.159561 -3.93261 2.623913 -1.354144 -3.869922 60.22391 -0.9620955 -3.98552 2.623913 -1.159561 -3.93261 60.22391 -0.7622378 -4.028522 2.623913 -0.9620955 -3.98552 60.22391 -0.5604851 -4.061509 2.623913 -0.7622378 -4.028522 60.22391 -0.3573388 -4.084398 2.623913 -0.5604851 -4.061509 60.22391 -0.1533042 -4.097133 2.623913 -0.3573388 -4.084398 60.22391 0.05111169 -4.099682 2.623913 -0.1533042 -4.097133 60.22391 0.2554004 -4.092037 2.623913 0.05111169 -4.099682 60.22391 0.4590544 -4.07422 2.623913 0.2554004 -4.092037 60.22391 0.6615667 -4.046274 2.623913 0.4590544 -4.07422 60.22391 0.8624345 -4.008267 2.623913 0.6615667 -4.046274 60.22391 1.061158 -3.960296 2.623913 0.8624345 -4.008267 60.22391 1.257243 -3.902479 2.623913 1.061158 -3.960296 60.22391 1.450203 -3.834959 2.623913 1.257243 -3.902479 60.22391 1.639557 -3.757905 2.623913 1.450203 -3.834959 60.22391 1.824835 -3.671509 2.623913 1.639557 -3.757905 60.22391 2.005576 -3.575984 2.623913 1.824835 -3.671509 60.22391 2.181331 -3.47157 2.623913 2.005576 -3.575984 60.22391 2.351663 -3.358523 2.623913 2.181331 -3.47157 60.22391 2.351663 -3.358523 60.22391 2.516148 -3.237128 2.623913 2.516148 -3.237128 60.22391 2.674378 -3.107684 60.22391 2.674378 -3.107684 2.623913 2.825959 -2.970515 2.623913 2.825959 -2.970515 60.22391 2.970514 -2.825959 2.623913 2.970514 -2.825959 60.22391 3.107684 -2.674379 60.22391 3.107684 -2.674379 2.623913 3.237128 -2.516149 2.623913 3.237128 -2.516149 60.22391 3.358523 -2.351664 60.22391 3.358523 -2.351664 2.623913 3.464823 -2.192031 55.32391 3.471569 -2.181332 2.623913 3.464823 -2.192031 58.32391 3.471569 -2.181332 60.22391 3.57001 -2.016191 55.32391 3.575984 -2.005577 2.623913 3.575984 -2.005577 60.22391 3.57001 -2.016191 58.32391 3.666281 -1.835316 55.32391 3.671509 -1.824835 2.623913 3.671509 -1.824835 60.22391 3.666281 -1.835316 58.32391 3.753395 -1.649856 55.32391 3.757905 -1.639557 2.623913 3.757905 -1.639557 60.22391 3.753395 -1.649856 58.32391 3.831135 -1.460277 55.32391 3.834959 -1.450203 2.623913 3.834959 -1.450203 60.22391 3.831135 -1.460277 58.32391 3.899306 -1.267049 55.32391 3.902479 -1.257244 2.623913 3.902479 -1.257244 60.22391 3.899306 -1.267049 58.32391 3.957738 -1.070658 55.32391 3.960296 -1.061158 2.623913 3.960296 -1.061158 60.22391 3.957738 -1.070658 58.32391 4.006286 -0.8715921 55.32391 4.008267 -0.8624349 2.623913 4.008267 -0.8624349 60.22391 4.006286 -0.8715921 58.32391 4.044828 -0.6703496 55.32391 4.046274 -0.6615671 2.623913 4.046274 -0.6615671 60.22391 4.044828 -0.6703496 58.32391 4.073267 -0.467433 55.32391 4.07422 -0.4590545 2.623913 4.07422 -0.4590545 60.22391 4.073267 -0.467433 58.32391 4.091534 -0.2633486 55.32391 4.092037 -0.2554009 2.623913 4.092037 -0.2554009 60.22391 4.091534 -0.2633486 58.32391 4.099581 -0.0586071 55.32391 4.099681 -0.05111193 2.623913 4.099681 -0.05111193 60.22391 4.099581 -0.0586071 58.32391 4.09739 0.1462813 55.32391 4.097133 0.1533037 2.623913 4.097133 0.1533037 60.22391 4.09739 0.1462813 58.32391 4.084965 0.3508043 55.32391 4.084398 0.3573384 2.623913 4.084398 0.3573384 60.22391 4.084965 0.3508043 58.32391 4.062337 0.5544511 55.32391 4.061509 0.5604847 2.623913 4.061509 0.5604847 60.22391 4.062337 0.5544511 58.32391 4.029564 0.756713 55.32391 4.028522 0.7622374 2.623913 4.028522 0.7622374 60.22391 4.029564 0.756713 58.32391 3.986727 0.9570853 55.32391 3.985521 0.9620952 2.623913 3.985521 0.9620952 60.22391 3.986727 0.9570853 58.32391 3.933932 1.155067 55.32391 3.93261 1.159561 2.623913 3.93261 1.159561 60.22391 3.933932 1.155067 58.32391 3.871312 1.350164 55.32391 3.869922 1.354144 2.623913 3.869922 1.354144 60.22391 3.871312 1.350164 58.32391 3.799024 1.541888 55.32391 3.797613 1.545361 2.623913 3.797613 1.545361 60.22391 3.799024 1.541888 58.32391 3.717247 1.729762 55.32391 3.715862 1.732735 2.623913 3.715862 1.732735 60.22391 3.717247 1.729762 58.32391 3.626186 1.913316 55.32391 3.624873 1.915801 2.623913 3.624873 1.915801 60.22391 3.626186 1.913316 58.32391 3.526068 2.092091 55.32391 3.524872 2.094105 2.623913 3.524872 2.094105 60.22391 3.526068 2.092091 58.32391 3.417144 2.26564 55.32391 3.416108 2.267202 2.623913 3.416108 2.267202 60.22391 3.417144 2.26564 58.32391 3.299685 2.433532 55.32391 3.298851 2.434663 2.623913 3.299685 2.433532 58.32391 3.298851 2.434663 60.22391 3.173985 2.595345 55.32391 3.173392 2.59607 2.623913 3.173985 2.595345 58.32391 3.173392 2.59607 60.22391 3.040359 2.750676 55.32391 3.040044 2.751024 2.623913 3.040359 2.750676 58.32391 3.040044 2.751024 60.22391 8.465278 -2.136905 58.78199 8.440859 -2.148075 58.93981 8.412035 -2.154839 59.09714 8.378825 -2.157215 59.25373 8.341248 -2.155228 59.40934 8.29934 -2.148908 59.56372 8.253137 -2.138293 59.71664 8.202683 -2.123426 59.86785 8.148029 -2.104361 60.01711 8.089233 -2.081153 60.16419 8.026359 -2.053867 60.30887 7.959476 -2.022573 60.45092 7.888664 -1.987349 60.59011 7.814003 -1.948276 60.72624 7.735583 -1.905444 60.85907 7.653499 -1.858947 60.98842 7.567849 -1.808887 61.11407 7.478743 -1.755367 61.23583 7.386289 -1.698502 61.35351 7.290605 -1.638406 61.46693 7.191812 -1.575202 61.5759 7.090039 -1.509016 61.68026 6.985414 -1.43998 61.77985 6.878075 -1.368229 61.87451 6.768159 -1.293902 61.96408 6.655814 -1.217144 62.04844 6.541184 -1.138102 62.12745 6.424423 -1.056929 62.20099 6.305684 -0.973778 62.26894 6.185125 -0.8888071 62.33119 6.062906 -0.802177 62.38765 5.939192 -0.7140505 62.43824 5.814147 -0.6245935 62.48286 5.687939 -0.5339735 62.52145 5.560737 -0.4423597 62.55395 5.432712 -0.3499231 62.58032 5.304037 -0.2568357 62.6005 5.174884 -0.1632709 62.61447 5.062373 -0.08169293 62.62155 -2.136907 8.465276 58.782 -2.148077 8.440855 58.93984 -2.154842 8.412028 59.09719 -2.157217 8.37881 59.2538 -2.155229 8.341229 59.40943 -2.148905 8.299313 59.56383 -2.138284 8.253101 59.71676 -2.123412 8.202636 59.86798 -2.104339 8.147971 60.01726 -2.081124 8.089163 60.16436 -2.053828 8.026276 60.30906 -2.022525 7.95938 60.45112 -1.98729 7.888553 60.59033 -1.948206 7.813876 60.72646 -1.905363 7.735441 60.85931 -1.858855 7.653339 60.98866 -1.808782 7.567675 61.11431 -1.75525 7.478551 61.23609 -1.698371 7.386081 61.35377 -1.638262 7.29038 61.46718 -1.575044 7.191569 61.57616 -1.508845 7.089777 61.68052 -1.439793 6.985133 61.78011 -1.368026 6.877774 61.87476 -1.293684 6.767839 61.96434 -1.21691 6.655474 62.04869 -1.137852 6.540823 62.12769 -1.056662 6.424041 62.20122 -0.9734943 6.305281 62.26916 -0.8885067 6.184701 62.3314 -0.8018601 6.062462 62.38785 -0.7137175 5.938727 62.43841 -0.6242445 5.813662 62.48302 -0.5336089 5.687434 62.52159 -0.4419811 5.560214 62.55408 -0.3495309 5.432172 62.58042 -0.2564314 5.30348 62.60058 -0.1628553 5.174312 62.61452 -0.08148479 5.062087 62.62156 2.136905 8.465278 58.78199 2.148075 8.440859 58.93981 8.465276 2.136907 58.782 2.154839 8.412035 59.09714 8.440855 2.148077 58.93984 2.157215 8.378825 59.25373 8.412028 2.154842 59.09719 8.37881 2.157217 59.2538 2.155228 8.341248 59.40934 8.341229 2.155229 59.40943 2.148908 8.29934 59.56372 2.138293 8.253137 59.71664 8.299313 2.148905 59.56383 2.123426 8.202683 59.86785 8.253101 2.138284 59.71676 2.104361 8.148029 60.01711 8.202636 2.123412 59.86798 2.081153 8.089233 60.16419 8.147971 2.104339 60.01726 2.053867 8.026359 60.30887 8.089163 2.081124 60.16436 2.022573 7.959476 60.45092 8.026276 2.053828 60.30906 1.987349 7.888664 60.59011 7.95938 2.022525 60.45112 1.948276 7.814003 60.72624 7.888553 1.98729 60.59033 1.905444 7.735583 60.85907 7.813876 1.948206 60.72646 1.858947 7.653499 60.98842 7.735441 1.905363 60.85931 1.808887 7.567849 61.11407 7.653339 1.858855 60.98866 1.755367 7.478743 61.23583 7.567675 1.808782 61.11431 1.698502 7.386289 61.35351 7.478551 1.75525 61.23609 1.638406 7.290605 61.46693 7.386081 1.698371 61.35377 1.575202 7.191812 61.5759 7.29038 1.638262 61.46718 1.509016 7.090039 61.68026 7.191569 1.575044 61.57616 1.43998 6.985414 61.77985 7.089777 1.508845 61.68052 1.368229 6.878075 61.87451 6.985133 1.439793 61.78011 1.293902 6.768159 61.96408 6.877774 1.368026 61.87476 1.217144 6.655814 62.04844 6.767839 1.293684 61.96434 1.138102 6.541184 62.12745 6.655474 1.21691 62.04869 1.056929 6.424423 62.20099 6.540823 1.137852 62.12769 0.973778 6.305684 62.26894 6.424041 1.056662 62.20122 6.305281 0.9734943 62.26916 0.8888071 6.185125 62.33119 6.184701 0.8885067 62.3314 0.802177 6.062906 62.38765 6.062462 0.8018601 62.38785 0.7140505 5.939192 62.43824 5.938727 0.7137175 62.43841 0.6245935 5.814147 62.48286 5.813662 0.6242445 62.48302 0.5339735 5.687939 62.52145 5.687434 0.5336089 62.52159 0.4423597 5.560737 62.55395 5.560214 0.4419811 62.55408 0.3499231 5.432712 62.58032 5.432172 0.3495309 62.58042 0.2568357 5.304037 62.6005 5.30348 0.2564314 62.60058 0.1632709 5.174884 62.61447 0.08169293 5.062373 62.62155 5.174312 0.1628553 62.61452 5.062087 0.08148479 62.62156 1.912297 2.113201 60.22391 2.015254 2.015254 60.22391 1.804586 2.205894 60.22391 1.692388 2.293104 60.22391 1.575982 2.374612 60.22391 1.455658 2.450216 60.22391 1.331716 2.519729 60.22391 1.204462 2.582977 60.22391 1.074214 2.639804 60.22391 0.9412954 2.690068 60.22391 0.8060366 2.733643 60.22391 0.6687738 2.770423 60.22391 0.5298482 2.800314 60.22391 0.3896055 2.823244 60.22391 0.248394 2.839155 60.22391 0.1065651 2.848007 60.22391 -0.03552889 2.849779 60.22391 -0.1775343 2.844465 60.22391 -0.3190987 2.83208 60.22391 -0.4598694 2.812654 60.22391 -0.5994971 2.786235 60.22391 -0.7376341 2.752889 60.22391 -0.8739375 2.712699 60.22391 -1.008068 2.665764 60.22391 -1.139692 2.612203 60.22391 -1.268483 2.552146 60.22391 -1.39412 2.485745 60.22391 -1.516291 2.413164 60.22391 -1.634693 2.334583 60.22391 -1.74903 2.250199 60.22391 -1.859019 2.16022 60.22391 -1.964386 2.06487 60.22391 -2.06487 1.964386 60.22391 -2.160219 1.859019 60.22391 -2.250199 1.74903 60.22391 -2.334583 1.634693 60.22391 -2.413164 1.516292 60.22391 -2.485745 1.39412 60.22391 -2.552146 1.268483 60.22391 -2.612202 1.139692 60.22391 -2.665764 1.008068 60.22391 -2.712698 0.8739377 60.22391 -2.752889 0.7376344 60.22391 -2.786235 0.5994973 60.22391 -2.812654 0.4598698 60.22391 -2.83208 0.319099 60.22391 -2.844465 0.1775345 60.22391 -2.849779 0.03552913 60.22391 -2.848007 -0.1065648 60.22391 -2.839155 -0.2483936 60.22391 -2.823244 -0.3896052 60.22391 -2.800314 -0.5298479 60.22391 -2.770423 -0.6687735 60.22391 -2.733644 -0.8060364 60.22391 -2.690068 -0.9412952 60.22391 -2.639804 -1.074214 60.22391 -2.582977 -1.204462 60.22391 -2.519729 -1.331715 60.22391 -2.450216 -1.455658 60.22391 -2.374612 -1.575982 60.22391 -2.293104 -1.692388 60.22391 -2.205895 -1.804585 60.22391 -2.113202 -1.912297 60.22391 -2.015254 -2.015254 60.22391 -1.912297 -2.113201 60.22391 -1.804586 -2.205894 60.22391 -1.692388 -2.293104 60.22391 -1.575982 -2.374612 60.22391 -1.455658 -2.450216 60.22391 -1.331716 -2.519729 60.22391 -1.204462 -2.582977 60.22391 -1.074214 -2.639804 60.22391 -0.9412954 -2.690068 60.22391 -0.8060366 -2.733643 60.22391 -0.6687738 -2.770423 60.22391 -0.5298482 -2.800314 60.22391 -0.3896055 -2.823244 60.22391 -0.248394 -2.839155 60.22391 -0.1065651 -2.848007 60.22391 0.03552889 -2.849779 60.22391 0.1775343 -2.844465 60.22391 0.3190987 -2.83208 60.22391 0.4598694 -2.812654 60.22391 0.5994971 -2.786235 60.22391 0.7376341 -2.752889 60.22391 0.8739375 -2.712699 60.22391 1.008068 -2.665764 60.22391 1.139692 -2.612203 60.22391 1.268483 -2.552146 60.22391 1.39412 -2.485745 60.22391 1.516291 -2.413164 60.22391 1.634693 -2.334583 60.22391 1.74903 -2.250199 60.22391 1.859019 -2.16022 60.22391 1.964386 -2.06487 60.22391 2.06487 -1.964386 60.22391 2.160219 -1.859019 60.22391 2.250199 -1.74903 60.22391 2.334583 -1.634693 60.22391 2.413164 -1.516292 60.22391 2.485745 -1.39412 60.22391 2.552146 -1.268483 60.22391 2.612202 -1.139692 60.22391 2.665764 -1.008068 60.22391 2.712698 -0.8739377 60.22391 2.752889 -0.7376344 60.22391 2.786235 -0.5994973 60.22391 2.812654 -0.4598698 60.22391 2.83208 -0.319099 60.22391 2.844465 -0.1775345 60.22391 2.849779 -0.03552913 60.22391 2.848007 0.1065648 60.22391 2.839155 0.2483936 60.22391 2.823244 0.3896052 60.22391 2.800314 0.5298479 60.22391 2.770423 0.6687735 60.22391 2.733644 0.8060364 60.22391 2.690068 0.9412952 60.22391 2.639804 1.074214 60.22391 2.582977 1.204462 60.22391 2.519729 1.331715 60.22391 2.450216 1.455658 60.22391 2.374612 1.575982 60.22391 2.293104 1.692388 60.22391 2.205895 1.804585 60.22391 2.113202 1.912297 60.22391 8.625659 1.936559 59.0173 8.803935 1.69997 59.01844 8.53823 1.942741 59.40901 9.090672 1.174962 59.0202 8.716027 1.705702 59.41313 8.420952 1.922687 59.79445 9.270352 0.6002231 59.02125 8.594904 1.686224 59.80261 9.316203 0.3017225 59.02151 8.274546 1.877454 60.16905 9.33157 -4.76837e-7 59.0216 8.44145 1.64342 60.18154 9.316203 -0.3017235 59.02151 9.236204 0.3018675 59.4242 9.189089 0.60073 59.42324 9.270352 -0.600224 59.02125 8.100177 1.808279 60.52845 9.252018 -4.76837e-7 59.42451 8.257151 1.579017 60.54486 8.717394 1.124603 60.20075 9.236204 -0.3018684 59.4242 9.110472 0.2961764 59.82455 9.063384 0.5898867 59.82266 9.090672 -1.174963 59.0202 9.189089 -0.6007309 59.42324 7.899425 1.716617 60.86855 9.126294 -4.76837e-7 59.82518 8.51795 1.074286 60.57012 8.044044 1.494748 60.88792 9.110472 -0.2961774 59.82455 8.940875 0.2857833 60.21517 8.894985 0.569787 60.21228 8.803935 -1.699971 59.01844 9.063384 -0.5898876 59.82266 8.956307 -4.76837e-7 60.21613 8.625659 -1.936559 59.0173 8.285185 1.010582 60.91772 8.940875 -0.2857838 60.21517 8.730225 0.271482 60.58907 8.686564 0.5419116 60.58528 8.894985 -0.569788 60.21228 7.426766 1.472715 61.47661 8.744917 -4.76837e-7 60.59033 8.716027 -1.705703 59.41313 8.538229 -1.942742 59.40901 8.441616 0.5073984 60.9356 8.730225 -0.271483 60.58907 8.482186 0.2538729 60.94007 8.594903 -1.686224 59.80261 9.005506 -1.177477 59.41945 8.880633 -1.159727 59.81514 8.686564 -0.5419121 60.58528 8.495842 0 60.94157 8.420952 -1.922688 59.79445 8.482186 -0.2538738 60.94007 8.441449 -1.64342 60.18154 8.717394 -1.124603 60.20075 8.51795 -1.074286 60.57012 8.441616 -0.5073993 60.9356 6.874886 1.161201 61.96934 8.274546 -1.877455 60.16905 6.95723 0.9965997 61.98628 8.257151 -1.579018 60.54486 8.285185 -1.010582 60.91772 8.100177 -1.80828 60.52845 8.044045 -1.494748 60.88792 6.264274 0.799355 62.33042 7.899425 -1.716617 60.86855 6.315319 0.6791654 62.33995 7.541636 -1.273955 61.49765 5.615785 0.4055514 62.5502 7.426765 -1.472716 61.47661 5.639134 0.3394005 62.55292 6.468593 0.1039338 62.3656 7.207794 0.1595954 62.0319 7.184531 0.3209219 62.02799 6.454477 0.2100424 62.36341 6.473341 -2.38419e-7 62.36634 7.207794 -0.1595959 62.0319 7.215627 -2.38419e-7 62.03321 5.676919 0.2095279 62.55712 6.399909 0.4355517 62.35461 6.468593 -0.1039342 62.3656 6.95723 -0.9966002 61.98628 6.454477 -0.2100429 62.36341 7.184531 -0.3209226 62.02799 6.874886 -1.161201 61.96934 5.700758 0.09778165 62.55963 5.706862 0.0479238 62.56026 6.399909 -0.4355521 62.35461 7.094947 -0.6537073 62.01235 5.708911 -2.38419e-7 62.56047 5.706862 -0.04792428 62.56026 6.315319 -0.6791658 62.33995 5.700758 -0.09778213 62.55963 6.264274 -0.7993555 62.33042 5.676919 -0.2095284 62.55712 5.639134 -0.339401 62.55292 5.615785 -0.4055519 62.5502 8.920853 1.450319 59.21817 9.005507 1.177477 59.41945 9.158576 0.8952046 59.22117 8.880633 1.159726 59.81514 8.815521 1.442471 59.61397 9.054133 0.8879466 59.62141 8.674066 1.412736 60.00246 8.907973 0.8659263 60.01517 9.158576 -0.895205 59.22117 8.722108 0.8314347 60.39566 8.920853 -1.45032 59.21817 9.054133 -0.8879471 59.62141 7.572179 1.550774 61.31204 7.522237 1.524212 61.37052 7.541636 1.273954 61.49765 8.907973 -0.8659272 60.01517 7.921763 1.166852 61.22439 7.733944 0.8494773 61.53 8.104191 0.7012947 61.25019 7.859158 0.4221902 61.54942 7.891685 0.2106611 61.55427 8.185685 0.3502789 61.26108 7.039217 1.255972 61.84163 7.902639 -2.38419e-7 61.55589 8.21037 0.1167044 61.26431 7.346924 0.9491594 61.77479 7.094947 0.6537068 62.01235 8.21037 -0.1167054 61.26431 7.891685 -0.2106618 61.55427 8.185685 -0.3502798 61.26108 7.859158 -0.4221907 61.54942 7.485346 0.5628142 61.79894 8.104191 -0.7012951 61.25019 7.733944 -0.8494783 61.53 7.566007 0.09286737 61.81214 6.701458 0.6934369 62.19185 7.921763 -1.166853 61.22439 7.566007 -0.09286808 61.81214 7.485345 -0.562815 61.79894 7.572278 -1.550827 61.31193 7.522344 -1.52427 61.37039 7.039361 -1.256055 61.84151 5.312471 0.1004133 62.60726 5.312471 -0.1004137 62.60726 7.759664 1.50965 61.17294 7.229926 1.245046 61.73137 7.759761 -1.509697 61.17282 -1.936559 8.625659 59.0173 -1.69997 8.803935 59.01844 -1.942741 8.53823 59.40901 -1.174962 9.090672 59.0202 -1.705702 8.716027 59.41313 -1.922687 8.420952 59.79445 -0.6002231 9.270352 59.02125 -1.686224 8.594904 59.80261 -0.3017225 9.316203 59.02151 -1.877454 8.274546 60.16905 4.76837e-7 9.33157 59.0216 -1.64342 8.44145 60.18154 0.3017235 9.316203 59.02151 -0.3018675 9.236204 59.4242 -0.60073 9.189089 59.42324 0.600224 9.270352 59.02125 -1.808279 8.100177 60.52845 4.76837e-7 9.252018 59.42451 -1.579017 8.257151 60.54486 0.3018684 9.236204 59.4242 -0.2961764 9.110472 59.82455 -0.5898867 9.063384 59.82266 1.174963 9.090672 59.0202 0.6007309 9.189089 59.42324 -1.716617 7.899425 60.86855 4.76837e-7 9.126294 59.82518 -1.074286 8.51795 60.57012 -1.124603 8.717394 60.20075 -1.494748 8.044044 60.88792 0.2961774 9.110472 59.82455 -0.2857833 8.940875 60.21517 -0.569787 8.894985 60.21228 1.699971 8.803935 59.01844 0.5898876 9.063384 59.82266 4.76837e-7 8.956307 60.21613 1.936559 8.625659 59.0173 -1.010582 8.285185 60.91772 0.2857838 8.940875 60.21517 -0.5419116 8.686564 60.58528 -0.271482 8.730225 60.58907 0.569788 8.894985 60.21228 -1.472715 7.426766 61.47661 4.76837e-7 8.744917 60.59033 1.942742 8.538229 59.40901 1.705703 8.716027 59.41313 -0.5073984 8.441616 60.9356 0.271483 8.730225 60.58907 -0.2538729 8.482186 60.94007 1.686224 8.594903 59.80261 1.177477 9.005506 59.41945 1.159727 8.880633 59.81514 0.5419121 8.686564 60.58528 0 8.495842 60.94157 1.922688 8.420952 59.79445 0.2538738 8.482186 60.94007 1.64342 8.441449 60.18154 1.124603 8.717394 60.20075 1.074286 8.51795 60.57012 0.5073993 8.441616 60.9356 -1.161201 6.874886 61.96934 1.877455 8.274546 60.16905 -0.9965997 6.95723 61.98628 1.579018 8.257151 60.54486 1.010582 8.285185 60.91772 1.80828 8.100177 60.52845 1.494748 8.044045 60.88792 -0.799355 6.264274 62.33042 1.716617 7.899425 60.86855 -0.6791654 6.315319 62.33995 1.273955 7.541636 61.49765 -0.4055514 5.615785 62.5502 1.472716 7.426765 61.47661 -0.3394005 5.639134 62.55292 -0.3209219 7.184531 62.02799 -0.1039338 6.468593 62.3656 -0.1595954 7.207794 62.0319 -0.2100424 6.454477 62.36341 2.38419e-7 6.473341 62.36634 2.38419e-7 7.215627 62.03321 -0.4355517 6.399909 62.35461 -0.2095279 5.676919 62.55712 0.1039342 6.468593 62.3656 0.1595959 7.207794 62.0319 0.3209226 7.184531 62.02799 0.9966002 6.95723 61.98628 0.2100429 6.454477 62.36341 1.161201 6.874886 61.96934 -0.09778165 5.700758 62.55963 -0.0479238 5.706862 62.56026 0.4355521 6.399909 62.35461 0.6537073 7.094947 62.01235 2.38419e-7 5.708911 62.56047 0.04792428 5.706862 62.56026 0.6791658 6.315319 62.33995 0.09778213 5.700758 62.55963 0.7993555 6.264274 62.33042 0.2095284 5.676919 62.55712 0.339401 5.639134 62.55292 0.4055519 5.615785 62.5502 -1.450319 8.920853 59.21817 -1.177477 9.005507 59.41945 -0.8952046 9.158576 59.22117 -1.159726 8.880633 59.81514 -1.442471 8.815521 59.61397 -0.8879466 9.054133 59.62141 -1.412736 8.674066 60.00246 -0.8659263 8.907973 60.01517 0.895205 9.158576 59.22117 -0.8314347 8.722108 60.39566 1.45032 8.920853 59.21817 0.8879471 9.054133 59.62141 -1.550774 7.572179 61.31204 -1.524212 7.522237 61.37052 -1.273954 7.541636 61.49765 0.8659272 8.907973 60.01517 -1.166852 7.921763 61.22439 -0.8494773 7.733944 61.53 -0.7012947 8.104191 61.25019 -0.4221902 7.859158 61.54942 -0.3502789 8.185685 61.26108 -0.2106611 7.891685 61.55427 -1.255972 7.039217 61.84163 -0.1167044 8.21037 61.26431 2.38419e-7 7.902639 61.55589 -0.9491594 7.346924 61.77479 -0.6537068 7.094947 62.01235 0.2106618 7.891685 61.55427 0.1167054 8.21037 61.26431 0.3502798 8.185685 61.26108 0.4221907 7.859158 61.54942 -0.5628142 7.485346 61.79894 0.7012951 8.104191 61.25019 0.8494783 7.733944 61.53 -0.2792938 7.547248 61.80912 -0.09286737 7.566007 61.81214 -0.6934369 6.701458 62.19185 1.166853 7.921763 61.22439 0.09286808 7.566007 61.81214 0.562815 7.485345 61.79894 1.550827 7.572278 61.31193 1.52427 7.522344 61.37039 1.256055 7.039361 61.84151 -0.1004133 5.312471 62.60726 0.1004137 5.312471 62.60726 -1.50965 7.759664 61.17294 -1.245046 7.229926 61.73137 1.509697 7.759761 61.17282 -8.048579 2.186849 2.623913 -2.193791 8.06077 2.623913 -2.179841 8.027279 2.623913 -2.952263 3.204001 2.623913 -2.768528 3.419995 2.623913 -3.262053 2.905077 2.623913 -3.192323 2.964872 2.623913 -7.982085 2.159177 2.623913 -8.00908 2.170296 2.623913 -3.744271 2.527943 2.623913 -3.614454 2.62226 2.623913 -3.837661 2.47097 2.623913 -4.052662 2.339805 2.623913 -4.094047 2.318617 2.623913 -7.948706 2.145429 2.623913 -8.031077 2.179356 2.623913 -3.466556 2.729714 2.623913 -3.421519 2.768333 2.623913 -4.664343 2.057677 2.623913 -4.390839 2.170329 2.623913 -4.739253 2.033003 2.623913 -7.854042 2.106438 2.623913 -7.90698 2.128243 2.623913 -4.974426 1.955538 2.623913 -5.14052 1.915313 2.623913 -7.785538 2.078222 2.623913 -5.31631 1.872741 2.623913 -5.595291 1.826804 2.623913 -7.679608 2.039215 2.623913 -7.735657 2.057677 2.623913 -7.495006 1.978408 2.623913 -5.650636 1.817691 2.623913 -6.170144 1.787209 2.623913 -6.028365 1.787208 2.623913 1.94881 -7.400824 2.623913 1.977605 -7.489445 2.623913 1.784961 -6.154573 2.623913 1.785875 -6.380466 2.623913 1.865176 -7.049389 2.623913 1.811521 -6.71483 2.623913 -6.371634 1.787209 2.623913 -7.425574 1.955537 2.623913 -7.08369 1.872741 2.623913 -6.749364 1.817692 2.623913 -1.948808 7.400825 2.623913 -1.977607 7.489459 2.623913 -1.784959 6.15456 2.623913 -1.785873 6.380466 2.623913 -1.865174 7.049389 2.623913 -1.811519 6.714831 2.623913 -4.354269 2.185391 2.623913 -2.170684 8.005298 2.623913 -2.734976 3.459436 2.623913 -2.622402 3.613069 2.623913 -2.159458 7.978347 2.623913 -2.542012 3.722779 2.623913 -2.470924 3.83827 2.623913 -2.145592 7.945059 2.623913 -2.357614 4.022351 2.623913 -2.318434 4.098097 2.623913 -2.128283 7.903506 2.623913 -2.201944 4.323304 2.623913 -2.170225 4.399453 2.623913 -2.106363 7.850882 2.623913 -2.056225 4.673134 2.623913 -2.03312 4.744245 2.623913 -2.078062 7.782938 2.623913 -1.950148 4.999605 2.623913 -1.91558 5.144859 2.623913 -2.054883 7.727293 2.623913 -2.039135 7.678823 2.623913 -1.862412 5.368275 2.623913 -1.827234 5.599521 2.623913 -1.784552 6.053996 2.623913 -1.811455 5.703251 2.623913 -7.049389 -1.865175 2.623913 -7.292812 -1.923105 2.623913 -6.541565 -1.798231 2.623913 -6.71483 -1.811521 2.623913 -6.380466 -1.785874 2.623913 -5.863376 -1.799175 2.623913 -6.053995 -1.784553 2.623913 -7.595163 -2.011954 2.623913 -7.400824 -1.94881 2.623913 -5.703251 -1.811456 2.623913 -5.352777 -1.866101 2.623913 -5.368275 -1.862413 2.623913 -7.741255 -2.060701 2.623913 -7.727292 -2.054885 2.623913 1.817689 6.749365 2.623913 1.803457 6.573001 2.623913 1.922498 7.289157 2.623913 1.872739 7.083691 2.623913 -7.819164 -2.093154 2.623913 -4.999604 -1.950149 2.623913 -4.93484 -1.971192 2.623913 1.955535 7.425575 2.623913 2.012286 7.597864 2.623913 1.787207 6.028366 2.623913 1.799988 5.869989 2.623913 1.787206 6.371635 2.623913 -7.878796 -2.117993 2.623913 -4.673134 -2.056226 2.623913 -4.568453 -2.09983 2.623913 2.057675 7.735657 2.623913 2.060879 7.743437 2.623913 1.817689 5.650637 2.623913 1.866312 5.35535 2.623913 2.093279 7.822098 2.623913 1.955536 4.974427 2.623913 1.970895 4.9278 2.623913 1.87274 5.316311 2.623913 -7.962595 -2.152899 2.623913 -7.925461 -2.137431 2.623913 -4.022351 -2.357615 2.623913 -4.243159 -2.243401 2.623913 -3.962298 -2.39458 2.623913 2.118012 7.882146 2.623913 2.057676 4.664344 2.623913 2.099796 4.562082 2.623913 -7.992514 -2.165361 2.623913 -3.722779 -2.542013 2.623913 -3.715076 -2.547657 2.623913 2.137329 7.929045 2.623913 2.185389 4.35427 2.623913 2.243468 4.240828 2.623913 -8.016837 -2.175492 2.623913 -3.512025 -2.696443 2.623913 2.152675 7.966305 2.623913 2.339803 4.052663 2.623913 2.394542 3.962938 2.623913 -8.036726 -2.183777 2.623913 -3.459436 -2.734977 2.623913 -3.338347 -2.837982 2.623913 2.165024 7.996288 2.623913 2.527942 3.744273 2.623913 2.547448 3.717425 2.623913 8.036725 2.183777 2.623913 8.06077 2.193794 2.623913 2.183248 8.040533 2.623913 2.185391 8.045737 2.623913 3.204 2.952264 2.623913 3.338347 2.837982 2.623913 2.837658 3.340675 2.623913 2.964871 3.192324 2.623913 2.696398 3.51241 2.623913 2.175054 8.020638 2.623913 -2.183248 -8.040531 2.623913 -2.185391 -8.045736 2.623913 -8.06077 -2.193793 2.623913 -3.204 -2.952263 2.623913 -2.837658 -3.340675 2.623913 -2.964871 -3.192324 2.623913 2.729713 3.466557 2.623913 8.016835 2.175492 2.623913 3.459436 2.734978 2.623913 3.512025 2.696443 2.623913 -2.175053 -8.020636 2.623913 -2.729713 -3.466556 2.623913 -2.696398 -3.51241 2.623913 -2.547448 -3.717425 2.623913 -2.165025 -7.996286 2.623913 7.992512 2.165361 2.623913 3.715076 2.547657 2.623913 -2.152675 -7.966303 2.623913 -2.527942 -3.744272 2.623913 -2.394542 -3.962938 2.623913 7.962593 2.152899 2.623913 3.722779 2.542013 2.623913 3.962298 2.39458 2.623913 -2.137329 -7.929043 2.623913 -2.339803 -4.052663 2.623913 -2.243468 -4.240829 2.623913 7.925459 2.137431 2.623913 4.02235 2.357615 2.623913 4.243159 2.243401 2.623913 -2.118012 -7.882144 2.623913 -2.18539 -4.35427 2.623913 -2.099796 -4.562083 2.623913 7.878794 2.117993 2.623913 4.323304 2.201946 2.623913 4.568454 2.099831 2.623913 -2.093278 -7.822095 2.623913 -2.057676 -4.664344 2.623913 -1.970895 -4.9278 2.623913 7.819162 2.093154 2.623913 4.673134 2.056227 2.623913 4.934841 1.971192 2.623913 -2.060879 -7.743434 2.623913 -1.955536 -4.974426 2.623913 -1.866312 -5.355351 2.623913 -1.87274 -5.31631 2.623913 7.741252 2.060701 2.623913 4.999604 1.950149 2.623913 5.352778 1.866101 2.623913 -2.012286 -7.597859 2.623913 -2.057676 -7.735657 2.623913 -1.81769 -5.650636 2.623913 -1.799988 -5.869992 2.623913 7.727293 2.054886 2.623913 7.59516 2.011953 2.623913 5.703251 1.811457 2.623913 5.863378 1.799175 2.623913 5.368274 1.862413 2.623913 -1.922497 -7.28915 2.623913 -1.955536 -7.425575 2.623913 -1.787207 -6.028365 2.623913 -1.803457 -6.573007 2.623913 -1.787207 -6.371634 2.623913 7.400824 1.94881 2.623913 7.292804 1.923103 2.623913 6.380466 1.785875 2.623913 6.54157 1.798232 2.623913 6.053995 1.784554 2.623913 -1.81769 -6.749364 2.623913 -1.872739 -7.083691 2.623913 7.049389 1.865176 2.623913 6.71483 1.811521 2.623913 2.039133 -7.678811 2.623913 1.784554 -6.053995 2.623913 1.827235 -5.599527 2.623913 1.811457 -5.703251 2.623913 2.078062 -7.782931 2.623913 2.054886 -7.727293 2.623913 1.862413 -5.368274 2.623913 1.915581 -5.144864 2.623913 2.106363 -7.850874 2.623913 1.950149 -4.999604 2.623913 2.03312 -4.744248 2.623913 2.056227 -4.673134 2.623913 2.170225 -4.399456 2.623913 2.128283 -7.903499 2.623913 2.145592 -7.945053 2.623913 2.201946 -4.323304 2.623913 2.318434 -4.098099 2.623913 2.159458 -7.97834 2.623913 2.357615 -4.02235 2.623913 2.470923 -3.838271 2.623913 2.170684 -8.005292 2.623913 2.542013 -3.722779 2.623913 2.622402 -3.61307 2.623913 2.179841 -8.027275 2.623913 2.734978 -3.459436 2.623913 2.768528 -3.419995 2.623913 -4.323304 -2.201945 2.623913 7.854049 -2.106439 2.623913 7.906987 -2.128243 2.623913 4.664344 -2.057676 2.623913 4.390836 -2.170329 2.623913 4.739249 -2.033002 2.623913 7.948712 -2.145429 2.623913 7.982091 -2.159177 2.623913 4.052663 -2.339803 2.623913 3.83766 -2.47097 2.623913 4.094045 -2.318617 2.623913 8.031082 -2.179355 2.623913 8.045737 -2.185391 2.623913 8.048583 -2.186848 2.623913 3.421519 -2.768333 2.623913 3.262053 -2.905078 2.623913 6.371635 -1.787206 2.623913 6.17013 -1.787206 2.623913 7.495019 -1.97841 2.623913 7.425575 -1.955535 2.623913 7.083691 -1.872739 2.623913 6.749365 -1.817689 2.623913 7.679619 -2.039216 2.623913 5.650637 -1.817689 2.623913 5.595285 -1.826803 2.623913 6.028366 -1.787207 2.623913 7.735657 -2.057675 2.623913 7.785546 -2.078223 2.623913 5.316311 -1.87274 2.623913 5.140516 -1.915313 2.623913 4.974427 -1.955536 2.623913 4.35427 -2.185389 2.623913 8.009085 -2.170295 2.623913 3.744273 -2.527942 2.623913 3.614454 -2.62226 2.623913 -8.045736 2.185394 2.623913 3.466557 -2.729713 2.623913 2.952264 -3.204 2.623913 3.192324 -2.964871 2.623913 2.193794 -8.06077 2.623913 -2.67487 5.054636 14.0817 -2.363633 5.483016 12.71189 -2.4227 4.972702 12.1586 -6.2 2.493453 14.08161 -5.696413 2.329826 12.71182 -6.2 2.22831 12.15852 -5.638198 4.836028 21.37746 -5.623932 4.195675 20.25566 -6.2 3.865503 19.65713 -5.623931 3.589957 18.68871 -6.2 3.316098 17.97961 -5.638195 3.06387 16.79301 -6.2 2.854351 16.06732 -5.663809 2.643072 14.74423 -5.076396 5.244208 21.37747 -4.554361 5.665309 20.96384 -5.03276 4.59343 20.47081 -4.471797 5.032765 20.25569 -3.979776 5.478619 19.65718 -5.017042 3.949877 19.08577 -4.425562 4.379619 19.08579 -3.895725 4.845591 18.68875 -3.45726 5.308845 17.97969 -5.032754 3.366109 17.29582 -4.425559 3.757695 17.47692 -3.865509 4.214173 17.29585 -3.390977 4.696591 16.79307 -3.018109 5.166159 16.0674 -5.076388 2.881329 15.26487 -4.471786 3.215606 15.55483 -3.895715 3.634151 15.55484 -3.390971 4.105869 15.26491 -2.982856 4.590919 14.7443 -5.139374 2.509728 13.18234 -4.554356 2.781391 13.50336 -3.979768 3.144102 13.61797 -3.457252 3.578487 13.50339 -3.018102 4.05093 13.1824 -2.674867 4.525124 12.71189 -4.115772 6.128517 20.25569 -3.539699 5.941344 18.68876 -3.043768 5.765211 16.79307 -2.651476 5.610818 14.7443 -3.694463 6.629748 19.0858 -3.144122 6.434413 17.29586 -3.328907 7.132893 17.47694 -2.696551 6.243112 15.26492 -2.827634 6.921415 15.55486 -2.362598 6.068388 13.1824 -2.440188 6.708721 13.50341 -2.607591 7.367267 13.618 -6.776068 3.589957 18.68871 -6.761805 3.063871 16.79301 -7.323611 2.881329 15.26487 -6.736191 2.643072 14.74423 -7.260626 2.509729 13.18234 -6.703586 2.329826 12.71182 -5.888769 2.06507 10.49541 -5.332432 2.186954 10.92587 -5.544502 1.952113 8.514269 -4.943775 2.108054 8.791462 -5.182944 1.916209 6.260489 -4.555845 2.119828 6.38162 -4.827833 1.976837 3.846195 -4.199813 2.235507 3.846194 -4.729182 2.403417 11.2641 -4.311362 2.373167 8.983527 -4.115762 2.725555 11.45247 -3.920376 2.440417 6.44945 -3.694447 2.751383 9.052706 -3.539686 3.144099 11.45248 -3.589959 2.607559 3.846195 -3.328888 2.870156 6.449458 -3.144103 3.221229 8.98355 -3.043753 3.627954 11.26414 -3.047656 3.072593 3.846196 -2.827612 3.375457 6.381638 -2.696532 3.740769 8.791504 -2.651464 4.134797 10.92593 -2.607569 3.589944 3.846195 -2.440167 3.908949 6.260512 -2.362582 4.263917 8.514319 -2.363625 4.62625 10.49548 -2.171272 5.218257 10.49547 -2.115274 5.785032 10.92592 -1.957458 5.51077 8.514309 -1.920134 6.130286 8.791491 -1.811583 5.843536 6.260504 -1.811456 6.502865 6.381628 -1.75951 6.200001 3.846195 -1.811454 6.877213 3.846188 -2.134732 6.425651 11.26413 -1.976849 6.81367 8.983542 -2.251549 7.108592 11.45249 -1.919985 7.206297 6.44945 -2.145917 7.517261 9.052712 -2.471591 7.785805 11.45249 -1.976842 7.572185 3.846185 -2.145912 7.901627 6.449451 -2.251535 8.231645 3.846188 -8.088644 2.373168 8.983494 -7.670821 2.403417 11.26408 -8.200192 2.235511 3.846153 -7.844161 2.119829 6.381579 -7.456231 2.108053 8.791432 -7.06757 2.186953 10.92586 -7.572167 1.976838 3.846195 -7.217055 1.91621 6.260489 -6.855497 1.952113 8.514269 -6.511231 2.06507 10.49541 -2.115268 4.872803 8.566025 -2.13472 4.514031 6.31885 -2.251536 4.168355 3.846195 -1.920129 5.174477 6.31885 -1.976843 4.827813 3.846195 -1.811454 5.522786 3.846195 -6.2 1.90506 8.565978 -6.547211 1.812696 6.318827 -6.912055 1.816974 3.846195 -5.852789 1.812696 6.318827 -6.2 1.759511 3.846195 -5.487945 1.816974 3.846195 5.483015 2.363635 12.71189 4.972702 2.422702 12.1586 5.054636 2.674872 14.0817 2.493451 6.200001 14.08161 2.329824 5.696414 12.71182 2.228308 6.200001 12.15852 4.836026 5.6382 21.37746 4.195674 5.623934 20.25566 3.865501 6.200001 19.65713 3.589955 5.623932 18.68871 3.316096 6.200001 17.97961 3.063869 5.638196 16.79301 2.854348 6.200001 16.06732 2.643071 5.66381 14.74423 5.244207 5.076398 21.37747 5.665307 4.554363 20.96384 4.593429 5.032761 20.47081 5.032764 4.471798 20.25569 5.478617 3.979778 19.65718 3.949876 5.017043 19.08577 4.379617 4.425564 19.08579 4.84559 3.895726 18.68875 5.308845 3.457261 17.97969 3.366107 5.032755 17.29582 3.757694 4.42556 17.47692 4.214171 3.86551 17.29585 4.69659 3.390978 16.79307 5.166158 3.01811 16.0674 2.881327 5.076389 15.26487 3.215605 4.471786 15.55483 3.63415 3.895716 15.55484 4.105868 3.390972 15.26491 4.590919 2.982857 14.7443 2.509727 5.139375 13.18234 2.78139 4.554358 13.50336 3.144101 3.979769 13.61797 3.578486 3.457252 13.50339 4.05093 3.018103 13.1824 4.525123 2.674868 12.71189 6.128516 4.115774 20.25569 5.941343 3.539701 18.68876 5.76521 3.043769 16.79307 5.610817 2.651479 14.7443 6.629747 3.694465 19.0858 6.434412 3.144124 17.29586 7.132892 3.328909 17.47694 6.243111 2.696552 15.26492 6.921414 2.827636 15.55486 6.068387 2.362601 13.1824 6.70872 2.44019 13.50341 7.367266 2.607594 13.618 3.589955 6.776069 18.68871 3.063869 6.761806 16.79301 2.881327 7.323613 15.26487 2.643069 6.736191 14.74423 2.509726 7.260627 13.18234 2.329824 6.703587 12.71182 2.065068 5.888769 10.49541 2.186952 5.332433 10.92587 1.952112 5.544503 8.514269 2.108053 4.943775 8.791462 1.916208 5.182944 6.260489 2.119827 4.555846 6.38162 1.976836 4.827833 3.846195 2.235506 4.199814 3.846194 2.403416 4.729182 11.2641 2.373166 4.311363 8.983527 2.725554 4.115763 11.45247 2.440416 3.920377 6.44945 2.751382 3.694448 9.052706 3.144098 3.539687 11.45248 2.607558 3.58996 3.846195 2.870155 3.328888 6.449458 3.221228 3.144104 8.98355 3.627953 3.043755 11.26414 3.072592 3.047657 3.846196 3.375456 2.827613 6.381638 3.740769 2.696533 8.791504 4.134796 2.651466 10.92593 3.589944 2.60757 3.846195 3.908948 2.440168 6.260512 4.263916 2.362584 8.514319 4.626249 2.363626 10.49548 5.218256 2.171273 10.49547 5.785032 2.115276 10.92592 5.510769 1.957459 8.514309 6.130286 1.920135 8.791491 5.843535 1.811585 6.260504 6.502864 1.811458 6.381628 6.200001 1.759512 3.846195 6.877213 1.811456 3.846188 6.42565 2.134734 11.26413 6.813669 1.976851 8.983542 7.108591 2.251551 11.45249 7.206296 1.919987 6.44945 7.517261 2.14592 9.052712 7.785804 2.471594 11.45249 7.572185 1.976845 3.846185 7.901626 2.145914 6.449451 8.231644 2.251537 3.846188 2.373166 8.088644 8.983494 2.403414 7.670822 11.26408 2.235508 8.200192 3.846153 2.119827 7.844161 6.381579 2.108051 7.456232 8.791432 2.186951 7.067571 10.92586 1.976835 7.572168 3.846195 1.916207 7.217056 6.260489 1.952112 6.855498 8.514269 2.065068 6.511231 10.49541 4.872802 2.115269 8.566025 4.514031 2.134721 6.31885 4.168355 2.251537 3.846195 5.174477 1.920131 6.31885 4.827813 1.976845 3.846195 5.522785 1.811456 3.846195 1.905058 6.2 8.565978 1.812694 6.547212 6.318827 1.816972 6.912055 3.846195 1.812695 5.85279 6.318827 1.759509 6.2 3.846195 1.816972 5.487946 3.846195 2.363635 -5.483015 12.71189 2.422702 -4.972702 12.1586 2.674872 -5.054636 14.0817 6.200001 -2.493451 14.08161 5.696414 -2.329824 12.71182 6.200001 -2.228308 12.15852 5.6382 -4.836026 21.37746 5.623934 -4.195674 20.25566 6.200001 -3.865501 19.65713 5.623932 -3.589955 18.68871 6.200001 -3.316096 17.97961 5.638196 -3.063869 16.79301 6.200001 -2.854348 16.06732 5.66381 -2.643071 14.74423 5.076398 -5.244207 21.37747 4.554363 -5.665307 20.96384 5.032761 -4.593429 20.47081 4.471798 -5.032764 20.25569 3.979778 -5.478617 19.65718 5.017043 -3.949876 19.08577 4.425564 -4.379617 19.08579 3.895726 -4.84559 18.68875 3.457261 -5.308845 17.97969 5.032755 -3.366107 17.29582 4.42556 -3.757694 17.47692 3.86551 -4.214171 17.29585 3.390978 -4.69659 16.79307 3.01811 -5.166158 16.0674 5.076389 -2.881327 15.26487 4.471786 -3.215605 15.55483 3.895716 -3.63415 15.55484 3.390972 -4.105868 15.26491 2.982857 -4.590919 14.7443 5.139375 -2.509727 13.18234 4.554358 -2.78139 13.50336 3.979769 -3.144101 13.61797 3.457252 -3.578486 13.50339 3.018103 -4.05093 13.1824 2.674868 -4.525123 12.71189 4.115774 -6.128516 20.25569 3.539701 -5.941343 18.68876 3.043769 -5.76521 16.79307 2.651479 -5.610817 14.7443 3.694465 -6.629747 19.0858 3.144124 -6.434412 17.29586 3.328909 -7.132892 17.47694 2.696552 -6.243111 15.26492 2.827636 -6.921414 15.55486 2.362601 -6.068387 13.1824 2.44019 -6.70872 13.50341 2.607594 -7.367266 13.618 6.776069 -3.589955 18.68871 6.761806 -3.063869 16.79301 7.323613 -2.881327 15.26487 6.736191 -2.643069 14.74423 7.260627 -2.509726 13.18234 6.703587 -2.329824 12.71182 5.888769 -2.065068 10.49541 5.332433 -2.186952 10.92587 5.544503 -1.952112 8.514269 4.943775 -2.108053 8.791462 5.182944 -1.916208 6.260489 4.555846 -2.119827 6.38162 4.827833 -1.976836 3.846195 4.199814 -2.235506 3.846194 4.729182 -2.403416 11.2641 4.311363 -2.373166 8.983527 4.115763 -2.725554 11.45247 3.920377 -2.440416 6.44945 3.694448 -2.751382 9.052706 3.539687 -3.144098 11.45248 3.58996 -2.607558 3.846195 3.328888 -2.870155 6.449458 3.144104 -3.221228 8.98355 3.043755 -3.627953 11.26414 3.047657 -3.072592 3.846196 2.827613 -3.375456 6.381638 2.696533 -3.740769 8.791504 2.651466 -4.134796 10.92593 2.60757 -3.589944 3.846195 2.440168 -3.908948 6.260512 2.362584 -4.263916 8.514319 2.363626 -4.626249 10.49548 2.171273 -5.218256 10.49547 2.115276 -5.785032 10.92592 1.957459 -5.510769 8.514309 1.920135 -6.130286 8.791491 1.811585 -5.843535 6.260504 1.811458 -6.502864 6.381628 1.759512 -6.200001 3.846195 1.811456 -6.877213 3.846188 2.134734 -6.42565 11.26413 1.976851 -6.813669 8.983542 2.251551 -7.108591 11.45249 1.919987 -7.206296 6.44945 2.14592 -7.517261 9.052712 2.471594 -7.785804 11.45249 1.976845 -7.572185 3.846185 2.145914 -7.901626 6.449451 2.251537 -8.231644 3.846188 8.088644 -2.373166 8.983494 7.670822 -2.403414 11.26408 8.200192 -2.235508 3.846153 7.844161 -2.119827 6.381579 7.456232 -2.108051 8.791432 7.067571 -2.186951 10.92586 7.572168 -1.976835 3.846195 7.217056 -1.916207 6.260489 6.855498 -1.952112 8.514269 6.511231 -2.065068 10.49541 2.115269 -4.872802 8.566025 2.134721 -4.514031 6.31885 2.251537 -4.168355 3.846195 1.920131 -5.174477 6.31885 1.976845 -4.827813 3.846195 1.811456 -5.522785 3.846195 6.2 -1.905058 8.565978 6.547212 -1.812694 6.318827 6.912055 -1.816972 3.846195 5.85279 -1.812695 6.318827 6.2 -1.759509 3.846195 5.487946 -1.816972 3.846195 -5.054636 -2.674872 14.0817 -5.483016 -2.363634 12.71189 -4.972702 -2.422701 12.1586 -2.493452 -6.2 14.08161 -2.329824 -5.696414 12.71182 -2.228308 -6.2 12.15852 -4.836026 -5.638199 21.37746 -4.195674 -5.623934 20.25566 -3.865502 -6.200001 19.65713 -3.589955 -5.623931 18.68871 -3.316097 -6.200001 17.97961 -3.063869 -5.638196 16.79301 -2.854349 -6.2 16.06732 -2.643071 -5.66381 14.74423 -5.244207 -5.076398 21.37747 -5.665308 -4.554363 20.96384 -4.593429 -5.032761 20.47081 -5.032764 -4.471798 20.25569 -5.478617 -3.979778 19.65718 -3.949876 -5.017042 19.08577 -4.379618 -4.425563 19.08579 -4.84559 -3.895726 18.68875 -5.308845 -3.457261 17.97969 -3.366108 -5.032755 17.29582 -3.757694 -4.42556 17.47692 -4.214172 -3.86551 17.29585 -4.69659 -3.390977 16.79307 -5.166158 -3.01811 16.0674 -2.881328 -5.076388 15.26487 -3.215605 -4.471786 15.55483 -3.63415 -3.895716 15.55484 -4.105869 -3.390972 15.26491 -4.590919 -2.982857 14.7443 -2.509727 -5.139374 13.18234 -2.78139 -4.554357 13.50336 -3.144102 -3.979769 13.61797 -3.578486 -3.457252 13.50339 -4.05093 -3.018103 13.1824 -4.525123 -2.674868 12.71189 -6.128516 -4.115773 20.25569 -5.941343 -3.5397 18.68876 -5.76521 -3.043769 16.79307 -5.610817 -2.651478 14.7443 -6.629747 -3.694464 19.0858 -6.434412 -3.144123 17.29586 -7.132892 -3.328908 17.47694 -6.243111 -2.696552 15.26492 -6.921415 -2.827636 15.55486 -6.068387 -2.3626 13.1824 -6.70872 -2.44019 13.50341 -7.367267 -2.607593 13.618 -3.589955 -6.776069 18.68871 -3.063869 -6.761806 16.79301 -2.881328 -7.323612 15.26487 -2.643071 -6.736191 14.74423 -2.509727 -7.260627 13.18234 -2.329825 -6.703587 12.71182 -2.065068 -5.888769 10.49541 -2.186952 -5.332433 10.92587 -1.952112 -5.544503 8.514269 -2.108053 -4.943775 8.791462 -1.916208 -5.182945 6.260489 -2.119827 -4.555846 6.38162 -1.976837 -4.827833 3.846195 -2.235507 -4.199814 3.846194 -2.403417 -4.729183 11.2641 -2.373167 -4.311363 8.983527 -2.725554 -4.115762 11.45247 -2.440416 -3.920377 6.44945 -2.751382 -3.694448 9.052706 -3.144098 -3.539687 11.45248 -2.607558 -3.58996 3.846195 -2.870155 -3.328888 6.449458 -3.221228 -3.144104 8.98355 -3.627953 -3.043754 11.26414 -3.072592 -3.047657 3.846196 -3.375456 -2.827613 6.381638 -3.740769 -2.696533 8.791504 -4.134796 -2.651465 10.92593 -3.589944 -2.60757 3.846195 -3.908949 -2.440167 6.260512 -4.263916 -2.362583 8.514319 -4.626249 -2.363626 10.49548 -5.218257 -2.171273 10.49547 -5.785032 -2.115276 10.92592 -5.510769 -1.957459 8.514309 -6.130286 -1.920135 8.791491 -5.843535 -1.811585 6.260504 -6.502864 -1.811457 6.381628 -6.200001 -1.759511 3.846195 -6.877214 -1.811455 3.846188 -6.42565 -2.134733 11.26413 -6.813669 -1.97685 8.983542 -7.108592 -2.25155 11.45249 -7.206295 -1.919987 6.44945 -7.517261 -2.145919 9.052712 -7.785804 -2.471593 11.45249 -7.572185 -1.976844 3.846185 -7.901626 -2.145914 6.449451 -8.231644 -2.251537 3.846188 -2.373167 -8.088644 8.983494 -2.403415 -7.670822 11.26408 -2.235509 -8.200192 3.846153 -2.119828 -7.844161 6.381579 -2.108052 -7.456231 8.791432 -2.186951 -7.067571 10.92586 -1.976836 -7.572168 3.846195 -1.916208 -7.217056 6.260489 -1.952112 -6.855498 8.514269 -2.065069 -6.511231 10.49541 -4.872802 -2.115269 8.566025 -4.514031 -2.134721 6.31885 -4.168355 -2.251536 3.846195 -5.174477 -1.92013 6.31885 -4.827812 -1.976844 3.846195 -5.522785 -1.811456 3.846195 -1.905059 -6.2 8.565978 -1.812694 -6.547211 6.318827 -1.816972 -6.912055 3.846195 -1.812695 -5.85279 6.318827 -1.75951 -6.2 3.846195 -1.816972 -5.487946 3.846195 -9.271069 11.79387 2.541162 -7.726213 12.85915 2.541162 -7.726213 12.85915 -2.40882 -9.527238 11.58788 -2.40882 -10.67083 10.54402 2.541162 -11.12248 10.06634 -2.40882 -11.90358 9.129196 2.541162 -12.47749 8.327454 -2.40882 -12.95003 7.571518 2.541162 -13.563 6.408722 -2.40882 -13.00003 7.48532 2.59118 -13.90442 5.62944 2.59118 -14.35555 4.351607 -2.40882 -14.54541 3.666962 2.59118 -14.83804 2.200546 -2.40882 -14.91087 1.635055 2.59118 -15.00003 0.002013683 -2.40882 -14.99387 -0.4277806 2.59118 -14.83804 -2.196534 -2.40882 -14.79284 -2.482483 2.59118 -14.35555 -4.347596 -2.40882 -14.3116 -4.490114 2.59118 -13.563 -6.40471 -2.40882 -13.55924 -6.41266 2.59118 -12.55003 -8.213685 2.59118 -12.47749 -8.323427 -2.40882 -12.07065 -8.903062 2.59118 -11.12248 -10.06233 -2.40882 -11.55344 -9.564532 2.59118 -11.00003 -10.19603 2.59118 -9.993844 -11.18387 2.59118 -9.527238 -11.58386 -2.40882 -8.899351 -12.07285 2.59118 -7.726212 -12.85513 -2.40882 -7.726212 -12.85513 2.59118 -7.564096 12.93765 2.541162 -7.564096 12.93765 -2.40882 -7.390523 12.98578 2.541162 -7.390523 12.98578 -2.40882 -7.211133 13.00201 2.541162 -7.211133 13.00201 -2.40882 -5.480108 7.032089 0.8911681 -5.480108 7.857087 1.71618 -5.851048 6.987045 0.8911681 -5.480108 8.682084 2.541162 -6.245919 8.589096 2.541162 -5.10917 6.987045 0.8911681 -4.714299 8.589096 2.541162 -6.510583 7.621888 1.71618 -6.200429 6.854538 0.8911681 -6.507951 6.642273 0.8911681 -7.602102 7.877319 2.541162 -6.967222 8.315537 2.541162 -7.336958 6.962875 1.71618 -6.755735 6.362579 0.8911681 -6.929384 6.031723 0.8911681 -8.472162 6.616821 2.541162 -8.113656 7.299896 2.541162 -7.795564 6.010574 1.71618 -7.018808 5.668915 0.8911681 -8.656777 5.096374 2.541162 -8.656778 5.867798 2.541162 -7.795564 4.953598 1.71618 -7.018807 5.295257 0.8911681 -6.929383 4.932449 0.8911681 -8.472161 4.34735 2.541162 -7.336957 4.001296 1.71618 -6.755735 4.601578 0.8911681 -6.507951 4.321899 0.8911681 -7.602101 3.086853 2.541162 -8.113656 3.664276 2.541162 -6.510583 3.342285 1.71618 -6.200429 4.109634 0.8911681 -5.851048 3.977126 0.8911681 -6.245919 2.375075 2.541162 -6.967222 2.64862 2.541162 -5.480107 3.107086 1.71618 -5.480107 3.932083 0.8911681 -5.10917 3.977127 0.8911681 -4.7143 2.375076 2.541162 -5.480107 2.282089 2.541162 -4.449635 3.342285 1.71618 -4.759789 4.109634 0.8911681 -4.452268 4.321899 0.8911681 -3.358117 3.086852 2.541162 -3.992994 2.64862 2.541162 -3.623258 4.001296 1.71618 -4.204484 4.601577 0.8911681 -4.030836 4.932449 0.8911681 -2.488057 4.347351 2.541162 -2.846559 3.664276 2.541162 -3.164655 4.953598 1.71618 -3.941411 5.295258 0.8911681 -2.303441 5.096374 2.541162 -3.164655 6.010574 1.71618 -3.941411 5.668915 0.8911681 -4.030836 6.031723 0.8911681 -2.488057 6.616821 2.541162 -2.303441 5.867798 2.541162 -3.623258 6.962874 1.71618 -4.204484 6.362579 0.8911681 -4.452268 6.642273 0.8911681 -3.358117 7.877319 2.541162 -2.846559 7.299896 2.541162 -4.449635 7.621887 1.71618 -4.75979 6.854538 0.8911681 -3.992993 8.315536 2.541162 7.030047 5.482086 0.8911681 7.855048 5.482086 1.71618 6.985008 5.853027 0.8911681 8.680047 5.482086 2.541162 8.587064 6.247894 2.541162 6.985008 5.111145 0.8911681 8.587064 4.716278 2.541162 7.619849 6.512557 1.71618 6.852504 6.202408 0.8911681 6.640239 6.509918 0.8911681 7.875281 7.604081 2.541162 8.313508 6.969192 2.541162 6.960834 7.338928 1.71618 6.360545 6.757705 0.8911681 6.029685 6.931366 0.8911681 6.614784 8.474137 2.541162 7.297854 8.115631 2.541162 6.008533 7.797531 1.71618 5.666877 7.020781 0.8911681 5.094329 8.658752 2.541162 5.865765 8.658753 2.541162 4.95156 7.797531 1.71618 5.293216 7.020782 0.8911681 4.930408 6.931366 0.8911681 4.345309 8.474137 2.541162 3.999259 7.338928 1.71618 4.599547 6.757705 0.8911681 4.319854 6.509918 0.8911681 3.084811 7.60408 2.541162 3.662238 8.115632 2.541162 3.340247 6.512558 1.71618 4.107589 6.202407 0.8911681 3.975085 5.853027 0.8911681 2.373031 6.247894 2.541162 2.646586 6.969192 2.541162 3.105048 5.482086 1.71618 3.930045 5.482086 0.8911681 3.975085 5.111145 0.8911681 2.373031 4.716278 2.541162 2.280047 5.482086 2.541162 3.340247 4.451614 1.71618 4.107589 4.761765 0.8911681 4.319854 4.454239 0.8911681 3.084812 3.360092 2.541162 2.646586 3.994964 2.541162 3.999259 3.625228 1.71618 4.599548 4.206467 0.8911681 4.930408 4.032806 0.8911681 4.345309 2.490036 2.541162 3.662238 2.848541 2.541162 4.95156 3.166626 1.71618 5.293216 3.943389 0.8911681 5.865764 2.305419 2.541162 5.094329 2.305419 2.541162 6.008533 3.166626 1.71618 5.666877 3.94339 0.8911681 6.029685 4.032806 0.8911681 6.614783 2.490036 2.541162 6.960834 3.625229 1.71618 6.360546 4.206467 0.8911681 6.640239 4.454239 0.8911681 7.875282 3.360092 2.541162 7.297855 2.848541 2.541162 7.619849 4.451614 1.71618 6.852504 4.761765 0.8911681 8.313508 3.994964 2.541162 -9.025883 -1.757889 2.520532 -9.111653 -1.531739 2.520532 -8.996731 -1.997987 2.520532 -9.025883 -1.757889 -2.40882 -8.996731 -1.997987 -2.40882 -9.111653 -1.531739 -2.40882 -9.249052 -2.663301 -2.40882 -9.249051 -1.332688 -2.40882 9.644197 -2.936098 -2.40882 9.430032 -2.823701 -2.40882 9.248991 -2.6633 -2.40882 8.99667 -1.997987 -2.40882 9.025826 -1.75789 -2.40882 9.025826 -2.238099 -2.40882 -9.025883 -2.238099 -2.40882 -9.111653 -2.464249 -2.40882 9.111592 -1.531739 -2.40882 9.24899 -1.332688 -2.40882 10.75095 -1.332688 -2.40882 10.75095 -2.663301 -2.40882 10.1209 -2.993974 -2.40882 9.879037 -2.993974 -2.40882 9.430031 -1.172288 -2.40882 9.644197 -1.059892 -2.40882 9.879036 -1.002015 -2.40882 10.1209 -1.002015 -2.40882 10.35574 -1.059892 -2.40882 10.88835 -1.531739 -2.40882 10.97412 -1.757889 -2.40882 11.00327 -1.997987 -2.40882 10.35574 -2.936097 -2.40882 10.56991 -2.823701 -2.40882 10.56991 -1.172287 -2.40882 10.88835 -2.46425 -2.40882 10.97412 -2.238099 -2.40882 10.35574 -1.059892 2.520532 10.1209 -1.002015 2.520532 10.75095 -1.332688 2.520532 8.99667 -1.997987 2.520532 9.025826 -2.238099 2.520532 9.025826 -1.75789 2.520532 9.111592 -2.464249 2.520532 9.248991 -2.6633 2.520532 9.24899 -1.332688 2.520532 9.111592 -1.531739 2.520532 9.430032 -2.823701 2.520532 9.644197 -2.936098 2.520532 9.879037 -2.993974 2.520532 9.879036 -1.002015 2.520532 9.430031 -1.172288 2.520532 9.644197 -1.059892 2.520532 10.1209 -2.993974 2.520532 10.35574 -2.936097 2.520532 10.75095 -2.663301 2.520532 10.56991 -2.823701 2.520532 11.00327 -1.997987 2.520532 10.88835 -1.531739 2.520532 10.56991 -1.172287 2.520532 10.88835 -2.46425 2.520532 9.111592 -2.464249 -2.40882 10.97412 -2.238099 2.520532 10.97412 -1.757889 2.520532 -5.480108 7.032089 -2.40882 -5.851048 6.987045 -2.40882 -6.200429 6.854538 -2.40882 -6.507951 6.642273 -2.40882 -6.755735 6.362579 -2.40882 -6.929384 6.031723 -2.40882 -7.018808 5.668915 -2.40882 -7.018807 5.295257 -2.40882 -6.929383 4.932449 -2.40882 -6.755735 4.601578 -2.40882 -6.507951 4.321899 -2.40882 -6.200429 4.109634 -2.40882 -5.851048 3.977126 -2.40882 -5.480107 3.932083 -2.40882 -5.10917 3.977127 -2.40882 -4.759789 4.109634 -2.40882 -4.452268 4.321899 -2.40882 -4.204484 4.601577 -2.40882 -4.030836 4.932449 -2.40882 -3.941411 5.295258 -2.40882 -3.941411 5.668915 -2.40882 -4.030836 6.031723 -2.40882 -4.204484 6.362579 -2.40882 -4.452268 6.642273 -2.40882 -4.75979 6.854538 -2.40882 -5.10917 6.987045 -2.40882 7.030047 5.482086 -2.40882 6.985008 5.853027 -2.40882 6.852504 6.202408 -2.40882 6.640239 6.509918 -2.40882 6.360545 6.757705 -2.40882 6.029685 6.931366 -2.40882 5.666877 7.020781 -2.40882 5.293216 7.020782 -2.40882 4.930408 6.931366 -2.40882 4.599547 6.757705 -2.40882 4.319854 6.509918 -2.40882 4.107589 6.202407 -2.40882 3.975085 5.853027 -2.40882 3.930045 5.482086 -2.40882 3.975085 5.111145 -2.40882 4.107589 4.761765 -2.40882 4.319854 4.454239 -2.40882 4.599548 4.206467 -2.40882 4.930408 4.032806 -2.40882 5.293216 3.943389 -2.40882 5.666877 3.94339 -2.40882 6.029685 4.032806 -2.40882 6.360546 4.206467 -2.40882 6.640239 4.454239 -2.40882 6.852504 4.761765 -2.40882 6.985008 5.111145 -2.40882 5.480049 -7.028078 0.8911681 5.480049 -7.878068 1.741174 5.850986 -6.983033 0.8911681 5.480049 -8.728075 2.59118 6.004943 -8.685411 2.59118 5.109107 -6.983033 0.8911681 4.999969 -8.692414 2.59118 5.159343 -8.712206 2.59118 5.319499 -8.724108 2.59118 7.579352 -7.959077 2.59118 6.52137 -7.640397 1.741174 6.999969 -8.350756 2.59118 6.516056 -8.55852 2.59118 6.200366 -6.850526 0.8911681 6.507888 -6.63826 0.8911681 8.424168 -6.854538 2.59118 7.356441 -6.974442 1.741174 8.061528 -7.452516 2.59118 6.755671 -6.358567 0.8911681 6.92932 -6.027711 0.8911681 8.72999 -5.497987 2.59118 7.819873 -6.012115 1.741174 8.65048 -6.192811 2.59118 7.018745 -5.664903 0.8911681 8.519662 -4.327744 2.59118 7.819874 -4.944016 1.741174 8.678795 -4.903168 2.59118 7.018745 -5.291245 0.8911681 6.929321 -4.928437 0.8911681 8.257959 -3.791139 2.59118 7.356441 -3.98169 1.741174 6.755671 -4.597565 0.8911681 6.507888 -4.317872 0.8911681 7.22327 -2.735139 2.59118 7.821071 -3.223725 2.59118 7.980498 -3.401963 2.59118 8.126394 -3.591447 2.59118 6.521369 -3.315751 1.741174 6.200366 -4.105607 0.8911681 5.850986 -3.973114 0.8911681 6.527095 -2.401353 2.59118 5.480049 -3.078065 1.741174 5.480049 -3.928071 0.8911681 5.109107 -3.973115 0.8911681 5.000102 -2.263703 2.59118 5.771835 -2.241197 2.59118 4.438724 -3.315751 1.741174 4.759727 -4.105607 0.8911681 4.452205 -4.317872 0.8911681 3.579921 -2.841401 2.59118 4.255458 -2.467607 2.59118 3.603652 -3.98169 1.741174 4.204421 -4.597565 0.8911681 4.030772 -4.928437 0.8911681 2.582606 -4.005875 2.59118 3.011615 -3.363984 2.59118 3.14022 -4.944016 1.741174 3.941348 -5.291245 0.8911681 2.230109 -5.497987 2.59118 2.317111 -4.730851 2.59118 3.14022 -6.012116 1.741174 3.941349 -5.664903 0.8911681 4.030773 -6.027711 0.8911681 2.594714 -6.973847 2.59118 2.324905 -6.257538 2.59118 3.603652 -6.974442 1.741174 4.204421 -6.358567 0.8911681 4.452205 -6.63826 0.8911681 3.590641 -8.122439 2.59118 3.024574 -7.607194 2.59118 4.438724 -7.640396 1.741174 4.759727 -6.850526 0.8911681 4.261508 -8.490983 2.59118 5.480049 -7.028078 -2.40882 5.850986 -6.983033 -2.40882 6.200366 -6.850526 -2.40882 6.507888 -6.63826 -2.40882 6.755671 -6.358567 -2.40882 6.92932 -6.027711 -2.40882 7.018745 -5.664903 -2.40882 7.018745 -5.291245 -2.40882 6.929321 -4.928437 -2.40882 6.755671 -4.597565 -2.40882 6.507888 -4.317872 -2.40882 6.200366 -4.105607 -2.40882 5.850986 -3.973114 -2.40882 5.480049 -3.928071 -2.40882 5.109107 -3.973115 -2.40882 4.759727 -4.105607 -2.40882 4.452205 -4.317872 -2.40882 4.204421 -4.597565 -2.40882 4.030772 -4.928437 -2.40882 3.941348 -5.291245 -2.40882 3.941349 -5.664903 -2.40882 4.030773 -6.027711 -2.40882 4.204421 -6.358567 -2.40882 4.452205 -6.63826 -2.40882 4.759727 -6.850526 -2.40882 5.109107 -6.983033 -2.40882 -7.03011 -5.478074 0.8911681 -7.880109 -5.478074 1.741174 -6.985071 -5.849016 0.8911681 -8.730107 -5.478074 2.59118 -8.730103 -5.484712 2.59118 -8.73008 -5.491348 2.59118 -8.730046 -5.497986 2.59118 -8.650541 -6.192811 2.59118 -6.985071 -5.107133 0.8911681 -8.67648 -4.890107 2.59118 -8.061589 -7.452516 2.59118 -7.642435 -6.519395 1.741174 -8.42423 -6.854539 2.59118 -6.852567 -6.198396 0.8911681 -6.640302 -6.505906 0.8911681 -7.000031 -8.350755 2.59118 -6.976483 -7.354462 1.741174 -7.579416 -7.959077 2.59118 -6.360609 -6.753694 0.8911681 -6.029748 -6.927353 0.8911681 -6.014157 -7.817902 1.741174 -5.685949 -8.721544 2.59118 -6.362684 -8.605944 2.59118 -5.66694 -7.01677 0.8911681 -4.261571 -8.490984 2.59118 -4.946057 -7.817903 1.741174 -5.000031 -8.692415 2.59118 -5.293279 -7.01677 0.8911681 -4.93047 -6.927353 0.8911681 -3.983735 -7.354462 1.741174 -3.024636 -7.607194 2.59118 -3.590699 -8.122439 2.59118 -4.59961 -6.753693 0.8911681 -4.319917 -6.505906 0.8911681 -2.324967 -6.257538 2.59118 -3.317785 -6.519395 1.741174 -2.594777 -6.973847 2.59118 -4.107653 -6.198396 0.8911681 -3.975149 -5.849015 0.8911681 -2.317174 -4.730851 2.59118 -3.08011 -5.478074 1.741174 -2.230168 -5.497987 2.59118 -3.930108 -5.478074 0.8911681 -3.975148 -5.107132 0.8911681 -3.011678 -3.363984 2.59118 -3.317784 -4.436753 1.741174 -2.582669 -4.005876 2.59118 -4.107652 -4.757752 0.8911681 -4.319917 -4.450227 0.8911681 -4.255521 -2.467607 2.59118 -3.983735 -3.60167 1.741174 -3.579984 -2.841401 2.59118 -4.59961 -4.202439 0.8911681 -4.93047 -4.028794 0.8911681 -5.771893 -2.241196 2.59118 -4.946058 -3.138246 1.741174 -5.000165 -2.263703 2.59118 -5.293279 -3.939378 0.8911681 -5.66694 -3.939378 0.8911681 -7.223332 -2.735138 2.59118 -6.014158 -3.138246 1.741174 -6.527158 -2.401353 2.59118 -6.029748 -4.028794 0.8911681 -7.821134 -3.223725 2.59118 -6.976484 -3.60167 1.741174 -6.360609 -4.202439 0.8911681 -6.640302 -4.450227 0.8911681 -7.980562 -3.401963 2.59118 -7.642434 -4.436753 1.741174 -6.852567 -4.757752 0.8911681 -8.517365 -4.321534 2.59118 -8.258016 -3.791139 2.59118 -8.126454 -3.591447 2.59118 -7.03011 -5.478074 -2.40882 -6.985071 -5.849016 -2.40882 -6.852567 -6.198396 -2.40882 -6.640302 -6.505906 -2.40882 -6.360609 -6.753694 -2.40882 -6.029748 -6.927353 -2.40882 -5.66694 -7.01677 -2.40882 -5.293279 -7.01677 -2.40882 -4.93047 -6.927353 -2.40882 -4.59961 -6.753693 -2.40882 -4.319917 -6.505906 -2.40882 -4.107653 -6.198396 -2.40882 -3.975149 -5.849015 -2.40882 -3.930108 -5.478074 -2.40882 -3.975148 -5.107132 -2.40882 -4.107652 -4.757752 -2.40882 -4.319917 -4.450227 -2.40882 -4.59961 -4.202439 -2.40882 -4.93047 -4.028794 -2.40882 -5.293279 -3.939378 -2.40882 -5.66694 -3.939378 -2.40882 -6.029748 -4.028794 -2.40882 -6.360609 -4.202439 -2.40882 -6.640302 -4.450227 -2.40882 -6.852567 -4.757752 -2.40882 -6.985071 -5.107133 -2.40882 -6.293619 -0.3569651 -4.40882 -6.250032 0.002013921 -4.40882 -6.250032 0.002013921 -2.40882 -6.293619 -0.3569651 -2.40882 -6.421845 -0.6950846 -4.40882 -6.421845 -0.6950846 -2.40882 -6.627268 -0.9926763 -2.40882 -6.627268 -0.9926763 -4.40882 -6.897935 -1.232468 -2.40882 -6.897935 -1.232468 -4.40882 -7.218126 -1.400513 -2.40882 -7.218126 -1.400513 -4.40882 -7.569226 -1.487061 -2.40882 -7.569226 -1.487061 -4.40882 -7.930837 -1.487061 -2.40882 -7.930837 -1.487061 -4.40882 -8.281937 -1.400513 -2.40882 -8.281937 -1.400513 -4.40882 -8.602128 -1.232468 -2.40882 -8.602128 -1.232468 -4.40882 -8.872796 -0.9926763 -2.40882 -8.872796 -0.9926763 -4.40882 -9.078213 -0.6950841 -2.40882 -9.078213 -0.6950841 -4.40882 -9.206444 -0.3569646 -2.40882 -9.206444 -0.3569646 -4.40882 -9.250031 0.002013683 -2.40882 -9.250031 0.002013683 -4.40882 -9.206444 0.3609767 -2.40882 -9.206444 0.3609767 -4.40882 -9.078213 0.6990962 -2.40882 -9.078213 0.6990962 -4.40882 -8.872796 0.9966881 -2.40882 -8.872796 0.9966881 -4.40882 -8.602128 1.236479 -2.40882 -8.602128 1.236479 -4.40882 -8.281937 1.404525 -2.40882 -8.281937 1.404525 -4.40882 -7.930837 1.491073 -4.40882 -7.930837 1.491073 -2.40882 -7.569227 1.491073 -2.40882 -7.569227 1.491073 -4.40882 -7.218125 1.404525 -2.40882 -7.218125 1.404525 -4.40882 -6.897935 1.23648 -2.40882 -6.897935 1.23648 -4.40882 -6.627267 0.9966879 -2.40882 -6.627267 0.9966879 -4.40882 -6.421845 0.699096 -2.40882 -6.421845 0.699096 -4.40882 -6.293619 0.3609767 -4.40882 -6.293619 0.3609767 -2.40882 9.206383 -0.3569646 -4.40882 9.24997 0.002013683 -4.40882 9.24997 0.002013683 -2.40882 9.206383 -0.3569646 -2.40882 9.078156 -0.6950846 -4.40882 9.078156 -0.6950846 -2.40882 8.872735 -0.992676 -4.40882 8.872735 -0.992676 -2.40882 8.602066 -1.232468 -4.40882 8.602066 -1.232468 -2.40882 8.281876 -1.400513 -4.40882 8.281876 -1.400513 -2.40882 7.930775 -1.487061 -4.40882 7.930775 -1.487061 -2.40882 7.569164 -1.487061 -4.40882 7.569164 -1.487061 -2.40882 7.218063 -1.400514 -4.40882 7.218063 -1.400514 -2.40882 6.897872 -1.232468 -4.40882 6.897872 -1.232468 -2.40882 6.627204 -0.9926763 -4.40882 6.627204 -0.9926763 -2.40882 6.421786 -0.6950848 -4.40882 6.421786 -0.6950848 -2.40882 6.293555 -0.3569648 -2.40882 6.293555 -0.3569648 -4.40882 6.249969 0.002013683 -4.40882 6.249969 0.002013683 -2.40882 6.293555 0.3609767 -4.40882 6.293555 0.3609767 -2.40882 6.421786 0.699096 -4.40882 6.421786 0.699096 -2.40882 6.627204 0.9966879 -4.40882 6.627204 0.9966879 -2.40882 6.897872 1.23648 -4.40882 6.897872 1.23648 -2.40882 7.218063 1.404525 -4.40882 7.218063 1.404525 -2.40882 7.569164 1.491073 -4.40882 7.569164 1.491073 -2.40882 7.930775 1.491073 -4.40882 7.930775 1.491073 -2.40882 8.281876 1.404525 -4.40882 8.281876 1.404525 -2.40882 8.602066 1.23648 -4.40882 8.602066 1.23648 -2.40882 8.872735 0.9966884 -4.40882 8.872735 0.9966884 -2.40882 9.078156 0.6990962 -4.40882 9.078156 0.6990962 -2.40882 9.206383 0.3609767 -2.40882 9.206383 0.3609767 -4.40882 7.211071 13.00201 2.541162 7.211071 13.00201 -2.40882 7.72615 12.85915 2.541162 7.72615 12.85915 -2.40882 7.564032 12.93765 -2.40882 7.564032 12.93765 2.541162 7.390461 12.98578 -2.40882 7.390461 12.98578 2.541162 8.899289 -12.07285 2.59118 7.72615 -12.85513 2.59118 7.72615 -12.85513 -2.40882 9.527176 -11.58386 -2.40882 9.993782 -11.18387 2.59118 11.12243 -10.06233 -2.40882 10.99997 -10.19603 2.59118 11.55338 -9.564531 2.59118 12.07059 -8.903062 2.59118 12.47743 -8.323427 -2.40882 12.54997 -8.213685 2.59118 13.56294 -6.40471 -2.40882 13.55918 -6.41266 2.59118 14.31154 -4.490113 2.59118 14.35549 -4.347596 -2.40882 14.79278 -2.482483 2.59118 14.83798 -2.196534 -2.40882 14.99381 -0.4277806 2.59118 14.99997 0.002013683 -2.40882 14.91081 1.635055 2.59118 14.83798 2.200546 -2.40882 14.54535 3.666962 2.59118 14.35549 4.351608 -2.40882 13.90435 5.629441 2.59118 13.56294 6.408722 -2.40882 12.99997 7.485321 2.59118 12.94997 7.571518 2.541162 12.47743 8.327454 -2.40882 11.90352 9.129195 2.541162 11.12243 10.06634 -2.40882 10.67077 10.54402 2.541162 9.527176 11.58787 -2.40882 9.271009 11.79387 2.541162 7.564033 -12.93363 2.59118 7.564033 -12.93363 -2.40882 7.39046 -12.98177 2.59118 7.39046 -12.98177 -2.40882 7.211071 -12.99799 2.59118 7.211071 -12.99799 -2.40882 -7.211133 -12.99799 2.59118 -7.211133 -12.99799 -2.40882 -7.564096 -12.93363 -2.40882 -7.564096 -12.93363 2.59118 -7.390523 -12.98177 -2.40882 -7.390523 -12.98177 2.59118 2.951195 2.951195 -2.40882 2.904565 2.99559 -2.40882 -2.906621 -2.993633 -2.40882 -2.802832 -3.092448 -2.40882 -2.647717 -3.226252 -2.40882 3.092448 2.802832 -2.40882 3.226252 2.647717 -2.40882 -2.486222 -3.352283 -2.40882 -2.318739 -3.470238 -2.40882 3.352283 2.486223 -2.40882 3.470238 2.318739 -2.40882 -2.145669 -3.579833 -2.40882 -1.967431 -3.680804 -2.40882 3.579833 2.14567 -2.40882 3.680804 1.967431 -2.40882 -1.784452 -3.772908 -2.40882 -1.597175 -3.855922 -2.40882 3.772908 1.784452 -2.40882 3.855922 1.597175 -2.40882 -1.40605 -3.929647 -2.40882 -1.211538 -3.993906 -2.40882 3.929647 1.40605 -2.40882 3.993906 1.211538 -2.40882 -1.014107 -4.048542 -2.40882 -0.8142331 -4.093425 -2.40882 4.048542 1.014107 -2.40882 4.093425 0.8142328 -2.40882 -0.6123972 -4.128447 -2.40882 -0.4090865 -4.153522 -2.40882 4.128447 0.6123972 -2.40882 4.153522 0.4090865 -2.40882 -0.2047898 -4.168592 -2.40882 0 -4.17362 -2.40882 4.168593 0.2047898 -2.40882 4.17362 0 -2.40882 0.2047898 -4.168593 -2.40882 4.168592 -0.2047898 -2.40882 0.4090865 -4.153522 -2.40882 0.6123972 -4.128447 -2.40882 4.153522 -0.4090865 -2.40882 4.128447 -0.6123972 -2.40882 0.8142328 -4.093425 -2.40882 1.014107 -4.048542 -2.40882 4.093425 -0.8142331 -2.40882 4.048542 -1.014107 -2.40882 1.211538 -3.993906 -2.40882 1.40605 -3.929647 -2.40882 3.993906 -1.211538 -2.40882 3.929647 -1.40605 -2.40882 1.597175 -3.855922 -2.40882 1.784452 -3.772908 -2.40882 3.855922 -1.597175 -2.40882 3.772908 -1.784452 -2.40882 1.967431 -3.680804 -2.40882 2.14567 -3.579833 -2.40882 3.680804 -1.967431 -2.40882 3.579833 -2.145669 -2.40882 2.318739 -3.470238 -2.40882 2.486223 -3.352283 -2.40882 3.470238 -2.318739 -2.40882 3.352283 -2.486222 -2.40882 2.647717 -3.226252 -2.40882 2.802832 -3.092448 -2.40882 3.226252 -2.647717 -2.40882 3.092448 -2.802832 -2.40882 2.951195 -2.951195 -2.40882 -9.430092 -2.8237 -2.40882 -9.644257 -2.936097 -2.40882 -9.879098 -2.993974 -2.40882 -10.12096 -2.993973 -2.40882 -10.35581 -2.936097 -2.40882 -10.56997 -2.8237 -2.40882 -9.430092 -1.172288 -2.40882 -9.644257 -1.059891 -2.40882 -2.951195 -2.951195 -2.40882 2.802832 3.092448 -2.40882 2.647717 3.226252 -2.40882 -3.092448 -2.802832 -2.40882 -3.226252 -2.647717 -2.40882 2.486222 3.352283 -2.40882 2.318739 3.470238 -2.40882 -3.352283 -2.486223 -2.40882 -3.470238 -2.318739 -2.40882 2.145669 3.579833 -2.40882 1.967431 3.680804 -2.40882 -3.579833 -2.14567 -2.40882 -3.680804 -1.967431 -2.40882 1.784452 3.772908 -2.40882 1.597175 3.855922 -2.40882 -3.772908 -1.784452 -2.40882 -3.855922 -1.597175 -2.40882 1.40605 3.929647 -2.40882 1.211538 3.993906 -2.40882 -3.929647 -1.40605 -2.40882 -3.993906 -1.211538 -2.40882 1.014107 4.048542 -2.40882 0.8142331 4.093425 -2.40882 -4.048542 -1.014107 -2.40882 -4.093425 -0.8142328 -2.40882 0.6123972 4.128447 -2.40882 0.4090865 4.153522 -2.40882 -4.128447 -0.6123972 -2.40882 -4.153522 -0.4090865 -2.40882 0.2047898 4.168592 -2.40882 0 4.17362 -2.40882 -4.168593 -0.2047898 -2.40882 -4.17362 0 -2.40882 -0.2047898 4.168593 -2.40882 -4.168592 0.2047898 -2.40882 -0.4090865 4.153522 -2.40882 -0.6123972 4.128447 -2.40882 -4.153522 0.4090865 -2.40882 -4.128447 0.6123972 -2.40882 -0.8142328 4.093425 -2.40882 -1.014107 4.048542 -2.40882 -4.093425 0.8142331 -2.40882 -4.048542 1.014107 -2.40882 -1.211538 3.993906 -2.40882 -1.40605 3.929647 -2.40882 -3.993906 1.211538 -2.40882 -3.929647 1.40605 -2.40882 -1.597175 3.855922 -2.40882 -1.784452 3.772908 -2.40882 -3.855922 1.597175 -2.40882 -3.772908 1.784452 -2.40882 -1.967431 3.680804 -2.40882 -2.14567 3.579833 -2.40882 -3.680804 1.967431 -2.40882 -3.579833 2.145669 -2.40882 -2.318739 3.470238 -2.40882 -2.486223 3.352283 -2.40882 -3.470238 2.318739 -2.40882 -3.352283 2.486222 -2.40882 -2.647717 3.226252 -2.40882 -2.802832 3.092448 -2.40882 -3.226252 2.647717 -2.40882 -3.092448 2.802832 -2.40882 -2.951195 2.951195 -2.40882 -9.879097 -1.002015 -2.40882 -10.12096 -1.002015 -2.40882 -10.35581 -1.059892 -2.40882 -10.56997 -1.172288 -2.40882 -10.97418 -2.238099 -2.40882 -10.88841 -2.464249 -2.40882 -10.75101 -2.6633 -2.40882 -10.97417 -1.75789 -2.40882 -11.00333 -1.997986 -2.40882 -10.75101 -1.332688 -2.40882 -10.88841 -1.53174 -2.40882 -11.00333 -1.997986 2.520532 -10.97417 -1.75789 2.520532 -10.88841 -2.464249 2.520532 -10.56997 -2.8237 2.520532 -10.88841 -1.53174 2.520532 -10.75101 -1.332688 2.520532 -9.879097 -1.002015 2.520532 -10.35581 -1.059892 2.520532 -10.12096 -2.993973 2.520532 -10.35581 -2.936097 2.520532 -10.75101 -2.6633 2.520532 -10.56997 -1.172288 2.520532 -10.12096 -1.002015 2.520532 -2.951195 -2.951195 2.588006 -3.038788 -2.859194 2.587266 -2.781876 -3.110526 2.589295 -2.802832 -3.092448 2.589148 2.802832 3.092448 2.54314 2.823933 3.072358 2.543302 2.507585 3.335612 2.541162 2.647717 3.226252 2.542054 -2.802832 3.092448 2.541301 -2.780943 3.11133 2.541162 -3.327562 2.5179 2.545574 -3.226252 2.647717 2.544602 -3.092448 2.802832 2.543446 -2.951195 2.951195 2.542346 -9.430092 -2.8237 2.520532 -9.644257 -2.936097 2.520532 -9.249051 -1.332688 2.520532 -9.430092 -1.172288 2.520532 -9.111653 -2.464249 2.520532 -9.644257 -1.059891 2.520532 -9.879098 -2.993974 2.520532 -9.025883 -2.238099 2.520532 -9.249052 -2.663301 2.520532 -4.093425 0.8142331 2.559072 -4.085254 0.850621 2.55874 -4.150959 -0.4298701 2.571259 -4.153522 -0.4090865 2.571042 -4.128447 0.6123972 2.560952 -4.168593 -0.2047898 2.568947 -4.17362 0 2.566887 -4.153522 0.4090865 2.562884 -4.168592 0.2047898 2.564864 -3.929647 1.40605 2.552641 -3.904433 1.471414 2.551887 -4.048542 1.014107 2.556993 -3.993906 1.211538 2.554828 -4.128447 -0.6123972 2.572875 -3.640361 -2.038822 2.583868 -3.680804 -1.967431 2.583402 -4.093425 -0.8142328 2.57461 -4.048542 -1.014107 2.576273 -3.772908 -1.784452 2.582147 -3.855922 -1.597175 2.580803 -3.993906 -1.211538 2.577863 -3.929647 -1.40605 2.579375 -3.55539 -2.184269 2.585636 -3.579833 -2.14567 2.585156 -3.470238 2.318739 2.547144 -3.382185 2.443765 2.546587 -3.855922 1.597175 2.551088 -3.579833 2.145669 2.547988 -3.680804 1.967431 2.548928 -3.772908 1.784452 2.549962 -3.352283 2.486222 2.546017 -3.470238 -2.318739 2.586094 -3.092448 -2.802832 2.587209 -3.352283 -2.486223 2.586575 -3.226252 -2.647717 2.586947 2.486223 -3.352283 2.591094 2.469609 -3.363984 2.59118 3.016859 -2.882225 2.587596 2.951195 -2.951195 2.588109 2.802832 -3.092448 2.58916 2.647717 -3.226252 2.590156 3.0789 2.817062 2.545202 2.951195 2.951195 2.544203 -2.647717 -3.226252 2.590156 -2.469608 -3.363984 2.59118 -2.486222 -3.352283 2.591094 1.211538 -3.993906 2.59118 1.168284 -4.005876 2.59118 1.523478 -3.88435 2.59118 1.40605 -3.929647 2.59118 -2.318739 -3.470238 2.59118 -2.364107 -3.438287 2.59118 -1.168284 -4.005876 2.59118 -1.211538 -3.993906 2.59118 -1.40605 -3.929647 2.59118 -2.145669 -3.579833 2.59118 -1.597175 -3.855922 2.59118 -1.784452 -3.772908 2.59118 -1.967431 -3.680804 2.59118 1.40605 3.929647 2.541162 1.427047 3.921547 2.541162 0.5004919 4.142249 2.541162 0.6123972 4.128447 2.541162 0.8142331 4.093425 2.541162 1.211538 3.993906 2.541162 1.014107 4.048542 2.541162 0 4.17362 2.541162 0.06754374 4.171962 2.541162 -1.885304 3.722143 2.541162 -1.784452 3.772908 2.541162 -0.2047898 4.168593 2.541162 -0.4090865 4.153522 2.541162 -1.597175 3.855922 2.541162 -1.40605 3.929647 2.541162 -0.6123972 4.128447 2.541162 -0.8142328 4.093425 2.541162 -1.211538 3.993906 2.541162 -1.014107 4.048542 2.541162 -1.014107 -4.048542 2.59118 1.014107 -4.048542 2.59118 -0.8142331 -4.093425 2.59118 -0.6123972 -4.128447 2.59118 0.8142328 -4.093425 2.59118 0.6123972 -4.128447 2.59118 -0.4090865 -4.153522 2.59118 0.4090865 -4.153522 2.59118 0.2047898 -4.168593 2.59118 -0.2047898 -4.168592 2.59118 0 -4.17362 2.59118 -2.14567 3.579833 2.541162 -2.067165 3.624305 2.541162 -2.647717 3.226252 2.541162 -2.318739 3.470238 2.541162 -2.486223 3.352283 2.541162 2.486222 3.352283 2.541162 2.427253 3.393814 2.541162 0.4090865 4.153522 2.541162 0.2047898 4.168592 2.541162 -10.97418 -2.238099 2.520532 2.318739 3.470238 2.541162 1.597175 3.855922 2.541162 2.145669 3.579833 2.541162 1.967431 3.680804 2.541162 1.784452 3.772908 2.541162 -1.967431 3.680804 2.541162 3.092448 -2.802832 2.587523 3.530585 -2.223441 2.586196 3.470238 -2.318739 2.586495 3.226252 -2.647717 2.587282 3.352283 -2.486222 2.586938 3.092448 2.802832 2.545402 3.13306 2.755752 2.546036 3.579833 -2.145669 2.585143 3.590252 -2.127277 2.584902 3.579833 2.14567 2.547896 3.650271 2.021329 2.548434 3.226252 2.647717 2.546257 3.470238 2.318739 2.547237 3.352283 2.486223 2.54669 3.680804 -1.967431 2.58393 4.078418 -0.8810612 2.576252 4.048542 -1.014107 2.577285 3.993906 -1.211538 2.578767 3.772908 -1.784452 2.58276 3.929647 -1.40605 2.580176 3.855922 -1.597175 2.581508 3.772908 1.784452 2.551135 3.783693 1.760121 2.551403 3.680804 1.967431 2.549061 4.093425 -0.8142331 2.575507 3.855922 1.597175 2.552653 4.128447 -0.6123972 2.573306 4.153522 -0.4090865 2.571142 3.929647 1.40605 2.554176 3.993906 1.211538 2.555783 4.168592 -0.2047898 2.569022 4.17362 0 2.566948 4.048542 1.014107 2.557469 4.093425 0.8142328 2.559231 4.168593 0.2047898 2.564928 4.128447 0.6123972 2.561064 4.153522 0.4090865 2.562965 1.597175 -3.855922 2.59118 2.318739 -3.470238 2.59118 1.784452 -3.772908 2.59118 1.967431 -3.680804 2.59118 2.14567 -3.579833 2.59118</float_array>
          <technique_common>
            <accessor source="#meca500_needle_holder_001-mesh-positions-array" count="3858" stride="3">
              <param name="X" type="float"/>
              <param name="Y" type="float"/>
              <param name="Z" type="float"/>
            </accessor>
          </technique_common>
        </source>
        <source id="meca500_needle_holder_001-mesh-normals">
          <float_array id="meca500_needle_holder_001-mesh-normals-array" count="11568">-0.8528124 -0.4264134 0.3014674 -0.7010507 -0.7130329 0.0105865 -0.8528098 -0.4264137 -0.3014748 -0.4264066 -0.8528134 -0.301474 -0.7154892 -0.6985392 0.01088076 -0.4264196 -0.8528074 0.3014729 -0.3223341 -0.9217937 -0.2154001 -0.3232888 -0.9202845 -0.2203658 -0.5080556 -0.4957402 -0.7043587 -0.1165701 -0.9931564 -0.007193624 -0.153849 -0.9880033 -0.01342087 -0.254584 -0.9483687 -0.1891667 -0.1566705 -0.9874429 -0.02027642 -0.1929557 -0.9806174 -0.03402584 -0.2430834 -0.9543662 -0.1734809 -0.1905444 -0.9704223 -0.1482346 -0.1965073 -0.9796505 -0.04086363 -0.1921644 -0.9801346 -0.04908418 -0.2383016 -0.9633375 -0.1232615 -0.2426298 -0.9636501 -0.1118456 -0.1541415 -0.9860135 -0.06338542 -0.1928497 -0.978038 -0.07906132 -0.2367898 -0.9661384 -0.1025043 -0.1965565 -0.9766789 -0.08639496 -0.9877445 -0.1555619 0.012708 -0.7979388 -0.1201528 -0.5906411 -0.4957423 -0.5080565 -0.7043567 -0.3449965 -0.9084738 -0.2359083 -0.4262532 -0.8670759 -0.257852 -0.9925392 -0.1219252 -3.6319e-4 -0.9871004 -0.1595425 -0.01338756 -0.4637308 -0.8412959 -0.2778043 -0.5537435 -0.7818781 -0.2864173 -0.9862688 -0.163805 -0.0210182 -0.599519 -0.7419266 -0.3002036 -0.6829831 -0.6614183 -0.3099355 -0.9865778 -0.1608598 -0.02807921 -0.9911276 -0.1253948 -0.04407173 -0.7291831 -0.6069617 -0.316053 -0.8002936 -0.5071785 -0.319844 -0.9848269 -0.1640741 -0.05652981 -0.9832385 -0.1702832 -0.0651589 -0.834432 -0.4845932 -0.2624742 -0.8449588 -0.4796008 -0.2367019 -0.9751752 -0.2079919 -0.07598042 -0.9723742 -0.2171012 -0.08576536 -0.8759483 -0.4278408 -0.2228608 -0.9107977 -0.3499758 -0.2190079 -0.9720714 -0.2156575 -0.09257012 -0.9747318 -0.1907351 -0.1162679 -0.9284796 -0.3124742 -0.2007128 -0.951545 -0.2419211 -0.1898323 -0.9609083 -0.2465078 -0.126053 -0.9539235 -0.2652464 -0.140266 -0.9526758 -0.2644307 -0.1499509 -0.1199697 -0.9927775 -3.40623e-4 -0.1216695 -0.7975192 -0.5908973 -0.1574698 -0.9874418 0.01272249 -0.6813188 -0.7317144 0.01997166 -0.4785183 -0.5279614 -0.7016245 -0.6524288 -0.7565142 0.04497951 -0.4520291 -0.5508029 -0.7016308 -0.6258867 -0.7792056 0.03323274 -0.4244596 -0.5723223 -0.7016276 -0.588813 -0.8075841 0.03327679 -0.3958698 -0.5924596 -0.7016258 -0.5498561 -0.8345451 0.03453969 -0.3663243 -0.6111752 -0.7016205 -0.5091266 -0.8595545 0.04423052 -0.4732339 -0.8795136 0.05005395 -0.3358947 -0.6284119 -0.701622 -0.4337482 -0.900031 0.042508 -0.3046532 -0.6441358 -0.7016236 -0.3900775 -0.9199574 0.03896343 -0.2726787 -0.6583057 -0.7016267 -0.3454173 -0.9373813 0.0447582 -0.2400518 -0.6708914 -0.7016266 -0.3034844 -0.9513226 0.05369162 -0.2068427 -0.681864 -0.7016249 -0.2639783 -0.9632987 0.04869419 -0.1731314 -0.6911897 -0.7016284 -0.2176281 -0.9751697 0.04101198 -0.1390104 -0.69885 -0.7016302 -0.1705078 -0.9844354 0.0425924 -0.104552 -0.704829 -0.7016302 -0.1286012 -0.9907897 0.04239863 -0.06983947 -0.7091083 -0.7016323 -0.08060443 -0.9958819 0.04149943 -0.03495985 -0.7116769 -0.7016365 -0.03712791 -0.9984189 0.04220563 6.45235e-7 -0.7125328 -0.7016388 0.009961247 -0.9991176 0.04080331 0.03495889 -0.7116824 -0.7016311 0.05474066 -0.9976128 0.04209619 0.06984096 -0.7091121 -0.7016284 0.1004297 -0.9941155 0.0406 0.1045525 -0.7048355 -0.7016236 0.1461316 -0.9883708 0.04205679 0.1900846 -0.9809195 0.04080033 0.1390098 -0.6988558 -0.7016244 0.2369676 -0.9705615 0.04309165 0.1731328 -0.6911888 -0.7016289 0.2822709 -0.9578389 0.05355322 0.2068434 -0.6818643 -0.7016245 0.3190339 -0.9462972 0.0523352 0.2400486 -0.6708938 -0.7016254 0.3640059 -0.9304831 0.04124224 0.2726767 -0.658306 -0.7016272 0.4083324 -0.911987 0.03930032 0.3046508 -0.6441324 -0.7016277 0.4514027 -0.8910988 0.04667574 0.3358919 -0.6284074 -0.7016273 0.4869992 -0.8719807 0.04981458 0.3663229 -0.6111676 -0.7016279 0.5261282 -0.8495049 0.03912365 0.3958672 -0.5924581 -0.7016285 0.566403 -0.823458 0.03323745 0.4244632 -0.5723237 -0.7016242 0.6030467 -0.7970446 0.032476 0.452033 -0.5508006 -0.7016302 0.6398046 -0.7679523 0.02999347 0.478517 -0.5279603 -0.7016263 0.6695401 -0.7421995 0.02925819 0.4957381 -0.5080562 -0.7043598 0.6985409 -0.7154874 0.01088136 -0.6877922 -0.7244648 0.04574531 -0.723725 -0.6885855 0.04552096 -0.6891546 -0.7201054 0.08071172 -0.7201064 -0.6891531 0.0807144 -0.6856934 -0.7173555 0.1233929 -0.7173519 -0.6856961 0.1233988 -0.6813805 -0.7144192 0.159141 -0.7144175 -0.6813818 0.1591432 -0.6796296 -0.7059877 0.1992112 -0.7059913 -0.6796264 0.1992093 -0.6700754 -0.702601 0.2394802 -0.7025991 -0.6700781 0.2394785 -0.6656626 -0.693968 0.2744117 -0.6939622 -0.6656672 0.2744152 -0.6566771 -0.685032 0.3154464 -0.6850242 -0.6566835 0.3154502 -0.6460804 -0.6781062 0.35036 -0.6781106 -0.6460781 0.3503558 -0.6388147 -0.6646329 0.3875293 -0.6646394 -0.6388069 0.387531 -0.6230647 -0.6560068 0.4259642 -0.6559933 -0.6230708 0.4259761 -0.6137698 -0.6432812 0.4576856 -0.6432723 -0.6137723 0.4576947 -0.5998586 -0.6281774 0.4955432 -0.6281837 -0.5998517 0.4955435 -0.5838417 -0.6170085 0.5276643 -0.6170065 -0.5838409 0.5276673 -0.5722063 -0.5983729 0.5608295 -0.5464531 -0.5861973 0.598132 -0.5983799 -0.5722051 0.5608236 -0.5861995 -0.5464561 0.5981271 -0.5292431 -0.5739036 0.6249292 -0.5739001 -0.5292505 0.6249261 -0.5185315 -0.5522634 0.6527865 -0.5026807 -0.5275078 0.6848706 -0.5522745 -0.5185288 0.6527793 -0.5275133 -0.5026915 0.6848585 -0.483477 -0.5088382 0.7122736 -0.5088391 -0.4834761 0.7122736 -0.4468072 -0.4949779 0.745225 -0.4918094 -0.4532588 0.7434245 -0.4261527 -0.4818654 0.7656369 -0.4753263 -0.4337236 0.7654729 -0.4183421 -0.4502735 0.7888244 -0.4497112 -0.4186588 0.7889771 -0.3975819 -0.4222183 0.8146535 -0.4222219 -0.3975657 0.8146596 -0.3760644 -0.3994488 0.8360721 -0.3994543 -0.3760466 0.8360773 -0.3376413 -0.3809551 0.860739 -0.3809388 -0.3376554 0.8607408 -0.3084838 -0.3643726 0.8786754 -0.3643618 -0.3084923 0.8786769 -0.283549 -0.3396892 0.8967784 -0.3396878 -0.2835522 0.8967778 -0.3168483 -0.2661556 0.9103672 -0.2661681 -0.316858 0.9103602 -0.2742445 -0.2540119 0.9275064 -0.2540078 -0.2742297 0.9275119 -0.2534229 -0.2137994 0.9434335 -0.2138058 -0.2534186 0.9434332 -0.239854 -0.1584845 0.9577854 -0.1584974 -0.2398716 0.9577788 -0.1202239 -0.2426346 0.9626395 -0.2426055 -0.1202175 0.9626476 -0.1924884 -0.1259304 0.9731854 -0.1258634 -0.1924532 0.973201 -0.137075 -0.1217483 0.9830503 -0.1217842 -0.1370824 0.9830449 -0.07461279 -0.1194343 0.9900346 -0.1194412 -0.07464271 0.9900315 -0.0946418 -0.062123 0.9935713 -0.062101 -0.09460884 0.9935757 -0.03603023 -0.056396 0.9977582 -0.0564078 -0.03603541 0.9977573 0.009414732 -0.04290813 0.9990347 -0.04289996 0.009418249 0.999035 1.78425e-5 -0.01758694 0.9998454 -0.0175876 4.08826e-6 0.9998454 -0.7421969 -0.6695429 0.02925825 -0.5279618 -0.4785152 -0.7016264 -0.7679524 -0.6398043 0.02999371 -0.550803 -0.4520301 -0.7016302 -0.7970449 -0.6030463 0.032476 -0.572322 -0.4244617 -0.7016265 -0.8234577 -0.5664035 0.03323811 -0.5924589 -0.3958659 -0.7016286 -0.8495024 -0.5261325 0.03912097 -0.6111693 -0.3663196 -0.7016282 -0.8719797 -0.4870014 0.04981267 -0.6284078 -0.3358907 -0.7016274 -0.8910962 -0.4514077 0.04667603 -0.6441335 -0.3046478 -0.701628 -0.9119864 -0.4083334 0.0393033 -0.6583068 -0.2726746 -0.7016272 -0.9304825 -0.3640079 0.04124045 -0.6708941 -0.2400485 -0.7016252 -0.9463003 -0.3190255 0.05233216 -0.681865 -0.2068429 -0.701624 -0.9578401 -0.2822667 0.05355232 -0.6911903 -0.1731348 -0.701627 -0.9705618 -0.2369661 0.04309177 -0.6988547 -0.139011 -0.7016253 -0.9809194 -0.190086 0.04080021 -0.7048344 -0.10455 -0.7016251 -0.9883716 -0.1461274 0.0420556 -0.9941155 -0.1004294 0.04059922 -0.7091108 -0.06983625 -0.7016301 -0.9976127 -0.05474424 0.04209637 -0.7116806 -0.03496301 -0.7016327 -0.9991176 -0.00995934 0.0408042 -0.7125327 -6.4013e-7 -0.701639 -0.9984191 0.03712356 0.04220592 -0.7116786 0.03496181 -0.7016348 -0.9958823 0.08059948 0.04149985 -0.7091099 0.06984025 -0.7016307 -0.9907899 0.1285991 0.04239976 -0.7048291 0.1045603 -0.7016289 -0.984436 0.1705036 0.04259365 -0.698851 0.1390113 -0.701629 -0.9751701 0.2176262 0.04101341 -0.6911882 0.1731296 -0.7016303 -0.9632984 0.2639783 0.04869931 -0.6818621 0.2068478 -0.7016253 -0.9513224 0.3034843 0.05369293 -0.6708903 0.2400537 -0.701627 -0.9373822 0.3454146 0.04476046 -0.6583058 0.2726777 -0.701627 -0.919958 0.3900758 0.03896427 -0.6441363 0.3046525 -0.7016234 -0.9000309 0.4337483 0.04250782 -0.6284115 0.3358958 -0.7016217 -0.8795115 0.473238 0.05005419 -0.611174 0.3663265 -0.7016205 -0.8595532 0.509129 0.04422998 -0.8345479 0.5498517 0.03453981 -0.5924579 0.3958724 -0.7016258 -0.8075841 0.5888128 0.03327721 -0.5723211 0.4244653 -0.7016252 -0.7792043 0.6258883 0.03323394 -0.5508008 0.4520313 -0.7016311 -0.7565004 0.6524441 0.04498785 -0.5279619 0.4785168 -0.7016252 -0.7317143 0.6813188 0.01997649 -0.5080541 0.4957392 -0.7043605 -0.7130173 0.7010666 0.01058655 0.8104891 -0.5844337 -0.03930366 0.8104984 -0.5844185 0.03933829 0.7009453 0.0250231 0.7127759 0.7013204 -0.0100255 0.7127757 0.6999479 -0.04505097 0.7127717 0.6988286 0.06001031 0.7127675 0.6968315 -0.07996296 0.7127635 0.6949453 0.09484934 0.7127795 0.6919599 -0.114677 0.7127697 0.6893441 0.1294494 0.7127746 0.6853621 -0.1491051 0.7127739 0.6820183 0.1637279 0.7127723 0.6770564 -0.1831598 0.7127743 0.6729893 0.1976008 0.7127687 0.6670412 -0.2167606 0.712791 0.6622702 0.2309756 0.7127752 0.6554153 -0.249807 0.7127603 0.6499025 0.2637738 0.7127764 0.6421039 -0.2822448 0.7127696 0.6359152 0.2959139 0.7127741 0.6271983 -0.313973 0.7127715 0.6203373 0.3273138 0.7127745 0.6106562 -0.3449389 0.7128228 0.60321 0.3578982 0.7127739 0.5845776 0.3875877 0.7127726 0.5644853 0.4163099 0.712771 0.5429799 0.4439905 0.712773 0.5201192 0.4705624 0.7127743 0.4959653 0.4959514 0.7127768 0.4705871 0.5201113 0.7127638 0.4439564 0.5429896 0.7127869 0.4163097 0.5644858 0.7127707 0.3875884 0.5845776 0.7127723 0.3578988 0.6032107 0.712773 0.3273222 0.6203353 0.7127724 0.2959171 0.6359151 0.7127729 0.2637703 0.6499031 0.7127771 0.2309753 0.6622705 0.7127751 0.1975899 0.672991 0.7127702 0.16373 0.6820144 0.7127755 0.1294516 0.6893423 0.7127759 0.09485089 0.6949498 0.7127749 0.06002849 0.698822 0.7127724 0.02503365 0.7009493 0.7127717 -0.01004439 0.7013246 0.7127714 -0.04503965 0.6999483 0.712772 -0.07997804 0.6968197 0.7127734 -0.114685 0.6919556 0.7127727 -0.1491047 0.6853621 0.7127739 -0.1831869 0.6770529 0.7127707 -0.2167614 0.6670581 0.7127749 -0.2498115 0.6553983 0.7127744 -0.2822827 0.6420939 0.7127637 -0.3139761 0.6271979 0.7127705 -0.3448619 0.6107429 0.7127857 -0.5844127 0.8105025 0.03933835 -0.5844369 0.8104868 -0.039303 -0.01001721 0.7013583 -0.7127386 0.0250352 0.700981 -0.7127404 -0.04505288 0.6999833 -0.7127367 0.06000977 0.6988527 -0.7127438 -0.07996761 0.6968594 -0.7127357 0.09487032 0.6949764 -0.7127465 -0.1146831 0.691995 -0.7127348 0.1294569 0.6893679 -0.7127503 -0.1491119 0.6854023 -0.7127338 0.1637363 0.6820378 -0.7127518 -0.183169 0.6770982 -0.7127322 0.1976083 0.6730107 -0.7127465 -0.2167683 0.6671036 -0.7127302 0.2309821 0.6622914 -0.7127534 -0.2498263 0.6554423 -0.7127287 0.2637805 0.6499194 -0.7127586 -0.2823005 0.6421368 -0.7127179 0.2958942 0.6359342 -0.7127653 -0.3139966 0.6272417 -0.712723 0.3273321 0.620347 -0.7127575 -0.3449374 0.6107747 -0.7127219 0.3579223 0.6032169 -0.712756 0.3875958 0.5845855 -0.7127618 0.4163156 0.5644901 -0.7127638 0.4440293 0.5429733 -0.7127538 0.4705437 0.5201285 -0.7127798 0.4959488 0.4959619 -0.712781 0.5201214 0.4705667 -0.7127698 0.5429835 0.4439958 -0.7127669 0.5644897 0.4163151 -0.7127645 0.5845856 0.3875952 -0.7127621 0.6032215 0.3579064 -0.7127601 0.6203505 0.3273218 -0.7127593 0.6359283 0.2959209 -0.7127595 0.6499227 0.2637796 -0.7127558 0.6622945 0.2309824 -0.7127505 0.6730103 0.1976087 -0.7127467 0.6820381 0.1637354 -0.7127516 0.6893675 0.1294566 -0.7127507 0.6949811 0.09485393 -0.7127441 0.6988468 0.0600149 -0.7127493 0.7009766 0.02502602 -0.7127451 0.7013582 -0.01002556 -0.7127385 0.6999832 -0.04505366 -0.7127368 0.6968592 -0.07996863 -0.7127358 0.6919949 -0.1146835 -0.7127348 0.6854023 -0.1491124 -0.7127336 0.6770982 -0.1831693 -0.7127321 0.6671211 -0.2167645 -0.712715 0.6554247 -0.2498322 -0.7127429 0.6421654 -0.2822554 -0.71271 0.6272459 -0.3139913 -0.7127217 0.6107748 -0.3449378 -0.7127217 0.6885792 -0.723731 0.04552155 0.6328235 -0.7662028 0.1116597 0.689148 -0.7201111 0.08071607 0.6856969 -0.7173512 0.1233975 0.6813794 -0.7144203 0.159141 0.5500656 -0.8266596 0.1185824 0.6228759 -0.7535977 0.2100384 0.6796184 -0.7059978 0.1992135 0.6700741 -0.7026026 0.2394795 0.3882153 -0.9107369 0.1408803 0.5468522 -0.8069393 0.2231631 0.6049636 -0.7347223 0.3069241 0.6656562 -0.6939738 0.2744125 0.6566722 -0.6850342 0.3154519 0.6460794 -0.6781066 0.3503612 0.210141 -0.968141 0.1361761 0.530222 -0.7844079 0.3218211 0.1004095 -0.9848934 0.1410784 0.5810179 -0.7093052 0.3991296 0.6388087 -0.6646387 0.3875293 0.6230664 -0.656006 0.4259629 -9.39013e-5 -0.9899968 0.1410904 0.4975835 -0.7571481 0.4232466 -0.1010361 -0.9848308 0.1410679 0.1011934 -0.9637399 0.2469117 0.2043142 -0.947189 0.2471618 -0.2092918 -0.9682829 0.136474 0.5499935 -0.6765918 0.4896231 0.6137724 -0.6432769 0.457688 0.5998483 -0.6281819 0.4955499 0.5838255 -0.617018 0.5276709 -1.24195e-4 -0.9690188 0.2469872 0.4639651 -0.7266984 0.5066023 -0.1018374 -0.9636704 0.2469179 0.1007557 -0.9315314 0.3494248 0.2017117 -0.9151152 0.3491082 -0.3882978 -0.9106799 0.1410217 -0.2035612 -0.9473657 0.247106 0.515668 -0.6376409 0.5722767 0.5722028 -0.5983744 0.5608317 0.5464565 -0.5861949 0.5981311 -1.33143e-4 -0.9370604 0.3491672 0.1965604 -0.8742979 0.4438102 0.3506616 -0.7726727 0.5291629 0.3692976 -0.8226305 0.4323176 0.4362679 -0.6845863 0.5839623 -0.1009939 -0.93169 0.3489325 0.09867382 -0.8901217 0.4449123 -0.5501689 -0.8266164 0.1184045 -0.2013972 -0.9153119 0.348774 0 -0.8952282 0.4456082 -0.6329607 -0.7662435 0.1105977 0.3231515 -0.7307685 0.6012908 -0.09881681 -0.8900287 0.4450664 0.09508007 -0.8396829 0.5346891 0.1960123 -0.8189949 0.5392833 -0.2041224 -0.8688614 0.4510143 0.4174377 -0.5255184 0.7413341 0.5026928 -0.5275037 0.6848649 0.483478 -0.5088369 0.7122739 0.4468022 -0.4949795 0.7452269 0 -0.8447452 0.5351689 -0.6234192 -0.7533298 0.2093868 -0.5464505 -0.8073173 0.2227797 0.1938535 -0.7673608 0.6112105 0.354866 -0.5631979 0.7462429 0.4261519 -0.481866 0.7656369 -0.09526318 -0.8397654 0.5345269 0.09069097 -0.7825301 0.6159724 -0.2063668 -0.8216715 0.5312897 0 -0.7870845 0.6168452 -0.6060792 -0.7340366 0.3063631 -0.5200534 -0.7874882 0.3307672 -0.09069085 -0.7825302 0.6159721 -0.3676286 -0.8181851 0.4420661 -0.4921106 -0.7635435 0.4181249 -0.3831207 -0.8601253 0.3367537 -0.3419343 -0.7809291 0.5227148 -0.1938536 -0.7673604 0.611211 0.3247135 -0.4192937 0.8477936 0.3975657 -0.4222217 0.8146598 0.3760501 -0.3994511 0.8360774 0.3376548 -0.380953 0.8607347 -0.5804513 -0.708752 0.4009327 0.2754747 -0.461745 0.843152 0.308504 -0.3643696 0.8786695 -0.4660103 -0.7269665 0.5043355 -0.3220192 -0.7306186 0.6020798 -0.5506412 -0.6774953 0.4876418 -0.4355962 -0.6835255 0.5857038 0.2208129 -0.3115849 0.9242059 0.2835345 -0.3396906 0.8967823 0.2661265 -0.316862 0.910371 0.2539867 -0.2742322 0.9275168 0.2137769 -0.2534213 0.943439 -0.5162426 -0.6364068 0.5731319 0.1775714 -0.3005436 0.9370923 0.1584651 -0.2398736 0.9577836 -0.3548658 -0.5631982 0.7462427 0.1080149 -0.1664348 0.9801185 0.1201943 -0.242636 0.9626427 0.1259022 -0.1924529 0.973196 0.1217209 -0.1370838 0.9830524 0.07459753 -0.1194348 0.9900357 -0.4174385 -0.5255187 0.7413335 0.08604884 -0.1855435 0.9788612 0.06209987 -0.09460967 0.9935757 0.05958604 -0.4690511 0.8811587 0.122146 -0.4645916 0.8770605 0.04273867 -0.3299775 0.9430209 0.08649665 -0.3238074 0.9421609 8.02315e-5 -0.3313316 0.9435144 4.80836e-5 -0.4714502 0.8818928 0.1316718 -0.3041332 0.9434859 0.07528471 -0.1847701 0.979894 -0.04244065 -0.3297197 0.9431245 -0.0619834 -0.4721428 0.8793402 -0.2754753 -0.4617451 0.8431518 -0.08681762 -0.3235781 0.9422102 -0.1207983 -0.4697022 0.8745214 -0.3247408 -0.4192899 0.8477851 0.04900157 -0.1858624 0.9813532 0.02330076 -0.1851303 0.9824377 0 -0.1847061 0.9827939 -0.02306658 -0.1848216 0.9825015 -0.1788734 -0.3012732 0.9366103 -0.04921114 -0.1855062 0.9814102 -0.1311209 -0.3057599 0.9430368 -0.2208166 -0.3115846 0.9242051 -0.07275694 -0.1830205 0.9804131 -0.08708959 -0.1819088 0.9794512 -0.1080378 -0.1664344 0.9801161 0.4684084 -0.8646233 0.1817145 0.3846322 -0.891196 0.240474 0.3014912 -0.9340546 0.1914292 0.3755978 -0.8621364 0.3400694 0.458656 -0.8421573 0.2835593 0.2985495 -0.9076445 0.2950419 0.4428003 -0.8122942 0.3796129 0.2912976 -0.872552 0.3921718 -0.3014881 -0.934055 0.1914327 -0.3846387 -0.8911926 0.2404763 0.2761798 -0.8306995 0.4833872 -0.4684097 -0.8646222 0.1817163 -0.298551 -0.9076445 0.2950403 0.4565249 -0.5810362 0.6737819 0.51853 -0.5522646 0.6527867 0.4430136 -0.5631918 0.6975342 -0.458661 -0.8421553 0.2835574 -0.2866165 -0.8740887 0.3921989 0.3525899 -0.6508567 0.6723586 0.2751711 -0.5942119 0.7557733 0.2403407 -0.6879835 0.6847738 0.1630213 -0.6324835 0.7572243 0.07775223 -0.6441072 0.7609736 0.1331822 -0.7095291 0.6919762 0.3465335 -0.4858859 0.8023899 0.2150637 -0.4692108 0.8564981 0.4183346 -0.4502768 0.7888264 0.04265648 -0.7186258 0.6940876 0 -0.6476024 0.7619785 -0.04265654 -0.718626 0.6940873 -0.07989364 -0.6408679 0.7634825 -0.1331822 -0.7095288 0.6919764 -0.159878 -0.6287481 0.760996 0.2126581 -0.5446407 0.8112603 -0.2751721 -0.5942115 0.7557732 -0.2403393 -0.6879838 0.6847739 0.1098074 -0.5636246 0.8187 0.03527903 -0.5701955 0.8207513 0.1963121 -0.3873014 0.9008104 -0.3525884 -0.6508569 0.6723592 -0.05460339 -0.5689978 0.8205242 -0.2015122 -0.5473954 0.8122507 -0.2150592 -0.4692118 0.8564985 -0.4565106 -0.5810424 0.6737862 -0.4429851 -0.5632028 0.6975435 -0.3465268 -0.4858865 0.8023924 -0.1963173 -0.3873011 0.9008094 0.02156162 -0.09044039 0.9956685 0.03604722 -0.05639642 0.9977576 -0.009396493 -0.04290831 0.9990349 -0.02155745 -0.09044033 0.9956685 0.4445213 -0.6151538 0.6511427 0.529241 -0.5739052 0.6249296 -0.4445229 -0.615153 0.6511422 0.9927788 -0.1199583 -3.41756e-4 0.9931565 -0.1165696 -0.007194638 0.7975191 -0.1216705 -0.5908975 0.9874411 -0.1574753 0.01272267 0.1555587 -0.9877449 0.01270782 0.1201476 -0.7979401 -0.5906405 0.5080552 -0.4957415 -0.7043581 0.7130184 -0.7010655 0.01058685 0.9202766 -0.3233103 -0.2203671 0.9084703 -0.3450055 -0.2359086 0.8670784 -0.426246 -0.2578554 0.1219258 -0.9925392 -3.62455e-4 0.1595419 -0.9871004 -0.01338726 0.8412963 -0.4637276 -0.277808 0.7818786 -0.5537433 -0.2864165 0.1638056 -0.9862687 -0.02101814 0.7419267 -0.599518 -0.300205 0.6614162 -0.6829849 -0.309936 0.1608563 -0.9865784 -0.02807986 0.1253992 -0.9911271 -0.04407072 0.6069646 -0.7291809 -0.3160527 0.5071758 -0.8002958 -0.3198429 0.1640701 -0.9848276 -0.05652987 0.1702861 -0.9832381 -0.0651592 0.4845792 -0.834441 -0.2624719 0.4796044 -0.8449575 -0.2366991 0.2079885 -0.9751757 -0.07598197 0.2170468 -0.9723865 -0.08576327 0.4278329 -0.8759514 -0.2228635 0.3499763 -0.9107976 -0.219008 0.2157024 -0.9720611 -0.09257364 0.1907325 -0.9747322 -0.116268 0.3124729 -0.9284801 -0.2007127 0.2419216 -0.9515447 -0.1898332 0.2465105 -0.9609073 -0.1260538 0.2652519 -0.9539218 -0.1402665 0.2644273 -0.9526768 -0.1499506 0.9217945 -0.3223314 -0.2154008 0.9880586 -0.1534932 -0.01341795 0.9483689 -0.2545831 -0.1891666 0.9874404 -0.1566857 -0.02027648 0.9806128 -0.1929868 -0.03398114 0.9543658 -0.2430855 -0.1734806 0.9704227 -0.1905415 -0.1482358 0.9796841 -0.1963368 -0.04087775 0.9801064 -0.1923012 -0.04911035 0.9633373 -0.2383018 -0.1232621 0.9636539 -0.2426146 -0.1118448 0.9860138 -0.1541402 -0.06338572 0.9780381 -0.1928502 -0.07906007 0.9661375 -0.2367939 -0.1025033 0.9766787 -0.1965571 -0.08639538 0.01757258 -4.0306e-6 0.9998457 -0.7009155 -0.0262261 0.712762 -0.7013619 0.008744418 0.7127517 -0.7000424 0.04369109 0.7127634 -0.6987411 -0.06113135 0.712758 -0.6970002 0.07853198 0.7127578 -0.6948203 -0.09588634 0.7127626 -0.6922153 0.1131774 0.7127615 -0.6891779 -0.1304005 0.712762 -0.6857113 0.1475415 0.7127633 -0.6818268 -0.1645894 0.712757 -0.6775111 0.1815391 0.7127569 -0.6727775 -0.1983732 0.7127542 -0.667617 0.215083 0.71276 -0.6620469 -0.2316602 0.7127604 -0.6560674 0.248095 0.7127584 -0.6496667 -0.2643753 0.7127685 -0.6428849 0.2804888 0.7127588 -0.6356922 -0.2964283 0.7127592 -0.6281062 0.3121858 0.7127571 -0.6201261 -0.3277451 0.7127601 -0.611791 0.3430942 0.71274 -0.6030151 -0.358248 0.7127631 -0.593902 0.3731672 0.7127599 -0.5843997 -0.3878664 0.712767 -0.5746023 0.4022995 0.7127323 -0.5643522 -0.4165136 0.7127574 -0.5537505 0.4304648 0.7127837 -0.5429194 -0.4441139 0.7127422 -0.531704 0.4575018 0.7127292 -0.5200836 -0.4706311 0.7127549 -0.5080898 0.4834805 0.7128054 -0.4959747 -0.4959764 0.7127528 -0.4834562 0.5081861 0.7127531 -0.4575206 0.5316485 0.7127586 -0.4304512 0.5537925 0.7127593 -0.4023117 0.5745601 0.7127595 -0.3731871 0.5938982 0.7127526 -0.343181 0.6117411 0.7127409 -0.3121669 0.6281077 0.7127641 -0.2804223 0.6429008 0.7127706 -0.2480937 0.656065 0.7127611 -0.2150841 0.6676194 0.7127575 -0.1815391 0.6775116 0.7127565 -0.1475419 0.6857203 0.7127546 -0.1131768 0.6922156 0.7127612 -0.07853275 0.696997 0.7127608 -0.04369282 0.7000454 0.7127605 -0.008744597 0.701362 0.7127517 -0.02622717 -0.7009184 0.7127591 -0.06113237 -0.6987382 0.7127607 1.05373e-5 0.01758873 0.9998454 -0.09588444 -0.6948237 0.7127596 -0.1304 -0.6891857 0.7127545 -0.1645902 -0.6818234 0.7127602 -0.1984289 -0.6727669 0.7127487 -0.2316825 -0.662046 0.712754 -0.2643737 -0.6496816 0.7127556 -0.2964264 -0.635689 0.7127629 -0.3277462 -0.6201263 0.7127594 -0.3582504 -0.6030204 0.7127574 -0.3878613 -0.5844082 0.7127628 -0.416511 -0.5643515 0.7127594 -0.4441236 -0.5428899 0.7127586 -0.4706324 -0.5200775 0.7127585 0.008744716 -0.701359 0.7127547 0.02622747 0.7009184 0.7127591 0.04369282 -0.7000454 0.7127605 0.06113225 0.6987352 0.7127637 0.07853275 -0.696997 0.7127608 0.09588503 0.6948267 0.7127566 0.1131768 -0.6922156 0.7127612 0.1303989 0.6891797 0.7127605 0.1475419 -0.6857203 0.7127546 0.1645908 0.6818264 0.7127572 0.1815391 -0.6775116 0.7127565 0.1984289 0.6727669 0.7127487 0.2150841 -0.6676194 0.7127575 0.2316836 0.6620489 0.712751 0.2480947 -0.6560679 0.7127581 0.2643714 0.6496759 0.7127615 0.2804201 -0.6428952 0.7127766 0.2964277 0.6356918 0.7127599 0.3121669 -0.6281077 0.7127641 0.3277475 0.620129 0.7127564 0.3431842 -0.6117463 0.712735 0.3582471 0.6030153 0.7127634 0.3731858 -0.5938954 0.7127556 0.3878628 0.5844108 0.7127598 0.4023117 -0.5745601 0.7127595 0.4165111 0.5643515 0.7127594 0.4441236 0.5428898 0.7127586 0.4706324 0.5200775 0.7127585 0.4959715 0.4959774 0.7127543 0.5200882 0.4706323 0.7127507 0.5429393 0.4441043 0.712733 0.5643406 0.4165151 0.7127658 0.5844107 0.3878628 0.7127598 0.6030176 0.3582497 0.7127601 0.6201275 0.3277447 0.712759 0.6356925 0.2964268 0.7127596 0.6496588 0.2643786 0.7127745 0.6620523 0.2316631 0.7127545 0.6727712 0.1983732 0.7127602 0.6818264 0.1645914 0.712757 0.6891807 0.1304021 0.712759 0.6948203 0.09588634 0.7127626 0.698738 0.06113213 0.7127609 0.7009187 0.02622729 0.7127588 0.7013592 -0.008745193 0.7127544 0.7000454 -0.04369211 0.7127605 0.6969971 -0.0785315 0.7127607 0.6922183 -0.1131777 0.7127585 0.6857113 -0.1475415 0.7127633 0.6775082 -0.1815381 0.7127599 0.66762 -0.2150838 0.7127571 0.6560674 -0.248095 0.7127584 0.6428849 -0.2804888 0.7127588 0.6281036 -0.3121843 0.7127602 0.6117907 -0.3430947 0.71274 0.5939042 -0.3731694 0.7127569 0.5746023 -0.4022995 0.7127323 0.5082002 -0.4834537 0.7127448 0.4834503 -0.5081806 0.7127611 0.457522 -0.5316513 0.7127556 0.4304487 -0.5537905 0.7127622 0.5317041 -0.4575016 0.7127293 0.5537477 -0.4304633 0.7127866 -0.7244603 0.687797 0.04574465 -0.766201 -0.6328257 0.1116598 -0.8266566 -0.5500702 0.1185824 -0.7535989 -0.6228746 0.2100384 -0.910736 -0.3882178 0.1408797 -0.8069406 -0.546851 0.2231616 -0.7347215 -0.6049637 0.3069255 -0.9681406 -0.2101422 0.136177 -0.7844056 -0.5302246 0.3218225 -0.9848932 -0.1004127 0.1410777 -0.7094944 -0.5800006 0.4002712 -0.9899968 9.35523e-5 0.1410901 -0.756338 -0.4981395 0.4240403 -0.9848305 0.1010383 0.1410678 -0.9637401 -0.1011927 0.2469112 -0.9471901 -0.204311 0.2471598 -0.9682824 0.2092934 0.1364755 -0.6775796 -0.5494738 0.4888399 -0.9690534 0 0.2468513 -0.7267054 -0.4651081 0.5055429 -0.963692 0.1019669 0.2467805 -0.915161 -0.2019714 0.348838 -0.9316472 -0.1005304 0.3491806 -0.9106785 0.3883013 0.1410207 -0.9473643 0.2035643 0.2471086 -0.6376403 -0.5156666 0.5722787 -0.9370101 0 0.3493022 -0.7726758 -0.350661 0.5291588 -0.8226323 -0.3692973 0.4323146 -0.6845865 -0.4362674 0.5839625 -0.9316282 0.1011212 0.3490609 -0.8741264 -0.1967862 0.4440476 -0.890049 -0.0984649 0.4451038 -0.8266152 0.5501707 0.1184042 -0.9153107 0.2014044 0.3487731 -0.8952614 6.32494e-5 0.4455413 -0.766244 0.6329601 0.1105979 -0.7201127 0.6891472 0.0807085 -0.7173586 0.6856923 0.1233808 -0.7144247 0.6813781 0.1591269 -0.730771 -0.3231505 0.6012883 -0.8901225 0.0986706 0.4449114 -0.8190269 -0.1960973 0.5392038 -0.8396891 -0.0950784 0.5346797 -0.8689095 0.2042898 0.4508458 -0.5336847 -0.4287657 0.7289311 -0.8446817 1.06607e-4 0.5352689 -0.7535568 0.6229104 0.2100829 -0.8105244 0.5371917 0.2333999 -0.7059891 0.6796337 0.1991922 -0.702597 0.6700895 0.2394528 -0.7672855 -0.1939337 0.6112798 -0.8396632 0.09504139 0.534727 -0.7824795 -0.09060132 0.6160497 -0.8548184 0.3924621 0.3394986 -0.7944425 0.5141218 0.3233262 -0.8888967 0.3927159 0.235875 -0.8215854 0.206459 0.5313872 -0.7871128 4.3218e-5 0.6168092 -0.7344698 0.6057795 0.3059173 -0.6939753 0.6656715 0.2743718 -0.6850343 0.6566963 0.3154012 -0.6781176 0.6460911 0.3503183 -0.7825644 0.0906527 0.6159344 -0.7644597 0.4907601 0.4180383 -0.8176669 0.3681485 0.4425919 -0.7809931 0.3428839 0.5219966 -0.7673349 0.1937739 0.6112682 -0.4193034 -0.3247164 0.8477878 -0.7085656 0.5814636 0.3997936 -0.6646486 0.6388211 0.3874918 -0.6560164 0.6230768 0.4259319 -0.441529 -0.2774276 0.8532796 -0.7276486 0.4643552 0.5048781 -0.730551 0.3220766 0.6021311 -0.6765074 0.5511627 0.4884234 -0.6433089 0.6137797 0.4576333 -0.6281884 0.5998944 0.4954858 -0.6170397 0.5838532 0.5276151 -0.6835334 0.4355879 0.5857007 -0.3115757 -0.2208178 0.9242079 -0.636412 0.5162377 0.5731304 -0.5984209 0.5722336 0.5607505 -0.5862256 0.546497 0.5980641 -0.3012711 -0.1788682 0.936612 -0.4950097 0.4468571 0.7451739 -0.5631935 0.3548761 0.7462413 -0.4819188 0.4262063 0.7655733 -0.1664712 -0.108034 0.9801102 -0.525478 0.4174286 0.7413678 -0.5088889 0.4835222 0.7122069 -0.5275532 0.5027434 0.6847897 -0.1819187 -0.08710914 0.9794476 -0.296076 -0.1340047 0.9457176 -0.471502 0 0.881865 -0.4734924 -0.05598407 0.8790171 -0.3258904 -0.03818565 0.9446362 -0.3312304 0 0.94355 -0.1830189 -0.07276135 0.9804131 -0.3295638 0.04253071 0.9431749 -0.472146 0.0619713 0.8793393 -0.3810049 0.3377556 0.8606721 -0.4538944 0.2657491 0.8505042 -0.3670281 0.293308 0.8827576 -0.3255195 0.08856874 0.9413781 -0.4668315 0.123219 0.87572 -0.3995342 0.3761171 0.8360074 -0.4192818 0.3247064 0.8478023 -0.4223058 0.3976129 0.814593 -0.1858662 -0.04896843 0.9813542 -0.3082445 -0.08240568 0.9477313 -0.1851283 -0.02330577 0.982438 -0.4543322 0.2134093 0.8648924 -0.3178249 0.1398079 0.9377853 -0.1846918 0 0.9827965 -0.1851218 0.02330577 0.9824392 -0.3184201 0.1793471 0.9308294 -0.3614593 0.2652228 0.8938703 -0.2534807 0.2139535 0.943383 -0.239947 0.1585987 0.9577431 -0.1846815 0.04766255 0.981642 -0.3115959 0.2208082 0.9242033 -0.3169893 0.266156 0.910318 -0.2743569 0.254109 0.9274465 -0.1813211 0.07346981 0.9806757 -0.1819161 0.08711457 0.9794476 -0.2429329 0.1201296 0.962576 -0.1194903 0.07488799 0.9900071 -0.09475696 0.06219565 0.9935557 -0.1664267 0.1080762 0.9801132 -0.1926593 0.1258428 0.973163 -0.1371817 0.1220127 0.9830026 -0.8646198 -0.4684154 0.1817131 -0.8911965 -0.3846331 0.2404707 -0.9340583 -0.3014801 0.1914286 -0.8621308 -0.3756045 0.3400765 -0.8421573 -0.4586566 0.2835586 -0.9076445 -0.2985516 0.2950398 -0.8122924 -0.4427984 0.379619 -0.8725503 -0.2912975 0.3921759 -0.9340546 0.3014883 0.191434 -0.8307046 -0.2761746 0.4833813 -0.8646212 0.4684126 0.1817141 -0.9092944 0.2934614 0.2950662 -0.5810554 -0.4565048 0.673779 -0.5632057 -0.442995 0.6975349 -0.5750353 -0.362866 0.7332549 -0.8740903 0.2866129 0.3921979 -0.6508585 -0.3525876 0.6723579 -0.6066513 -0.2708849 0.7473925 -0.6879804 -0.240343 0.684776 -0.6324819 -0.1630241 0.757225 -0.709532 -0.133184 0.6919729 -0.644105 -0.07774806 0.7609758 -0.4646739 -0.3577916 0.8099775 -0.7186285 -0.04265236 0.694085 -0.6476011 0 0.7619796 -0.5262277 -0.2829445 0.8018895 -0.4658975 -0.2090101 0.859799 -0.7186267 0.0426526 0.6940868 -0.6408668 0.07989877 0.7634828 -0.7095299 0.1331844 0.6919749 -0.6287458 0.1598855 0.7609964 -0.5492501 -0.1959859 0.8123509 -0.4778119 -0.1248384 0.8695467 -0.6879832 0.2403423 0.6847736 -0.5942106 0.2751711 0.7557743 -0.563627 -0.109801 0.8186992 -0.5701946 -0.03527009 0.8207523 -0.382063 -0.214377 0.8989275 -0.6508583 0.3525864 0.6723589 -0.5689976 0.05460298 0.8205243 -0.4016907 -0.117197 0.9082453 -0.547393 0.2015128 0.8122522 -0.5810437 0.4565312 0.6737712 -0.5522984 0.5185655 0.6527299 -0.5631889 0.4430137 0.6975364 -0.4859162 0.3465389 0.8023692 -0.4503608 0.4183903 0.7887489 -0.09044361 -0.02156347 0.9956682 -0.09043771 0.02155125 0.9956689 -0.05652827 0.03621101 0.9977442 -0.04295396 -0.009348869 0.9990333 -0.6151574 -0.4445109 0.6511463 -0.506979 -0.3605013 0.7829503 -0.6151786 0.4445263 0.6511157 -0.5739273 0.5292723 0.6248827 -0.1555594 0.9877449 0.01270806 -0.1201498 0.797939 -0.5906414 -0.9202771 0.3233107 -0.2203645 -0.9084711 0.3450035 -0.2359089 -0.8670765 0.426252 -0.2578524 -0.1219283 0.9925389 -3.623e-4 -0.1595419 0.9871004 -0.0133875 -0.8412941 0.463734 -0.2778044 -0.7818775 0.5537437 -0.2864186 -0.1638157 0.9862671 -0.02101826 -0.7419259 0.5995192 -0.3002044 -0.6614177 0.6829836 -0.3099355 -0.1608594 0.9865778 -0.02807915 -0.1253901 0.9911282 -0.04407197 -0.6069598 0.7291849 -0.3160528 -0.507169 0.8003004 -0.3198422 -0.164081 0.9848257 -0.05653035 -0.1702828 0.9832386 -0.06515878 -0.4845944 0.8344315 -0.2624737 -0.4796051 0.8449567 -0.2367004 -0.2079896 0.9751755 -0.07598191 -0.2170259 0.9723911 -0.08576273 -0.4278417 0.8759477 -0.2228619 -0.349975 0.9107979 -0.2190083 -0.2156685 0.9720682 -0.09257763 -0.1907349 0.9747318 -0.1162676 -0.3124701 0.9284809 -0.200713 -0.2419223 0.9515447 -0.1898326 -0.2465087 0.9609079 -0.1260535 -0.265249 0.9539227 -0.1402662 -0.2644287 0.9526763 -0.1499517 -0.9927788 0.1199598 -3.4337e-4 -0.993156 0.1165741 -0.007193863 -0.4957386 0.5080563 -0.7043594 -0.7975233 0.1216641 -0.5908931 -0.9874425 0.157466 0.0127232 -0.9217941 0.322332 -0.2154012 -0.6985426 0.7154858 0.01088047 -0.9880579 0.1534978 -0.01341634 -0.9483693 0.2545816 -0.1891666 -0.9874403 0.1566862 -0.02027678 -0.9806252 0.1929186 -0.03401249 -0.9543651 0.243089 -0.1734794 -0.9704223 0.190544 -0.1482351 -0.979642 0.1965441 -0.04089117 -0.9801165 0.1922541 -0.04909217 -0.9633388 0.2382951 -0.1232637 -0.9636541 0.2426145 -0.1118444 -0.9860138 0.1541396 -0.0633856 -0.9780355 0.1928629 -0.07905995 -0.9661366 0.2367983 -0.1025021 -0.9766802 0.1965491 -0.08639609 0.7317148 -0.6813182 0.01997661 0.527962 -0.4785168 -0.7016252 0.7565003 -0.6524441 0.04498839 0.5508008 -0.4520313 -0.7016311 0.7792043 -0.6258883 0.033234 0.5723211 -0.4244653 -0.7016252 0.8075841 -0.5888131 0.03327727 0.5924579 -0.3958724 -0.7016258 0.8345487 -0.5498507 0.03453963 0.611174 -0.3663265 -0.7016205 0.8595551 -0.5091258 0.04422944 0.8795125 -0.4732363 0.05005383 0.6284115 -0.3358958 -0.7016217 0.9000309 -0.4337482 0.04250788 0.6441363 -0.3046525 -0.7016234 0.9199582 -0.3900754 0.03896415 0.6583058 -0.2726777 -0.701627 0.9373823 -0.3454142 0.04476034 0.6708903 -0.2400537 -0.701627 0.9513223 -0.3034847 0.05369311 0.6818621 -0.2068478 -0.7016253 0.9632986 -0.2639779 0.0486992 0.6911882 -0.1731296 -0.7016303 0.9751703 -0.2176256 0.04101324 0.698851 -0.1390113 -0.701629 0.984436 -0.1705036 0.04259365 0.7048291 -0.1045603 -0.7016289 0.9907899 -0.1285989 0.04239964 0.7091099 -0.06984025 -0.7016307 0.9958824 -0.08059924 0.04149943 0.7116786 -0.03496181 -0.7016348 0.9984191 -0.03712332 0.04220557 0.7125327 6.40128e-7 -0.701639 0.9991176 0.00995934 0.0408042 0.7116806 0.03496301 -0.7016327 0.9976126 0.05474442 0.04209655 0.7091108 0.06983625 -0.7016301 0.9941155 0.1004296 0.04059946 0.7048344 0.10455 -0.7016251 0.9883714 0.1461277 0.04205572 0.9809193 0.1900862 0.04080033 0.6988547 0.139011 -0.7016253 0.9705618 0.2369661 0.04309177 0.6911903 0.1731348 -0.701627 0.95784 0.2822671 0.0535525 0.681865 0.2068429 -0.701624 0.9463003 0.3190255 0.0523321 0.6708941 0.2400485 -0.7016252 0.9304825 0.3640078 0.04124045 0.6583068 0.2726746 -0.7016272 0.9119864 0.4083334 0.0393033 0.6441335 0.3046478 -0.701628 0.8910975 0.4514054 0.04667556 0.6284078 0.3358907 -0.7016274 0.8719806 0.4869997 0.04981237 0.6111693 0.3663196 -0.7016282 0.8495028 0.5261318 0.03912091 0.5924589 0.3958659 -0.7016286 0.8234583 0.5664025 0.03323799 0.572322 0.4244617 -0.7016265 0.7970446 0.6030467 0.032476 0.550803 0.4520301 -0.7016302 0.7679519 0.6398049 0.02999365 0.5279618 0.4785152 -0.7016264 0.7421957 0.6695443 0.02925825 0.5080544 0.4957386 -0.7043606 0.7154874 0.6985409 0.01088017 0.7010456 0.7130378 0.01059144 0.4957419 0.5080554 -0.7043577 0.6813125 0.73172 0.01998132 0.4785183 0.5279614 -0.7016245 0.652451 0.7564946 0.04498517 0.4520291 0.5508029 -0.7016308 0.6258897 0.7792032 0.03323251 0.4244596 0.5723223 -0.7016276 0.5888128 0.8075843 0.03327679 0.3958698 0.5924596 -0.7016258 0.5498543 0.8345462 0.03453922 0.3663243 0.6111752 -0.7016205 0.5091254 0.8595553 0.04423016 0.473234 0.8795136 0.05005395 0.3358947 0.6284119 -0.701622 0.4337471 0.9000315 0.04250806 0.3046532 0.6441358 -0.7016236 0.3900774 0.9199573 0.03896296 0.2726787 0.6583057 -0.7016267 0.3454173 0.9373813 0.04475784 0.2400518 0.6708914 -0.7016266 0.3034841 0.9513226 0.05369168 0.2068427 0.681864 -0.7016249 0.2639769 0.963299 0.04869461 0.1731314 0.6911897 -0.7016285 0.217627 0.97517 0.04101258 0.1390104 0.69885 -0.7016302 0.1705066 0.9844357 0.04259181 0.104552 0.704829 -0.7016302 0.1286005 0.9907898 0.04239833 0.06983947 0.7091083 -0.7016323 0.08060413 0.9958819 0.04150003 0.03495985 0.7116769 -0.7016365 0.03712767 0.9984188 0.04220604 -6.45235e-7 0.7125328 -0.7016388 -0.009961247 0.9991176 0.04080331 -0.03495889 0.7116824 -0.7016311 -0.0547409 0.9976128 0.04209649 -0.06984096 0.7091121 -0.7016284 -0.1004297 0.9941155 0.04060035 -0.1045525 0.7048355 -0.7016236 -0.1461315 0.9883708 0.04205697 -0.1900846 0.9809195 0.04080057 -0.1390098 0.6988558 -0.7016244 -0.236967 0.9705616 0.04309105 -0.1731328 0.6911888 -0.7016289 -0.2822711 0.9578388 0.05355286 -0.2068434 0.6818643 -0.7016245 -0.3190339 0.9462972 0.05233556 -0.2400486 0.6708938 -0.7016254 -0.3640059 0.9304831 0.04124289 -0.2726767 0.658306 -0.7016272 -0.4083315 0.9119874 0.03930062 -0.3046508 0.6441324 -0.7016277 -0.4514019 0.8910991 0.04667598 -0.3358919 0.6284074 -0.7016273 -0.4869992 0.8719807 0.04981458 -0.3663229 0.6111676 -0.7016279 -0.5261289 0.8495045 0.03912365 -0.3958672 0.5924581 -0.7016285 -0.5664038 0.8234574 0.03323745 -0.4244632 0.5723238 -0.7016243 -0.6030456 0.7970454 0.03247594 -0.452033 0.5508006 -0.7016302 -0.6398031 0.7679534 0.02999341 -0.478517 0.5279603 -0.7016263 -0.6695408 0.7421989 0.02925783 0.8528141 0.4264065 -0.3014726 0.8528059 0.4264284 0.3014649 0.4264181 0.8528066 -0.3014773 0.4264088 0.8528132 0.3014717 0.9871005 0.1595418 -0.0133875 0.9929221 0.1185504 -0.007182896 0.9065193 0.3505508 -0.2352384 0.910798 0.3499758 -0.219007 0.986266 0.163822 -0.02101826 0.9284794 0.312475 -0.2007128 0.9515454 0.2419193 -0.1898329 0.986579 0.1608522 -0.0280795 0.9911283 0.1253895 -0.04407149 0.9526751 0.2644331 -0.1499513 0.9539229 0.2652481 -0.1402664 0.9848266 0.164076 -0.05652987 0.9832382 0.1702851 -0.06515884 0.9609077 0.2465094 -0.1260538 0.9747322 0.1907331 -0.1162678 0.9751752 0.2079926 -0.07597661 0.9723788 0.2170815 -0.0857622 0.9720661 0.2156823 -0.09256762 0.9877455 0.1555553 0.01270788 0.7979422 0.1201466 -0.5906378 0.9925388 0.1219291 -3.63504e-4 0.8759508 0.4278387 -0.2228546 0.1216651 0.7975223 -0.5908941 0.1574702 0.9874418 0.0127235 0.119962 0.9927785 -3.41268e-4 0.8449604 0.4796011 -0.2366954 0.8344285 0.4845971 -0.2624782 0.1534941 0.9880585 -0.0134173 0.8002938 0.5071797 -0.3198418 0.7291818 0.6069598 -0.31606 0.1566709 0.9874428 -0.02027636 0.1929391 0.9806215 -0.0340023 0.6829844 0.661417 -0.3099353 0.5995203 0.7419269 -0.3001999 0.196683 0.9796144 -0.04088288 0.1921911 0.9801294 -0.04908108 0.5537425 0.7818789 -0.2864169 0.463721 0.8412984 -0.2778127 0.1541362 0.9860144 -0.0633856 0.1928656 0.978035 -0.07906013 0.4262481 0.8670771 -0.2578565 0.3449996 0.9084718 -0.2359117 0.1965486 0.9766803 -0.08639597 0.2368007 0.9661362 -0.1025013 0.3223458 0.9217911 -0.2153936 0.2545797 0.9483695 -0.189168 0.2426158 0.9636538 -0.1118435 0.2382961 0.9633378 -0.1232692 0.2430925 0.9543645 -0.173478 0.1905413 0.970423 -0.148234 -0.4959654 -0.4959514 0.7127767 -0.4706311 -0.5200748 -0.7127613 -0.4959802 -0.4959802 -0.7127463 -0.4705871 -0.5201112 0.7127638 -0.4441207 -0.5428866 -0.712763 -0.5039054 -0.5039064 -0.7015395 -0.4781621 -0.5283952 -0.7015409 -0.4959487 -0.4959619 -0.712781 -0.4705438 -0.5201285 -0.7127798 -0.4439564 -0.5429896 0.7127869 -0.4165114 -0.5643538 -0.7127574 -0.4512274 -0.551572 -0.7015427 -0.4440293 -0.5429732 -0.7127538 -0.4163097 -0.5644859 0.7127707 -0.3878645 -0.5844111 -0.7127587 -0.4231795 -0.5733739 -0.7015423 -0.4163157 -0.5644901 -0.7127638 -0.3875884 -0.5845776 0.7127723 -0.3582501 -0.6030184 -0.7127593 -0.3940736 -0.5937527 -0.7015439 -0.3875958 -0.5845856 -0.7127618 -0.3578988 -0.6032107 0.712773 -0.3277463 -0.6201235 -0.7127618 -0.3639762 -0.6126559 -0.7015513 -0.3273221 -0.6203352 0.7127724 -0.2964297 -0.6356927 -0.7127583 -0.3330044 -0.6300352 -0.7015439 -0.3579223 -0.6032169 -0.712756 -0.2959171 -0.6359151 0.7127729 -0.2643721 -0.6496754 -0.7127617 -0.301201 -0.6458429 -0.7015447 -0.3273321 -0.620347 -0.7127576 -0.2637703 -0.6499031 0.7127771 -0.2316591 -0.6620441 -0.7127635 -0.2686173 -0.6600515 -0.7015531 -0.2958942 -0.6359342 -0.7127653 -0.2309753 -0.6622705 0.7127751 -0.1983717 -0.6727703 -0.7127615 -0.2353662 -0.6726255 -0.7015538 -0.2637806 -0.6499194 -0.7127585 -0.1975899 -0.672991 0.7127702 -0.1645913 -0.6818269 -0.7127565 -0.2015615 -0.6835125 -0.701558 -0.2309821 -0.6622914 -0.7127535 -0.16373 -0.6820144 0.7127755 -0.1303997 -0.689179 -0.7127611 -0.1672213 -0.6927146 -0.7015579 -0.1976083 -0.6730107 -0.7127466 -0.1294516 -0.6893424 0.7127759 -0.09588533 -0.694819 -0.7127641 -0.1324626 -0.7001841 -0.7015668 -0.1637363 -0.6820378 -0.7127518 -0.09485089 -0.6949498 0.7127749 -0.06113195 -0.6987378 -0.7127611 -0.09741759 -0.7059161 -0.7015643 -0.1294569 -0.6893679 -0.7127503 -0.06002849 -0.698822 0.7127724 -0.02622658 -0.7009341 -0.7127437 -0.06210988 -0.7098948 -0.7015638 -0.09487032 -0.6949764 -0.7127465 -0.02503365 -0.7009493 0.7127717 0.008745551 -0.701369 -0.7127448 -0.02664738 -0.7121044 -0.7015678 -0.06000977 -0.6988527 -0.7127438 0.01004439 -0.7013245 0.7127714 0.04369342 -0.7000492 -0.7127567 0.008902311 -0.7125459 -0.701569 -0.0250352 -0.700981 -0.7127404 0.04503965 -0.6999483 0.712772 0.07853168 -0.696996 -0.7127618 0.0443902 -0.7112146 -0.7015721 0.01001721 -0.7013583 -0.7127386 0.07997804 -0.6968197 0.7127734 0.113177 -0.6922132 -0.7127635 0.07976251 -0.708118 -0.7015745 0.04505288 -0.6999833 -0.7127367 0.1146849 -0.6919556 0.7127727 0.1475417 -0.6857151 -0.7127596 0.1149815 -0.7032577 -0.7015754 0.07996755 -0.6968594 -0.7127357 0.1491047 -0.6853621 0.7127739 0.1815388 -0.6775124 -0.7127557 0.1498946 -0.69665 -0.7015771 0.1146831 -0.691995 -0.7127348 0.1831869 -0.6770529 0.7127707 0.2150822 -0.6676163 -0.7127609 0.1844287 -0.6883117 -0.701579 0.1491119 -0.6854023 -0.7127337 0.2167614 -0.6670581 0.7127749 0.248094 -0.6560678 -0.7127584 0.2185112 -0.6782605 -0.7015808 0.1831691 -0.6770982 -0.7127322 0.2498115 -0.6553983 0.7127744 0.2804905 -0.6428892 -0.7127543 0.2520475 -0.6665239 -0.7015826 0.2167683 -0.6671036 -0.7127302 0.2822827 -0.6420939 0.7127637 0.3121877 -0.6281112 -0.7127519 0.2849571 -0.6531302 -0.7015842 0.2498262 -0.6554423 -0.7127287 0.3139761 -0.6271979 0.7127705 0.3431067 -0.6117667 -0.7127547 0.3171554 -0.6381132 -0.7015869 0.2823005 -0.6421368 -0.7127179 0.3448619 -0.6107429 0.7127857 0.3731747 -0.5939024 -0.7127556 0.3485633 -0.6215108 -0.7015896 0.3139966 -0.6272417 -0.712723 0.5844143 -0.8105015 0.03933793 0.4023141 -0.5745611 -0.7127573 0.3791159 -0.6033599 -0.7015896 0.3449374 -0.6107747 -0.7127219 0.4087719 -0.5837081 -0.7015628 0.5844354 -0.8104878 -0.03930342 0.4373366 -0.562652 -0.7015408 0.4304491 -0.5537921 -0.7127608 0.464839 -0.5401535 -0.7015404 0.4575163 -0.5316473 -0.7127622 0.4911862 -0.516311 -0.7015406 0.4834474 -0.5081783 -0.7127646 0.5163117 -0.4911854 -0.7015406 0.5081851 -0.483455 -0.7127547 0.5401471 -0.464841 -0.7015441 0.5316522 -0.4575232 -0.7127542 0.562645 -0.4373403 -0.7015442 0.5537948 -0.4304524 -0.7127568 0.5745624 -0.4023152 -0.7127556 0.5837106 -0.4087638 -0.7015656 0.5939027 -0.3731752 -0.7127552 0.6033602 -0.3791157 -0.7015895 0.6117646 -0.3431053 -0.7127572 0.6215093 -0.3485696 -0.7015879 0.6281083 -0.3121843 -0.7127559 0.6381107 -0.3171575 -0.7015882 0.6428838 -0.2804862 -0.7127608 0.6531257 -0.2849555 -0.7015892 0.656064 -0.248093 -0.7127622 0.6665267 -0.2520467 -0.7015802 0.6676115 -0.2150815 -0.7127656 0.6782606 -0.2185111 -0.7015808 0.6775131 -0.1815373 -0.7127555 0.6883111 -0.1844305 -0.7015791 0.6857151 -0.1475407 -0.7127598 0.6966506 -0.1498917 -0.7015771 0.6922128 -0.1131788 -0.7127637 0.7032576 -0.1149818 -0.7015753 0.6969962 -0.07853192 -0.7127615 0.7081182 -0.07978224 -0.7015722 0.7000489 -0.04369235 -0.712757 0.7112156 -0.0443868 -0.7015714 0.7013691 -0.008744835 -0.7127447 0.7125442 -0.008883118 -0.701571 0.700935 0.02622807 -0.7127428 0.7121048 0.02664762 -0.7015673 0.6987376 0.06113499 -0.7127612 0.7098928 0.06211233 -0.7015656 0.6948188 0.09588706 -0.712764 0.7059134 0.09741878 -0.7015668 0.6891788 0.1304007 -0.712761 0.7001869 0.132484 -0.70156 0.6818267 0.1645917 -0.7127566 0.6927124 0.1672206 -0.7015603 0.6727732 0.1983721 -0.7127586 0.6835156 0.2015416 -0.7015608 0.6620478 0.2316586 -0.7127602 0.6726235 0.2353641 -0.7015565 0.6496794 0.2643721 -0.7127581 0.6600549 0.2685992 -0.7015569 0.635696 0.2964299 -0.7127552 0.6458482 0.3011655 -0.7015551 0.6201273 0.327748 -0.7127576 0.630039 0.332988 -0.7015482 0.6030197 0.3582518 -0.7127574 0.612657 0.363979 -0.7015489 0.5844121 0.3878622 -0.712759 0.5937615 0.3940623 -0.7015427 0.5643486 0.4165087 -0.712763 0.5733832 0.4231697 -0.7015407 0.5428875 0.4441218 -0.7127616 0.5515715 0.4512276 -0.701543 0.5200803 0.4706349 -0.7127547 0.5283955 0.4781622 -0.7015405 0.4959802 0.4959803 -0.7127463 0.4706311 0.5200748 -0.7127614 0.5039037 0.5039047 -0.701542 0.444121 0.5428869 -0.7127626 0.4781624 0.528395 -0.7015409 0.4165109 0.5643539 -0.7127576 0.4512278 0.5515717 -0.7015427 0.387863 0.5844115 -0.7127592 0.4231798 0.5733737 -0.7015423 0.3582497 0.6030184 -0.7127595 0.3940739 0.5937526 -0.7015438 0.3277445 0.6201218 -0.712764 0.3639775 0.6126579 -0.7015489 0.2964298 0.6356928 -0.7127581 0.3330033 0.6300332 -0.7015462 0.2643697 0.6496698 -0.7127678 0.3012011 0.6458429 -0.7015447 0.2316582 0.6620429 -0.7127649 0.2686361 0.6600504 -0.701547 0.1983705 0.6727681 -0.7127638 0.2353826 0.6726204 -0.7015533 0.1645913 0.6818268 -0.7127565 0.2015419 0.6835178 -0.7015584 0.1303997 0.689179 -0.7127611 0.1672039 0.6927143 -0.7015624 0.09588533 0.694819 -0.7127641 0.1324631 0.7001866 -0.7015643 0.06113195 0.6987378 -0.7127611 0.09741759 0.7059161 -0.7015643 0.02622658 0.7009341 -0.7127438 0.06210964 0.7098923 -0.7015663 -0.008745551 0.701369 -0.7127448 0.02664738 0.7121044 -0.7015678 -0.04369342 0.7000492 -0.7127567 -0.008902251 0.7125459 -0.701569 -0.07853168 0.696996 -0.7127618 -0.0443902 0.7112146 -0.7015721 -0.113177 0.6922132 -0.7127635 -0.07976251 0.708118 -0.7015746 -0.1475417 0.6857151 -0.7127597 -0.1149815 0.7032577 -0.7015754 -0.1815388 0.6775124 -0.7127557 -0.1498947 0.69665 -0.7015771 -0.2150822 0.6676162 -0.712761 -0.1844286 0.6883117 -0.701579 -0.2480943 0.6560689 -0.7127572 -0.2185111 0.6782605 -0.7015808 -0.2804898 0.6428893 -0.7127545 -0.2520479 0.6665236 -0.7015826 -0.3121873 0.6281113 -0.7127519 -0.2849572 0.6531301 -0.7015842 -0.3431071 0.6117652 -0.7127559 -0.3171553 0.6381132 -0.7015868 -0.3731753 0.5939022 -0.7127556 -0.3485633 0.6215108 -0.7015897 -0.4023137 0.5745599 -0.7127586 -0.3791162 0.6033597 -0.7015897 -0.4087723 0.5837091 -0.7015619 -0.4304503 0.5537924 -0.7127598 -0.4373356 0.5626515 -0.7015419 -0.4648392 0.5401546 -0.7015394 -0.4575177 0.5316458 -0.7127625 -0.4834485 0.5081775 -0.7127646 -0.4911853 0.5163118 -0.7015405 -0.5081865 0.4834557 -0.7127533 -0.5163105 0.4911851 -0.7015416 -0.5401473 0.4648422 -0.701543 -0.5316518 0.457522 -0.7127553 -0.5537958 0.430454 -0.7127549 -0.5626438 0.4373384 -0.7015463 -0.5837124 0.4087628 -0.7015645 -0.5745601 0.4023153 -0.7127574 -0.810499 0.5844176 0.0393387 -0.5939022 0.3731749 -0.7127557 -0.810487 0.5844365 -0.03930324 -0.6033602 0.3791156 -0.7015896 -0.6106562 0.3449389 0.7128228 -0.6117641 0.343105 -0.7127577 -0.6215092 0.3485696 -0.7015879 -0.6107747 0.3449379 -0.7127217 -0.6271983 0.313973 0.7127715 -0.6281083 0.3121844 -0.7127558 -0.6381109 0.317157 -0.7015882 -0.6272459 0.3139913 -0.7127217 -0.642104 0.2822448 0.7127695 -0.6428859 0.2804871 -0.7127586 -0.6531279 0.2849566 -0.7015866 -0.6421655 0.2822554 -0.71271 -0.6554153 0.2498071 0.7127603 -0.6560636 0.2480928 -0.7127627 -0.6665242 0.2520463 -0.7015826 -0.6554246 0.2498322 -0.7127429 -0.6670411 0.2167605 0.712791 -0.667617 0.2150833 -0.7127599 -0.6782634 0.2185105 -0.7015783 -0.6671211 0.2167645 -0.712715 -0.6770564 0.1831598 0.7127743 -0.6775131 0.1815373 -0.7127555 -0.6883139 0.1844298 -0.7015766 -0.6770981 0.1831693 -0.7127322 -0.6853621 0.1491051 0.7127739 -0.6857151 0.1475407 -0.7127598 -0.6966494 0.149892 -0.7015783 -0.6854023 0.1491124 -0.7127336 -0.6919599 0.1146771 0.7127698 -0.6922128 0.1131789 -0.7127637 -0.7032563 0.114982 -0.7015765 -0.6919949 0.1146835 -0.7127348 -0.6968314 0.07996296 0.7127636 -0.6969962 0.07853192 -0.7127616 -0.7081181 0.07978218 -0.7015722 -0.6968591 0.07996857 -0.7127358 -0.6999479 0.04505097 0.7127716 -0.7000489 0.04369235 -0.712757 -0.7112156 0.04438686 -0.7015714 -0.6999832 0.04505366 -0.7127369 -0.7013204 0.01002544 0.7127757 -0.701369 0.008744835 -0.7127448 -0.7125442 0.008883118 -0.701571 -0.7013582 0.01002562 -0.7127385 -0.7009453 -0.0250231 0.7127759 -0.700935 -0.02622807 -0.7127428 -0.7121048 -0.02664762 -0.7015673 -0.7009767 -0.02502602 -0.712745 -0.6988297 -0.06001025 0.7127664 -0.6987376 -0.06113499 -0.7127612 -0.7098904 -0.06211215 -0.7015681 -0.6988459 -0.06001496 -0.7127501 -0.6949482 -0.09484899 0.7127767 -0.6948188 -0.09588706 -0.712764 -0.7059187 -0.09741938 -0.7015614 -0.69498 -0.09485405 -0.7127451 -0.6893455 -0.1294491 0.7127733 -0.6891788 -0.1304007 -0.712761 -0.7001845 -0.1324834 -0.7015625 -0.689368 -0.1294565 -0.7127502 -0.6820183 -0.1637279 0.7127723 -0.6818267 -0.1645917 -0.7127566 -0.6927124 -0.1672206 -0.7015604 -0.6820381 -0.1637354 -0.7127516 -0.6729893 -0.1976008 0.7127687 -0.6727717 -0.1983716 -0.7127602 -0.6835154 -0.2015417 -0.7015608 -0.6730103 -0.1976087 -0.7127468 -0.6622701 -0.2309756 0.7127752 -0.6620479 -0.2316586 -0.71276 -0.6726235 -0.2353641 -0.7015565 -0.6622945 -0.2309824 -0.7127504 -0.6499025 -0.2637738 0.7127764 -0.6496831 -0.2643736 -0.7127542 -0.6600551 -0.2685989 -0.7015569 -0.6499227 -0.2637796 -0.7127558 -0.6359142 -0.2959142 0.7127749 -0.6356956 -0.2964298 -0.7127556 -0.6458482 -0.3011652 -0.7015552 -0.6359278 -0.295921 -0.7127599 -0.6203365 -0.327314 0.712775 -0.6201274 -0.3277481 -0.7127574 -0.6300392 -0.3329876 -0.7015482 -0.6203489 -0.3273223 -0.7127605 -0.60321 -0.3578982 0.712774 -0.6030197 -0.3582518 -0.7127574 -0.6126571 -0.3639786 -0.7015489 -0.6032208 -0.3579065 -0.7127606 -0.5845776 -0.3875877 0.7127726 -0.584412 -0.3878622 -0.7127592 -0.5937615 -0.3940623 -0.7015427 -0.5845856 -0.3875952 -0.7127621 -0.5644853 -0.4163099 0.712771 -0.5643486 -0.4165086 -0.7127631 -0.5644897 -0.4163151 -0.7127645 -0.5733832 -0.4231696 -0.7015407 -0.5429798 -0.4439905 0.712773 -0.5428875 -0.4441218 -0.7127617 -0.5429835 -0.4439958 -0.712767 -0.5515694 -0.4512262 -0.7015456 -0.5201191 -0.4705624 0.7127742 -0.5200803 -0.4706349 -0.7127546 -0.5201214 -0.4705668 -0.7127698 -0.5283959 -0.4781622 -0.7015402 0.7244601 -0.6877973 0.04574489 0.7201119 -0.6891481 0.08070874 0.7173615 -0.6856893 0.1233804 0.7144261 -0.6813766 0.1591266 0.7059881 -0.6796346 0.1991925 0.7025957 -0.6700909 0.239453 0.6939727 -0.6656739 0.2743723 0.6850335 -0.656697 0.3154018 0.6781178 -0.6460909 0.3503183 0.6646509 -0.6388195 0.3874906 0.6560177 -0.6230759 0.4259312 0.6433104 -0.6137787 0.4576326 0.6281892 -0.5998941 0.4954851 0.6170382 -0.5838541 0.5276157 0.598421 -0.5722339 0.5607502 0.5862267 -0.5464965 0.5980635 0.5739299 -0.5292711 0.6248813 0.5523006 -0.5185646 0.6527289 0.5275532 -0.5027434 0.6847896 0.5088887 -0.483522 0.712207 0.4950035 -0.4468589 0.7451769 0.4819156 -0.4262073 0.7655747 0.4503561 -0.4183912 0.7887512 0.4222975 -0.3976143 0.8145967 0.3995344 -0.3761166 0.8360076 0.381005 -0.3377556 0.8606722 0.367024 -0.2933086 0.882759 0.3614265 -0.2652266 0.8938823 0.3169893 -0.266156 0.910318 0.2743514 -0.2541095 0.9274479 0.2534824 -0.2139534 0.9433826 0.2399471 -0.1585987 0.9577431 0.2429329 -0.1201296 0.962576 0.1926624 -0.1258427 0.9731624 0.1371909 -0.1220123 0.9830014 0.1194822 -0.07488793 0.990008 0.09474384 -0.06219577 0.9935569 0.05652064 -0.03621101 0.9977446 0.04295396 0.009348869 0.9990333 -0.6885816 0.7237288 0.04552108 -0.6891502 0.7201089 0.08071625 -0.6856946 0.7173534 0.1233984 -0.6813787 0.714421 0.1591407 -0.67962 0.7059966 0.1992121 -0.670074 0.7026028 0.2394792 -0.665656 0.6939741 0.2744122 -0.6566731 0.6850333 0.315452 -0.6460782 0.6781076 0.3503615 -0.6388091 0.6646385 0.3875288 -0.6230675 0.6560055 0.4259623 -0.6137724 0.6432769 0.4576879 -0.5998484 0.6281819 0.4955497 -0.5838255 0.6170179 0.527671 -0.572207 0.5983723 0.5608295 -0.5464591 0.5861938 0.59813 -0.5292404 0.5739045 0.6249306 -0.5185298 0.5522643 0.6527871 -0.502691 0.5275042 0.6848658 -0.4834777 0.5088367 0.7122741 -0.4532662 0.4918062 0.7434222 -0.4337199 0.4753183 0.7654801 -0.4186424 0.4497171 0.7889823 -0.3975564 0.4222235 0.8146634 -0.3760441 0.3994524 0.8360795 -0.3376501 0.3809536 0.8607362 -0.3084982 0.3643699 0.8786715 -0.2835391 0.3396899 0.8967811 -0.2661398 0.3168607 0.9103675 -0.2539931 0.2742318 0.9275153 -0.2137979 0.2534199 0.9434346 -0.1584655 0.2398734 0.9577836 -0.1201747 0.2426367 0.9626451 -0.1259008 0.192453 0.9731963 -0.1217697 0.1370834 0.9830465 -0.07460415 0.1194349 0.9900351 -0.06210678 0.09460961 0.9935753 -0.03606992 0.05639642 0.9977567 0.009389877 0.04290831 0.999035 0.6877887 0.7244678 0.04575031 0.6891571 0.7201027 0.08071345 0.7237254 0.6885851 0.04552 0.6856998 0.7173512 0.1233819 0.7201066 0.6891531 0.08071285 0.6813856 0.7144179 0.1591254 0.7173508 0.6856976 0.1233967 0.7144225 0.6813771 0.159141 0.6796323 0.7059894 0.1991959 0.7059952 0.6796228 0.1992077 0.6700776 0.7026068 0.2394572 0.6656596 0.6939867 0.2743718 0.7025999 0.6700768 0.2394798 0.6566815 0.6850476 0.3154034 0.6939709 0.6656586 0.2744141 0.6460843 0.6781214 0.3503236 0.6850277 0.6566804 0.3154489 0.6388185 0.6646522 0.3874898 0.6781113 0.6460777 0.3503553 0.6230702 0.6560264 0.4259259 0.6646452 0.6388025 0.3875283 0.6137779 0.643312 0.4576312 0.6560006 0.6230661 0.4259718 0.5999009 0.6281873 0.4954794 0.6432666 0.6137769 0.4576965 0.5838654 0.6170274 0.5276157 0.6281656 0.5998634 0.495552 0.5722422 0.5984026 0.5607613 0.6169983 0.5838456 0.5276718 0.5465039 0.5862194 0.5980638 0.5983721 0.5722097 0.560827 0.5292644 0.5739333 0.6248839 0.586193 0.54646 0.59813 0.51856 0.5522971 0.6527355 0.5738909 0.529255 0.6249307 0.5027377 0.5275568 0.684791 0.5522706 0.5185303 0.6527814 0.4835159 0.5089033 0.7122007 0.5275087 0.5026935 0.6848605 0.446865 0.4950067 0.7451712 0.5088424 0.4834756 0.7122716 0.4262298 0.4819024 0.7655706 0.4918066 0.4532601 0.7434256 0.4184002 0.4503527 0.7887483 0.4753049 0.4337298 0.7654827 0.3976167 0.422292 0.8145985 0.4496976 0.418662 0.7889831 0.3761131 0.3995267 0.8360128 0.4222313 0.3975639 0.8146556 0.3377453 0.3810093 0.8606742 0.3994686 0.3760441 0.8360716 0.2933055 0.3670198 0.8827618 0.3809388 0.3376552 0.8607407 0.2652209 0.3614393 0.8938789 0.3643611 0.3084918 0.8786773 0.2661311 0.3170183 0.9103153 0.3396956 0.2835506 0.8967753 0.3168902 0.2661501 0.9103542 0.2541025 0.2743403 0.9274532 0.2742549 0.2540101 0.9275038 0.2139692 0.2534821 0.9433791 0.2534233 0.2137982 0.9434337 0.1586008 0.2399324 0.9577465 0.2398529 0.1584836 0.9577857 0.1201689 0.2428569 0.9625902 0.2426034 0.1202177 0.9626482 0.1258987 0.1926777 0.9731521 0.1924756 0.1259304 0.973188 0.1220221 0.1371681 0.9830033 0.1370601 0.1217484 0.9830523 0.07485336 0.1194787 0.9900111 0.1194368 0.07464247 0.990032 0.06216484 0.09474879 0.9935584 0.09461903 0.06212246 0.9935734 0.03620517 0.05650621 0.9977456 -0.009280741 0.0429368 0.9990347 0.05639809 0.03603464 0.9977579 0.04288315 -0.009418547 0.9990357 -0.4706352 -0.5200792 -0.7127553 -0.4959761 -0.495975 -0.7127528 -0.4441273 -0.5428918 -0.7127549 -0.416514 -0.5643546 -0.7127552 -0.3878673 -0.5844175 -0.7127519 -0.3582484 -0.6030175 -0.7127608 -0.32775 -0.6201325 -0.7127523 -0.2964058 -0.6357035 -0.7127585 -0.2643747 -0.6496763 -0.7127599 -0.2316921 -0.6620495 -0.7127478 -0.198349 -0.6727775 -0.712761 -0.1645926 -0.6818332 -0.7127503 -0.130424 -0.6891777 -0.7127578 -0.09588551 -0.6948282 -0.712755 -0.06113314 -0.6987465 -0.7127525 -0.02622747 -0.7009222 -0.7127555 0.008744478 -0.7013584 -0.7127553 0.04369515 -0.7000511 -0.7127547 0.0785309 -0.6970026 -0.7127555 0.1131786 -0.692225 -0.7127518 0.1475714 -0.6857132 -0.7127553 0.1815357 -0.6775137 -0.7127553 0.2150574 -0.6676259 -0.7127596 0.2480953 -0.656071 -0.712755 0.2804903 -0.6428915 -0.7127522 0.3121588 -0.6281141 -0.712762 0.3431084 -0.611763 -0.7127571 0.3731964 -0.5938977 -0.7127482 0.4023143 -0.5745642 -0.7127547 0.4304553 -0.5537984 -0.7127522 0.4575209 -0.531649 -0.7127581 0.4834566 -0.5081871 -0.7127522 0.5081822 -0.4834529 -0.7127581 0.5316511 -0.4575229 -0.7127551 0.5537977 -0.4304554 -0.7127526 0.5745614 -0.4023128 -0.7127578 0.5939034 -0.3731732 -0.7127557 0.6117669 -0.3431068 -0.7127546 0.6281173 -0.3121829 -0.7127487 0.642895 -0.2804852 -0.712751 0.6560732 -0.2480949 -0.7127531 0.667618 -0.2150849 -0.7127586 0.6775088 -0.1815412 -0.7127586 0.6857215 -0.1475428 -0.7127532 0.6922234 -0.1131786 -0.7127534 0.6970024 -0.07853406 -0.7127553 0.7000512 -0.04369372 -0.7127547 0.7013576 -0.008744597 -0.712756 0.7009223 0.02622622 -0.7127554 0.6987446 0.06113237 -0.7127545 0.6948257 0.09588509 -0.7127575 0.6891878 0.1303997 -0.7127525 0.6818284 0.1645898 -0.7127554 0.6727769 0.198373 -0.7127547 0.6620556 0.2316613 -0.7127521 0.6496856 0.2643732 -0.7127521 0.6356943 0.2964285 -0.7127574 0.6201318 0.3277497 -0.7127529 0.603022 0.3582519 -0.7127552 0.5844154 0.3878643 -0.7127552 0.5643569 0.416512 -0.7127546 0.5428954 0.4441275 -0.7127521 0.5200775 0.4706326 -0.7127583 0.4959745 0.4959734 -0.7127551 0.4706352 0.5200792 -0.7127553 0.4441273 0.5428918 -0.7127549 0.416514 0.5643546 -0.7127552 0.3878657 0.5844148 -0.7127549 0.3582529 0.6030247 -0.7127526 0.3277476 0.6201276 -0.7127576 0.2964046 0.6357007 -0.7127615 0.2643523 0.6496888 -0.7127568 0.2316635 0.6620488 -0.7127577 0.198374 0.6727764 -0.7127551 0.1646214 0.6818245 -0.7127519 0.1304256 0.6891859 -0.7127496 0.09588491 0.6948252 -0.7127582 0.06113302 0.6987471 -0.7127519 0.02622717 0.7009222 -0.7127555 -0.008744597 0.7013553 -0.7127583 -0.04369515 0.700051 -0.7127547 -0.0785309 0.6970025 -0.7127555 -0.1131786 0.692225 -0.7127518 -0.1475714 0.6857132 -0.7127553 -0.1815357 0.6775137 -0.7127553 -0.2150574 0.6676259 -0.7127596 -0.2480963 0.6560739 -0.712752 -0.2804881 0.6428859 -0.7127582 -0.3121589 0.628114 -0.7127621 -0.3431115 0.6117681 -0.7127512 -0.3731951 0.5938949 -0.7127512 -0.4023144 0.5745642 -0.7127547 -0.4304528 0.5537964 -0.7127552 -0.4575223 0.5316517 -0.7127551 -0.4834544 0.508185 -0.7127552 -0.5081872 0.4834567 -0.7127521 -0.5316513 0.4575228 -0.7127551 -0.5537949 0.430454 -0.7127556 -0.5745614 0.4023128 -0.7127578 -0.5939056 0.3731753 -0.7127527 -0.6117666 0.3431072 -0.7127546 -0.6281146 0.3121814 -0.7127517 -0.6428971 0.2804861 -0.7127488 -0.656071 0.248094 -0.7127554 -0.6676251 0.2150846 -0.7127519 -0.6775099 0.1815394 -0.712758 -0.6857215 0.1475428 -0.7127532 -0.6922262 0.1131789 -0.7127506 -0.6969994 0.07853353 -0.7127583 -0.7000542 0.04369473 -0.7127517 -0.7013545 0.008745372 -0.7127591 -0.7009252 -0.02622741 -0.7127525 -0.6987426 -0.06113266 -0.7127563 -0.6948342 -0.09588521 -0.7127493 -0.6891883 -0.1304008 -0.7127518 -0.681828 -0.1645918 -0.7127554 -0.6727706 -0.1983731 -0.7127608 -0.662061 -0.2316641 -0.712746 -0.6496852 -0.2643743 -0.7127521 -0.6356911 -0.296428 -0.7127603 -0.6201318 -0.3277497 -0.7127529 -0.6030246 -0.3582536 -0.7127522 -0.5844153 -0.3878645 -0.7127552 -0.5643544 -0.4165103 -0.7127577 -0.5429011 -0.4441206 -0.7127519 -0.520091 -0.4706308 -0.7127496 0.7662007 0.6328259 0.1116598 0.8266568 0.5500699 0.1185825 0.7535987 0.6228747 0.2100384 0.9107361 0.3882173 0.1408796 0.8069394 0.5468525 0.2231623 0.7347226 0.6049625 0.3069251 0.9681404 0.210143 0.1361774 0.7844055 0.5302248 0.3218228 0.984893 0.1004129 0.1410778 0.7094958 0.5799996 0.4002704 0.9899727 -2.49248e-4 0.1412592 0.7562255 0.4989173 0.4233257 0.9849294 -0.1004607 0.1407899 0.9637401 0.1011928 0.2469112 0.9471898 0.2043114 0.2471607 0.9682569 -0.2097358 0.1359767 0.6775813 0.5494725 0.4888392 0.9690613 -2.86566e-4 0.2468203 0.7260228 0.4656143 0.5060576 0.8231431 0.3687729 0.4317894 0.9636537 -0.1012284 0.2472336 0.9316473 0.1005306 0.3491805 0.9151606 0.2019719 0.3488389 0.9106787 -0.388301 0.1410207 0.9471648 -0.2039663 0.2475411 0.6376408 0.5156665 0.5722782 0.9370229 -2.25826e-4 0.3492682 0.7726206 0.3497868 0.5298177 0.6845865 0.4362674 0.5839625 0.9316629 -0.1008977 0.3490331 0.8900495 0.09846472 0.4451029 0.8741262 0.1967864 0.4440479 0.8266161 -0.5501697 0.1184037 0.9153103 -0.2014047 0.3487738 0.8953111 -1.65761e-4 0.4454414 0.7662444 -0.6329594 0.1105977 0.7307693 0.3231512 0.6012899 0.8900886 -0.09871947 0.4449684 0.8396891 0.0950784 0.5346796 0.8190272 0.1960973 0.5392035 0.8688614 -0.2041231 0.4510142 0.5336871 0.428765 0.7289298 0.8447051 -7.04958e-5 0.5352321 0.8108828 -0.5368469 0.2329475 0.7533239 -0.6234259 0.2093879 0.7672851 0.1939336 0.61128 0.8397662 -0.09526264 0.5345259 0.782479 0.0906012 0.6160504 0.7945568 -0.5135338 0.3239794 0.8888959 -0.392717 0.2358758 0.8548173 -0.3924633 0.3394995 0.8217193 -0.2063091 0.5312381 0.7870829 2.32669e-7 0.6168473 0.7340303 -0.6060888 0.3063592 0.7825317 -0.09069186 0.61597 0.7643486 -0.4915403 0.4173243 0.8181849 -0.367626 0.4420685 0.7809381 -0.3420073 0.5226535 0.7673366 -0.1937733 0.6112664 0.419313 0.3247152 0.8477835 0.7085664 -0.581463 0.3997929 0.4415337 0.2774269 0.8532774 0.7259706 -0.4654687 0.5062663 0.7305524 -0.322076 0.6021298 0.6765949 -0.5499953 0.4896167 0.683647 -0.4369021 0.5845882 0.3115852 0.2208169 0.9242048 0.6376454 -0.5156676 0.5722722 0.3005391 0.1775838 0.9370914 0.5631919 -0.3548766 0.7462423 0.1664399 0.1080341 0.9801155 0.5254781 -0.4174286 0.7413678 0.1855573 0.08605366 0.9788581 0.3299271 0.04271173 0.9430397 0.4718803 0.06205207 0.8794764 0.4695348 0.1206086 0.8746375 0.3237983 0.08647865 0.9421657 0.3313868 3.0891e-5 0.943495 0.4720911 -0.06191956 0.8793725 0.4713849 0 0.8819277 0.1847775 0.07527387 0.9798935 0.3041219 0.13167 0.9434897 0.329672 -0.04246175 0.9431402 0.4538999 -0.2657479 0.8505017 0.3255196 -0.08856928 0.9413779 0.4668315 -0.1232186 0.87572 0.4192888 -0.3247046 0.8477994 0.1858683 0.04896831 0.9813537 0.1852371 0.02323895 0.9824191 0.3178245 -0.1398081 0.9377854 0.4543324 -0.2134091 0.8648923 0.1848015 7.52088e-5 0.9827759 0.1851288 -0.02330565 0.9824379 0.3184189 -0.1793474 0.9308298 0.1846804 -0.04766249 0.9816423 0.3115931 -0.2208082 0.9242044 0.1813203 -0.07346981 0.9806759 0.1819092 -0.08711427 0.9794489 0.1664314 -0.1080755 0.9801124 0.8646183 0.4684177 0.1817144 0.8911972 0.3846322 0.2404697 0.9340583 0.3014801 0.1914286 0.862132 0.375603 0.3400748 0.8421574 0.4586566 0.2835583 0.9076448 0.2985512 0.2950394 0.8122925 0.4427984 0.379619 0.8725495 0.2912981 0.3921772 0.9340546 -0.3014883 0.1914339 0.8307046 0.2761746 0.4833813 0.8646214 -0.4684122 0.1817139 0.9092938 -0.2934624 0.295067 0.581055 0.4565052 0.673779 0.5632142 0.4429928 0.6975293 0.5750362 0.3628658 0.7332544 0.8740897 -0.286614 0.3921986 0.6508579 0.3525879 0.6723584 0.6066514 0.2708848 0.7473925 0.6879804 0.2403436 0.684776 0.6287438 0.159886 0.7609979 0.6408643 0.07990056 0.7634847 0.7095298 0.1331854 0.6919748 0.4646768 0.3577911 0.8099759 0.6476042 0 0.761977 0.7186269 0.04265373 0.6940865 0.5262277 0.2829445 0.8018896 0.4625226 0.2048084 0.8626276 0.7186262 -0.04265379 0.6940873 0.6408681 -0.07989865 0.7634817 0.709531 -0.1331852 0.6919738 0.6287471 -0.1598851 0.7609953 0.5518976 0.1848021 0.8131774 0.6879849 -0.2403423 0.6847718 0.5942106 -0.2751711 0.7557742 0.5689974 0.05460268 0.8205246 0.3872967 0.1963179 0.9008111 0.6508597 -0.3525859 0.6723577 0.5689992 -0.05460274 0.8205234 0.5473949 -0.2015123 0.812251 0.5810404 -0.4565321 0.6737734 0.5631805 -0.4430161 0.6975418 0.4859133 -0.3465394 0.8023707 0.09044259 0.02156347 0.9956683 0.09042757 -0.02155137 0.9956699 0.615154 0.444512 0.6511487 0.5069802 0.3605006 0.7829499 0.6151794 -0.4445259 0.6511153 -0.6328235 0.7662027 0.1116599 -0.5500658 0.8266595 0.1185821 -0.6228764 0.7535974 0.2100381 -0.3882156 0.9107368 0.1408805 -0.5468528 0.8069389 0.223163 -0.6049636 0.7347221 0.3069241 -0.2101413 0.968141 0.1361758 -0.5302217 0.7844081 0.3218212 -0.1004096 0.9848933 0.1410785 -0.5800029 0.7094928 0.4002709 9.35297e-5 0.9899968 0.1410904 -0.4981405 0.7563362 0.4240421 0.1010361 0.9848307 0.1410681 -0.1010643 0.9637186 0.2470477 -0.2043136 0.9471891 0.2471615 0.2092913 0.9682831 0.1364738 -0.5494693 0.6775838 0.4888392 0 0.9689847 0.2471205 -0.4651068 0.7267052 0.5055445 0.1018372 0.9636706 0.2469177 -0.1004068 0.9317098 0.3490494 -0.2019716 0.9151598 0.3488413 0.388298 0.9106797 0.1410216 0.2035607 0.9473657 0.247106 -0.5156686 0.6376406 0.5722765 9.448e-5 0.9370723 0.3491352 -0.3506621 0.7726726 0.5291627 -0.3692969 0.8226307 0.4323176 -0.4362672 0.6845867 0.5839624 0.1006721 0.9317786 0.3487893 -0.09846711 0.8900489 0.4451039 -0.1967871 0.8741257 0.4440487 0.5501691 0.8266162 0.1184042 0.2016571 0.9153565 0.3485069 1.65511e-4 0.8953101 0.4454435 0.632963 0.7662416 0.1105974 -0.3231511 0.7307687 0.6012906 0.09844523 0.8899894 0.4452273 -0.1960945 0.8190281 0.5392032 -0.09503424 0.8396695 0.5347182 0.2043472 0.8686855 0.4512513 -0.428766 0.5336975 0.7289216 7.08129e-5 0.8446575 0.5353072 0.6234259 0.7533246 0.209386 0.5368434 0.8108854 0.2329465 -0.1939316 0.7672854 0.6112805 0.09515166 0.8397997 0.5344929 -0.09056615 0.7825124 0.6160131 0.5140294 0.7939592 0.3246578 0.392717 0.8888963 0.2358747 0.3924637 0.8548182 0.3394968 0.2063922 0.8217499 0.5311586 0 0.7871423 0.6167714 0.6052711 0.7342853 0.307363 0.09056615 0.7825132 0.6160123 0.4924582 0.7642666 0.4163911 0.3676283 0.8181853 0.4420661 0.3420104 0.7809374 0.5226525 0.1938449 0.76726 0.6113398 -0.3247082 0.419295 0.847795 0.5810146 0.7093059 0.3991332 -0.277424 0.4415296 0.8532804 0.465474 0.7259663 0.5062677 0.3220744 0.7305533 0.6021295 0.5499969 0.6765925 0.4896183 0.4369059 0.683643 0.5845901 -0.2208096 0.3115847 0.9242068 0.5156686 0.637641 0.572276 -0.1775801 0.3005429 0.9370909 0.3548724 0.5631963 0.7462409 -0.1080458 0.1664345 0.9801152 0.4174094 0.5254923 0.7413685 -0.08604961 0.1855432 0.9788612 -0.1221423 0.4645918 0.8770608 -0.04270619 0.3299342 0.9430375 -0.0595861 0.4690513 0.8811587 -0.08613932 0.3245298 0.941945 -1.11848e-4 0.331286 0.9435304 -4.80795e-5 0.4714502 0.8818927 -0.1323048 0.3046225 0.9432395 -0.07600313 0.1830677 0.980158 0.04281228 0.3298712 0.9430547 0.06212276 0.471934 0.8794425 0.1230478 0.4666571 0.8758371 0.2657518 0.4539015 0.8504995 0.08837682 0.3258812 0.941271 0.3246995 0.4192853 0.8478032 -0.04770386 0.1846746 0.9816413 -0.02323228 0.1852379 0.9824191 0.1403695 0.3162009 0.9382503 0.2134093 0.4543341 0.8648914 -7.09015e-5 0.1848098 0.9827744 0.02330076 0.1851303 0.9824378 0.1780596 0.3176916 0.9313254 0.04770386 0.1846745 0.9816413 0.2208001 0.3115864 0.9242085 0.07600319 0.1830679 0.980158 0.08606475 0.1855563 0.9788573 0.1080795 0.1664382 0.9801108 -0.4684103 0.8646224 0.1817138 -0.3846334 0.8911955 0.2404738 -0.3014897 0.934055 0.1914293 -0.3755997 0.8621357 0.3400691 -0.458658 0.8421562 0.283559 -0.2985509 0.9076441 0.2950417 -0.4427986 0.8122951 0.3796133 -0.2912974 0.8725521 0.3921718 0.3014864 0.9340555 0.1914328 -0.2761806 0.8306992 0.4833871 0.4684098 0.8646224 0.181716 0.2934597 0.9092956 0.2950648 -0.4565248 0.5810359 0.6737822 -0.4430129 0.5631905 0.6975357 -0.3628653 0.5750353 0.7332553 0.2866167 0.8740887 0.3921987 -0.3525874 0.6508576 0.6723589 -0.2708843 0.6066513 0.7473928 -0.2403379 0.6879839 0.6847743 -0.1630212 0.6324832 0.7572247 -0.1331821 0.709529 0.6919763 -0.07775223 0.6441072 0.7609736 -0.3577849 0.4646758 0.8099792 -0.04265648 0.7186258 0.6940876 0 0.6476023 0.7619785 -0.2829484 0.5262247 0.8018903 -0.2048085 0.4625204 0.8626288 0.07989364 0.6408679 0.7634825 0.04265654 0.7186259 0.6940873 0.1331847 0.7095285 0.6919764 0.1598795 0.6287477 0.760996 -0.1959871 0.5492484 0.8123518 0.2403414 0.6879834 0.6847736 0.2751727 0.5942111 0.7557733 -0.1098074 0.5636246 0.8187 -0.03527903 0.5701956 0.8207513 -0.1963171 0.387301 0.9008094 0.3525866 0.6508573 0.6723597 0.05460339 0.5689978 0.8205242 0.2015143 0.5473946 0.8122506 0.4565435 0.5810484 0.6737588 0.4430112 0.5632026 0.6975271 0.3465425 0.4859091 0.802372 -0.02156573 0.09044033 0.9956684 0.02153694 0.09043931 0.9956691 -0.4445214 0.6151539 0.6511425 -0.3605049 0.5069745 0.7829515 0.4445346 0.6151731 0.6511152 0.3255074 0.6360583 -0.6996247 -0.6402484 -0.2924947 -0.7103021 -0.6560584 -0.2732704 -0.703499 -0.517885 0.4754123 -0.7111809 -0.5413418 0.460498 -0.7034847 -0.4626253 0.5394934 -0.7035089 -0.4760266 0.5185301 -0.7102995 0.2706651 0.6571506 -0.7034868 0.2706626 0.6571484 -0.7034897 -0.388033 0.5865451 -0.7109116 -0.4200755 0.5781894 -0.6994525 -0.3701286 0.6067032 -0.7035027 -0.3460533 0.6129642 -0.7102971 -0.3256287 0.636016 -0.6996068 0.2706717 0.65715 -0.7034848 0.2706729 0.6571489 -0.7034853 -0.4379236 0.5502954 -0.7109135 -0.4626248 0.5394912 -0.7035109 -0.2466353 0.6595329 -0.7100616 -0.2706663 0.6571566 -0.7034807 -0.2235326 0.678618 -0.6996505 0.2706695 0.6571495 -0.703486 0.2706704 0.6571481 -0.703487 -0.1909042 0.6770319 -0.7107626 -0.1673725 0.6911121 -0.7031007 0.2706689 0.6571481 -0.7034876 -0.1425844 0.6897444 -0.709875 -0.1161513 0.7054154 -0.6992124 0.2235301 0.6786149 -0.6996544 0.2466354 0.6595305 -0.7100637 0.2235326 0.6786135 -0.6996549 -0.08308774 0.6984537 -0.7108156 0.6189447 0 0.7854346 -0.03085297 0.7030161 -0.7105044 0.6777479 0.1877931 -0.7109091 0.6796808 0.2208484 -0.6994713 0.7144769 0.002890944 -0.6996531 0.7034679 0.03075921 -0.7100611 0.6899014 0.1396972 -0.7102963 0.6984226 0.08021008 -0.7111767 0.03085368 0.7030165 -0.7105041 0.1909049 0.6770326 -0.7107618 0.1425858 0.689746 -0.709873 0.08308577 0.6984552 -0.7108145 -0.6777494 -0.1877908 -0.7109081 -0.6796913 -0.220843 -0.6994628 -0.7144764 -0.002890825 -0.6996536 -0.7034686 -0.03076064 -0.7100604 -0.6899021 -0.1396965 -0.7102957 -0.6984256 -0.08020955 -0.7111738 -0.2921023 0.6394529 -0.7111795 -0.656031 -0.2732807 -0.7035204 -0.5510334 0.4383762 -0.7100624 -0.5763272 0.4223037 -0.6996476 -0.6560505 -0.27327 -0.7035065 -0.5849009 0.3907751 -0.7107642 -0.6055721 0.3727525 -0.7030919 -0.6560457 -0.2732734 -0.7035096 -0.6119567 0.3487667 -0.7098387 -0.03542953 0 0.9993722 -0.6560456 -0.2732713 -0.7035105 -0.6386236 0.2948721 -0.7107815 -0.6564267 0.2734305 -0.7030931 -0.6560438 -0.2732703 -0.7035126 -0.6590697 0.2465866 -0.7105084 -0.9571036 0 -0.2897462 -0.6560468 -0.2732674 -0.7035109 -0.6781414 0.1879006 -0.7105051 -0.6917744 0.1646271 -0.7030975 -0.6586877 -0.2464427 -0.7109124 -0.6796903 -0.2208477 -0.6994623 -0.6899433 0.1368097 -0.7108175 -0.7067875 0.1075177 -0.6992077 -0.702889 0.02765136 -0.710762 -0.7000458 0.07753628 -0.709876 0.1396975 -0.6899017 -0.710296 0.1645335 -0.6913762 -0.7035111 0.05435234 -0.7086277 -0.703486 0.08021229 -0.6984218 -0.7111772 0.03076094 -0.7034686 -0.7100605 -0.05438339 -0.7090078 -0.7031006 -0.0276522 -0.7028882 -0.7107626 0.2208449 -0.6796904 -0.699463 0.187795 -0.6777489 -0.7109076 -0.07753509 -0.7000467 -0.7098754 -0.1646351 -0.6917757 -0.7030944 -0.1368145 -0.6899407 -0.710819 0.273257 -0.6560465 -0.7035151 0.246428 -0.6587013 -0.710905 0.6984546 -0.08308887 -0.7108146 0.7087923 -0.05719923 -0.7030944 0.6911031 -0.1673716 -0.7031099 0.6897456 -0.142583 -0.709874 0.2732727 -0.6560461 -0.7035096 -0.1879007 -0.6781375 -0.710509 -0.2209749 -0.680081 -0.6990422 0.6770334 -0.1909037 -0.7107613 0.6786122 -0.2235331 -0.699656 0.7030167 0.03085345 -0.7105038 0.7087887 0.0571987 -0.7030981 0.7029927 -0.030855 -0.7105275 0.2732735 -0.6560423 -0.7035127 -0.2465862 -0.6590701 -0.7105082 -0.2734292 -0.6564266 -0.7030936 0.659533 -0.2466275 -0.7100642 0.6571587 -0.2706555 -0.7034828 0.6984477 0.08309096 -0.7108213 0.6771135 0 -0.7358787 0.6571487 -0.2706698 -0.7034866 0.6770312 0.1909033 -0.7107635 0.6786183 0.2235325 -0.6996503 0.6897732 0.142578 -0.7098482 0.2732667 -0.6560468 -0.7035112 0.2732738 -0.6560459 -0.7035093 -0.3487484 -0.6119213 -0.7098782 -0.3284615 -0.6350041 -0.6992016 -0.3727522 -0.6055727 -0.7030914 0.6571483 -0.2706703 -0.7034868 0.6595333 0.2466354 -0.7100613 0.6571545 0.2706699 -0.7034813 0.2732692 -0.656046 -0.7035109 -0.3907812 -0.5849032 -0.7107589 -0.4223083 -0.576332 -0.6996407 0.6571493 -0.2706715 -0.7034854 0.6394508 0.2921038 -0.7111808 0.636021 0.3256223 -0.6996052 0.2732692 -0.656045 -0.7035118 -0.4223015 -0.5763201 -0.6996547 0.6571547 -0.2706585 -0.7034854 0.6129636 0.3460486 -0.7103 0.6067048 0.3701302 -0.7035005 0.2732682 -0.6560477 -0.7035098 -0.4383752 -0.5510313 -0.7100646 -0.4604946 -0.5413449 -0.7034845 0.6571493 -0.2706557 -0.7034916 0.5865423 0.388033 -0.710914 0.5781815 0.4200685 -0.6994632 -0.2732727 0.6560436 -0.7035118 -0.2924913 0.6402521 -0.7103 0.657176 -0.2706533 -0.7034676 0.6394541 -0.2920702 -0.7111915 0.4754142 0.5178891 -0.7111767 0.4604946 0.5413446 -0.7034847 0.5394929 0.4626223 -0.7035112 0.518534 0.4760281 -0.7102957 0.5781953 0.4200783 -0.6994459 0.6571484 -0.2706816 -0.7034825 -0.6571896 0.2706529 -0.703455 -0.6394473 0.2920681 -0.7111985 0.2924873 -0.6402392 -0.7103133 -0.4754136 -0.5178893 -0.7111769 -0.5394918 -0.4626238 -0.703511 -0.5185343 -0.4760283 -0.7102952 0.5502976 0.4379237 -0.7109117 -0.2732772 0.6560434 -0.7035104 0.4383733 0.5510333 -0.7100642 0.4222992 0.576321 -0.6996553 -0.6571488 0.2706637 -0.703489 -0.5502973 -0.437924 -0.7109117 -0.5781955 -0.4200778 -0.699446 -0.5781804 -0.420074 -0.6994608 -0.6571514 0.2706663 -0.7034855 -0.2732626 0.6560479 -0.7035117 0.4222869 0.5763463 -0.699642 -0.657148 0.270671 -0.7034869 -0.5865387 -0.3880345 -0.7109161 -0.6067055 -0.3701291 -0.7035005 -0.27327 0.6560484 -0.7035084 0.3907632 0.5849161 -0.7107584 0.372753 0.6055713 -0.7030922 -0.6571508 0.2706689 -0.7034851 -0.6129634 -0.3460485 -0.7103002 0 0 -1 -0.2732698 0.6560465 -0.7035102 0.3487482 0.6119207 -0.7098788 0.328459 0.6350047 -0.6992022 -0.6571494 0.27067 -0.7034859 -0.6394857 -0.2921199 -0.7111428 -0.6571543 -0.2706716 -0.7034807 -0.2732731 0.6560421 -0.703513 0.2948551 0.6385889 -0.7108198 0.2734312 0.6564267 -0.7030928 -0.6571482 0.2706697 -0.7034872 -0.6595302 -0.2466376 -0.7100632 0 0 1 -0.2732704 0.6560466 -0.7035099 0.2465388 0.659102 -0.710495 -0.9013136 0 -0.4331673 -0.6571553 0.2706297 -0.703496 -0.6770295 -0.1909034 -0.7107651 -0.705416 -0.1161538 -0.6992115 -0.689755 -0.1425821 -0.709865 -0.2732714 0.6560463 -0.7035099 0.1879001 0.6781382 -0.7105084 0.1646305 0.6917775 -0.7030937 -0.6786158 0.2235327 -0.6996527 -0.6595401 0.246619 -0.7100606 -0.6984536 -0.08309 -0.7108155 -0.7087844 -0.05719912 -0.7031024 -0.2464413 0.6586874 -0.7109133 -0.2208439 0.6796915 -0.6994623 0.07753497 0.7000464 -0.7098757 0.05438244 0.7090077 -0.7031008 0.1368129 0.6899405 -0.7108195 -0.6911023 0.1673731 -0.7031102 -0.6770336 0.1909053 -0.7107606 -0.7030162 -0.03085315 -0.7105044 -0.708783 0.0571981 -0.703104 -0.703048 0.03085142 -0.7104729 -0.1877952 0.6777485 -0.7109079 -0.1645326 0.6913757 -0.7035117 -0.03076446 0.7034684 -0.7100604 -0.05435311 0.7086276 -0.7034862 0.02765172 0.7028885 -0.7107625 -0.6984546 0.08308911 -0.7108145 -0.6897456 0.1425834 -0.7098739 -0.139697 0.6899023 -0.7102955 -0.08021003 0.6984215 -0.7111777 0.6796926 0.2208432 -0.6994615 0.7028987 -0.02764999 -0.7107524 0.5991476 0 0.8006387 0.7000429 -0.07753473 -0.7098791 0.6560462 0.2732715 -0.7035099 0.6586937 0.246442 -0.7109072 0.6899399 -0.1368107 -0.7108205 0.6917756 -0.1646284 -0.7030961 0.6560465 0.2732688 -0.7035107 0.6781392 -0.1879002 -0.7105075 0.6800793 -0.220975 -0.6990439 0.659065 -0.2465907 -0.7105115 0.6564283 -0.2734303 -0.7030916 0.6560414 0.273274 -0.7035134 0.6560446 0.2732748 -0.7035101 0.6385886 -0.2948569 -0.7108193 0.6350067 -0.3284588 -0.6992005 0.6560488 0.2732638 -0.7035104 0.6119239 -0.3487456 -0.7098773 0.6055716 -0.372753 -0.703092 0.6560309 0.2732723 -0.7035239 0.5848996 -0.3907766 -0.7107645 0.5763267 -0.4223026 -0.6996486 0.6560599 0.27327 -0.7034977 0.5510349 -0.4383753 -0.7100617 0.541343 -0.4604938 -0.7034866 -0.2948573 -0.6385876 -0.71082 -0.2706677 -0.6571497 -0.7034865 -0.2706714 -0.6571474 -0.7034873 0.2466367 -0.6595325 -0.7100614 0.2706742 -0.657153 -0.703481 0.2235335 -0.6786168 -0.6996514 -0.2706694 -0.6571503 -0.7034854 -0.2706662 -0.6571492 -0.7034876 0.3460468 -0.6129647 -0.7103 0.3701305 -0.6067016 -0.7035031 -0.9980791 0 -0.06195199 -0.2706628 -0.6571528 -0.7034856 -0.2921389 -0.6394268 -0.7111879 -0.3257102 -0.6359944 -0.6995885 0.4626255 -0.5394912 -0.7035104 0.4626249 -0.5394943 -0.7035084 -0.03085327 -0.7030168 -0.7105037 6.25236e-7 -0.7150717 -0.6990512 -0.2235336 -0.6786132 -0.6996549 -0.1909062 -0.6770328 -0.7107611 -0.1425852 -0.6897446 -0.7098746 -0.08308738 -0.6984544 -0.710815 -0.2235341 -0.6786128 -0.6996551 0.0830872 -0.6984536 -0.7108159 0.1161512 -0.705415 -0.699213 0.03085374 -0.7030166 -0.7105039 -0.2466384 -0.6595299 -0.7100633 -0.2706688 -0.657149 -0.7034868 0.1425848 -0.6897447 -0.7098746 0.167372 -0.6911125 -0.7031005 0.1909034 -0.6770321 -0.7107626 0.2921078 -0.639451 -0.7111789 -0.270663 -0.6571507 -0.7034875 0.3880335 -0.5865454 -0.7109111 0.4200744 -0.5781899 -0.6994526 0.2920683 0.6394677 -0.7111802 0.437925 -0.5502945 -0.7109133 0.5178861 -0.475412 -0.7111805 0.4760262 -0.5185303 -0.7102995 0.6402369 0.2924889 -0.7103148 -0.9395196 0.3052641 -0.1552956 -0.9752566 0.1789648 -0.1297923 -0.9445375 0.306894 -0.1168971 1.20266e-7 0.9878684 -0.1552938 -0.1311586 0.9828285 -0.1297906 -2.15018e-7 0.9931443 -0.1168956 -0.3156996 0.7566812 -0.5725097 -0.2544847 0.8724982 -0.4171147 -3.13825e-7 0.9306538 -0.365901 -0.2081864 0.9287096 -0.3068499 -8.54873e-7 0.962446 -0.2714733 -0.1744228 0.9576176 -0.2292276 8.5326e-7 0.9788676 -0.2044951 -0.1493868 0.9735417 -0.1729173 -0.6220836 0.5340792 -0.5725133 -0.8223519 0.2671914 -0.5023407 -0.5276811 0.7262928 -0.4405128 -0.7511559 0.5116419 -0.4171183 -0.8851045 0.2875837 -0.3659039 -0.4398335 0.8350818 -0.3304315 -0.6582938 0.6763608 -0.3304324 -0.8189235 0.4849805 -0.3068524 -0.9153411 0.2974079 -0.2714762 -0.370115 0.8954107 -0.2474967 -0.5683708 0.7822946 -0.2548918 -0.7372148 0.6286965 -0.2474978 -0.8568495 0.4618038 -0.2292296 -0.9309595 0.3024821 -0.2044971 -0.316665 0.9301012 -0.1861052 -0.4920464 0.8486499 -0.1941231 -0.6550656 0.730209 -0.1941236 -0.786726 0.5885804 -0.1861063 -0.8797312 0.4429133 -0.1729188 -0.2760134 0.9510579 -0.138944 -0.4303867 0.8908367 -0.1455252 -0.5813139 0.800113 -0.1479641 -0.7142373 0.6846073 -0.1455258 -0.8192169 0.5563973 -0.1389452 -0.8941957 0.4284484 -0.1297922 -0.908434 0.02758413 -0.4171172 -0.947588 0.08898538 -0.3068528 -0.9646484 0.1300281 -0.2292293 -0.9720568 0.1587594 -0.172919 -0.9301249 -0.1602571 -0.3304321 -0.9659572 -0.07530808 -0.2474981 -0.9196408 -0.2988146 -0.2548936 -0.9824333 -0.01375371 -0.1861065 -0.959164 -0.2057189 -0.1941242 -0.9898028 0.0313813 -0.1389454 -0.9802317 -0.1340453 -0.1455261 -0.9405862 -0.305621 -0.1479644 0.2081852 0.9287101 -0.3068496 0.1744227 0.9576177 -0.2292274 0.3166647 0.9301013 -0.186105 0.1493878 0.9735415 -0.1729173 0.2760127 0.9510582 -0.138944 0.1311587 0.9828284 -0.1297907 -0.07484179 0.9931433 -0.08980554 -0.2140999 0.9718559 -0.09827208 -0.1517139 0.9865519 -0.0608136 -0.2961851 0.9528267 -0.06629961 -0.2303866 0.9726141 -0.03072136 -0.3762254 0.9259245 -0.03343999 -0.3090115 0.9510583 -2.21118e-7 -0.4522044 0.8919142 -5.57948e-4 -0.361877 0.9264223 -0.1038598 -0.4433197 0.8936953 -0.06911206 -0.5123298 0.8520902 -0.1070547 -0.5190856 0.8540314 -0.03436261 -0.586336 0.8070266 -0.07013171 -0.6520643 0.7505676 -0.1070548 -0.5877807 0.8090202 -5.75409e-4 -0.6518211 0.7575939 -0.03436279 -0.7129578 0.6977927 -0.06911242 -0.769252 0.6304478 -0.1038604 -0.7085146 0.7056959 -5.57871e-4 -0.7643436 0.6439417 -0.03344029 -0.8146642 0.5761309 -0.06630033 -0.858129 0.5039416 -0.09827315 -0.8090155 0.5877874 -2.78631e-7 -0.8538164 0.519667 -0.03072172 -0.8913843 0.44915 -0.06081426 -0.9214088 0.3780749 -0.08980667 -0.967664 0.2357144 -0.08980637 -0.9904509 0.09669286 -0.09827297 -0.9851496 0.1605678 -0.06081414 -0.9977185 0.01274448 -0.06629997 -0.9962049 0.08143854 -0.03072154 -0.9968663 -0.07169032 -0.03344005 -1 1.237e-6 -3.5797e-7 -0.9879992 -0.1544589 -5.57787e-4 -0.9929057 -0.05789202 -0.1038604 -0.9869472 -0.1454609 -0.06911224 -0.9687032 -0.2239498 -0.1070553 -0.9726374 -0.2297733 -0.03436261 -0.9487143 -0.3082578 -0.07013189 -0.9153286 -0.3882175 -0.1070553 -0.9510571 -0.309015 -5.75242e-4 -0.9219373 -0.3858119 -0.03436279 -0.8900982 -0.4557684 -5.57503e-4 0.4433246 0.8936929 -0.06911224 0.3618777 0.9264221 -0.1038594 0.45221 0.8919113 -5.57451e-4 0.3762255 0.9259246 -0.03343933 0.2961865 0.9528263 -0.0662992 0.2141013 0.9718556 -0.09827208 0.3090135 0.9510577 -2.89762e-7 0.2303868 0.9726141 -0.03072142 0.1517138 0.9865519 -0.0608136 0.07484179 0.9931433 -0.08980566 -0.9492278 0.3084202 -0.06199657 -0.9236156 0.3820247 -0.031484 -0.890097 0.4557709 5.5733e-4 -0.9717696 0.2338216 -0.031484 -0.9510558 0.3090189 5.74816e-4 -0.9879986 0.1544623 5.57421e-4 0 0.9980764 -0.06199586 0.0779137 0.996463 -0.03148359 0.158403 0.9873745 5.57423e-4 -0.0779134 0.996463 -0.03148359 1.3571e-7 0.9999998 5.74671e-4 -0.1584029 0.9873745 5.57383e-4 0.1789646 0.9752568 -0.1297921 0.306894 0.9445375 -0.1168971 0.3052636 0.9395198 -0.1552959 0.9878684 8.53175e-7 -0.155294 0.9828283 0.1311596 -0.1297907 0.9931443 5.09115e-7 -0.1168957 0.756676 0.3157072 -0.5725125 0.8724985 0.2544822 -0.4171155 0.9306542 3.12027e-6 -0.3659002 0.9287099 0.2081857 -0.3068497 0.962446 0 -0.2714731 0.9576174 0.1744237 -0.2292278 0.9788676 1.86101e-7 -0.2044953 0.9735414 0.149388 -0.1729172 0.5340772 0.6220852 -0.5725134 0.2671912 0.8223511 -0.5023423 0.7262924 0.5276814 -0.440513 0.5116405 0.7511566 -0.4171183 0.2875835 0.8851045 -0.3659041 0.8350817 0.4398334 -0.3304316 0.6763606 0.6582939 -0.3304323 0.484981 0.8189233 -0.3068522 0.2974075 0.9153411 -0.2714764 0.8954107 0.3701151 -0.2474968 0.7822943 0.5683712 -0.2548918 0.6286958 0.7372153 -0.2474979 0.4618038 0.8568496 -0.2292293 0.3024823 0.9309595 -0.2044969 0.9301013 0.3166645 -0.186105 0.8486497 0.4920465 -0.194123 0.7302086 0.655066 -0.1941236 0.5885799 0.7867264 -0.186106 0.4429132 0.8797313 -0.1729188 0.9510579 0.2760136 -0.1389439 0.8908364 0.4303871 -0.145525 0.8001131 0.581314 -0.147964 0.6846073 0.7142375 -0.145526 0.5563965 0.8192175 -0.1389454 0.4284479 0.8941959 -0.129792 0.02758872 0.9084331 -0.4171189 0.08898478 0.9475881 -0.3068528 0.1300278 0.9646485 -0.2292292 0.158759 0.9720569 -0.1729188 -0.1602579 0.9301242 -0.3304337 -0.07530862 0.9659572 -0.2474983 -0.2988168 0.9196403 -0.254893 -0.01375353 0.9824334 -0.1861063 -0.2057185 0.9591641 -0.1941242 0.03138095 0.9898028 -0.1389452 -0.1340455 0.9802317 -0.1455259 -0.3056209 0.9405863 -0.1479643 0.9287102 -0.208185 -0.3068491 0.9576177 -0.1744225 -0.2292276 0.9301012 -0.3166648 -0.1861054 0.9735415 -0.1493875 -0.1729174 0.9510585 -0.2760118 -0.1389437 0.9828285 -0.1311587 -0.1297905 0.9931433 0.07484209 -0.0898056 0.9718558 0.2141004 -0.0982722 0.9865518 0.1517144 -0.06081354 0.9528265 0.2961859 -0.06629979 0.9726141 0.2303866 -0.0307213 0.9259243 0.3762262 -0.03344005 0.951058 0.3090128 -3.95761e-7 0.8919142 0.4522044 -5.57843e-4 0.9264222 0.3618772 -0.1038598 0.8936951 0.4433201 -0.06911212 0.85209 0.5123299 -0.1070548 0.8540311 0.5190861 -0.03436261 0.8070265 0.586336 -0.07013171 0.7505676 0.6520643 -0.1070548 0.8090199 0.587781 -5.75441e-4 0.7575938 0.6518211 -0.03436279 0.6977924 0.7129582 -0.06911242 0.6304476 0.7692523 -0.1038603 0.7056953 0.7085152 -5.57915e-4 0.6439417 0.7643435 -0.03344029 0.5761305 0.8146644 -0.06630033 0.503941 0.8581293 -0.09827303 0.5877872 0.8090156 -3.00106e-7 0.5196671 0.8538163 -0.03072178 0.4491499 0.8913843 -0.06081432 0.3780748 0.9214088 -0.08980679 0.2357143 0.967664 -0.08980667 0.09669202 0.9904509 -0.09827303 0.1605679 0.9851496 -0.06081408 0.01274418 0.9977183 -0.06630009 0.08143812 0.9962049 -0.03072148 -0.07169044 0.9968663 -0.03344005 1.40884e-6 1 -4.23792e-7 -0.1544592 0.987999 -5.58e-4 -0.0578919 0.9929057 -0.1038604 -0.1454613 0.9869472 -0.06911224 -0.2239501 0.968703 -0.1070551 -0.2297733 0.9726374 -0.03436267 -0.3082581 0.9487141 -0.07013189 -0.388218 0.9153283 -0.1070563 -0.3090152 0.9510569 -5.75312e-4 -0.3858121 0.9219374 -0.03436273 -0.4557702 0.8900974 -5.57414e-4 0.8936946 -0.443321 -0.06911206 0.926422 -0.3618779 -0.1038594 0.8919136 -0.4522055 -5.57066e-4 0.9259245 -0.3762257 -0.03343933 0.9528266 -0.2961857 -0.06629925 0.9718556 -0.2141012 -0.09827202 0.9510572 -0.3090153 -3.72307e-7 0.9726141 -0.2303867 -0.03072142 0.986552 -0.1517136 -0.06081372 0.9931434 -0.07484221 -0.0898056 0.3084204 0.9492278 -0.06199645 0.3820241 0.9236159 -0.031484 0.4557709 0.890097 5.57393e-4 0.2338211 0.9717698 -0.03148388 0.3090183 0.9510559 5.74913e-4 0.1544623 0.9879986 5.5732e-4 0.9980764 2.09413e-7 -0.0619958 0.996463 -0.0779131 -0.0314837 0.987374 -0.1584061 5.57405e-4 0.996463 0.07791376 -0.03148365 0.9999998 -1.37032e-6 5.74814e-4 0.9873741 0.1584051 5.57672e-4 0.9752568 -0.178965 -0.1297922 0.9445376 -0.3068937 -0.1168972 0.93952 -0.3052632 -0.1552957 9.46352e-7 -0.9878684 -0.155294 0.1311594 -0.9828284 -0.1297906 2.62599e-7 -0.9931443 -0.1168956 0.315707 -0.7566764 -0.5725121 0.2544823 -0.8724983 -0.4171158 2.26411e-6 -0.9306539 -0.3659005 0.208186 -0.9287099 -0.3068497 -3.51461e-7 -0.9624461 -0.2714732 0.1744238 -0.9576174 -0.2292276 2.40679e-7 -0.9788676 -0.2044951 0.1493877 -0.9735414 -0.1729172 0.6220847 -0.5340783 -0.5725129 0.8223513 -0.2671922 -0.5023413 0.5276806 -0.7262928 -0.4405134 0.7511563 -0.5116411 -0.4171185 0.8851046 -0.2875831 -0.3659042 0.4398335 -0.8350818 -0.3304315 0.6582937 -0.6763606 -0.3304326 0.8189232 -0.4849808 -0.3068527 0.9153411 -0.2974078 -0.271476 0.3701156 -0.8954104 -0.2474967 0.5683714 -0.7822943 -0.2548918 0.7372153 -0.6286959 -0.2474977 0.85685 -0.4618032 -0.2292292 0.9309597 -0.3024819 -0.2044968 0.3166646 -0.9301013 -0.1861051 0.4920465 -0.8486499 -0.194123 0.6550656 -0.730209 -0.1941235 0.7867261 -0.5885802 -0.1861062 0.8797312 -0.4429133 -0.1729187 0.2760134 -0.9510579 -0.138944 0.430387 -0.8908364 -0.1455251 0.5813139 -0.800113 -0.147964 0.7142375 -0.6846072 -0.1455258 0.8192172 -0.5563968 -0.1389454 0.8941961 -0.4284476 -0.1297921 0.9084337 -0.02758514 -0.417118 0.947588 -0.0889852 -0.3068527 0.9646486 -0.1300278 -0.2292294 0.972057 -0.1587592 -0.1729188 0.9301244 0.1602597 -0.3304322 0.9659572 0.07530885 -0.2474985 0.9196403 0.298816 -0.2548937 0.9824334 0.01375341 -0.186106 0.9591635 0.2057213 -0.194124 0.9898028 -0.03138107 -0.1389454 0.9802316 0.134046 -0.1455261 0.9405862 0.3056209 -0.1479647 -0.2081844 -0.9287099 -0.3068505 -0.1744222 -0.9576178 -0.2292274 -0.3166652 -0.9301011 -0.1861054 -0.1493877 -0.9735415 -0.1729174 -0.2760121 -0.9510583 -0.1389438 -0.1311588 -0.9828285 -0.1297905 0.07484239 -0.9931433 -0.08980572 0.2141005 -0.9718558 -0.0982722 0.1517146 -0.9865518 -0.06081354 0.2961857 -0.9528266 -0.06629973 0.2303864 -0.9726142 -0.03072124 0.3762261 -0.9259243 -0.03343999 0.3090116 -0.9510583 -1.9624e-7 0.4522046 -0.8919142 -5.57917e-4 0.3618772 -0.9264222 -0.1038598 0.4433199 -0.8936952 -0.06911206 0.5123299 -0.8520901 -0.1070548 0.5190862 -0.854031 -0.03436267 0.5863361 -0.8070264 -0.07013171 0.6520644 -0.7505674 -0.1070549 0.5877808 -0.8090201 -5.75428e-4 0.6518211 -0.7575939 -0.03436279 0.712958 -0.6977926 -0.06911242 0.7692522 -0.6304476 -0.1038604 0.7085151 -0.7056955 -5.57906e-4 0.7643433 -0.6439418 -0.03344035 0.8146646 -0.5761303 -0.06630027 0.858129 -0.5039415 -0.09827315 0.8090157 -0.5877872 -2.98991e-7 0.8538162 -0.5196674 -0.03072178 0.8913846 -0.4491495 -0.06081432 0.9214088 -0.3780751 -0.08980667 0.9676641 -0.2357143 -0.08980655 0.9904509 -0.09669202 -0.09827315 0.9851496 -0.1605677 -0.06081402 0.9977183 -0.01274412 -0.06630003 0.9962049 -0.08143818 -0.03072148 0.9968663 0.07169044 -0.03344005 1 1.81772e-6 -4.82029e-7 0.9879986 0.1544624 -5.57999e-4 0.9929057 0.05789178 -0.1038605 0.9869472 0.145461 -0.06911224 0.9687032 0.2239497 -0.1070552 0.9726374 0.2297735 -0.03436267 0.9487141 0.3082583 -0.07013189 0.9153286 0.3882173 -0.1070553 0.9510564 0.3090167 -5.75448e-4 0.9219369 0.3858129 -0.03436297 0.8900977 0.4557695 -5.57469e-4 -0.4433189 -0.8936958 -0.06911146 -0.3618777 -0.926422 -0.1038595 -0.4522078 -0.8919125 -5.57274e-4 -0.3762251 -0.9259247 -0.03343939 -0.2961859 -0.9528265 -0.06629914 -0.2141004 -0.9718558 -0.09827196 -0.3090149 -0.9510572 -3.24278e-7 -0.2303867 -0.9726141 -0.03072148 -0.1517136 -0.986552 -0.0608136 -0.07484185 -0.9931433 -0.08980572 0.9492278 -0.3084204 -0.06199651 0.923616 -0.3820242 -0.031484 0.8900972 -0.4557706 5.57332e-4 0.9717699 -0.233821 -0.03148388 0.9510559 -0.3090185 5.74761e-4 0.9879988 -0.1544609 5.57588e-4 1.83236e-7 -0.9980764 -0.06199574 -0.07791316 -0.996463 -0.03148365 -0.1584059 -0.987374 5.57463e-4 0.0779137 -0.996463 -0.03148365 3.27359e-7 -0.9999998 5.75005e-4 0.158405 -0.987374 5.5725e-4 -0.3052638 -0.9395197 -0.1552957 -0.1789644 -0.9752569 -0.129792 -0.3068938 -0.9445377 -0.1168971 -0.9878684 0 -0.1552938 -0.9828284 -0.1311592 -0.1297906 -0.9931443 1.04042e-6 -0.1168956 -0.7566773 -0.315705 -0.5725119 -0.8724985 -0.2544844 -0.4171141 -0.9306539 -8.65724e-7 -0.3659007 -0.9287099 -0.2081852 -0.3068498 -0.962446 -2.42583e-7 -0.2714732 -0.9576175 -0.1744231 -0.2292278 -0.9788677 0 -0.204495 -0.9735415 -0.1493879 -0.1729172 -0.5340786 -0.6220841 -0.5725132 -0.2671916 -0.8223519 -0.5023407 -0.7262929 -0.5276812 -0.4405126 -0.511641 -0.7511562 -0.4171187 -0.2875837 -0.8851044 -0.3659044 -0.8350815 -0.4398341 -0.3304315 -0.6763606 -0.658294 -0.3304322 -0.4849812 -0.8189231 -0.3068524 -0.2974079 -0.9153411 -0.271476 -0.8954105 -0.3701153 -0.2474968 -0.7822942 -0.5683712 -0.2548919 -0.6286955 -0.7372156 -0.2474979 -0.4618036 -0.8568497 -0.2292295 -0.3024825 -0.9309594 -0.204497 -0.9301012 -0.3166651 -0.186105 -0.8486499 -0.4920465 -0.194123 -0.7302086 -0.655066 -0.1941235 -0.5885802 -0.7867262 -0.1861062 -0.4429135 -0.8797311 -0.1729187 -0.951058 -0.2760134 -0.1389439 -0.8908367 -0.4303867 -0.1455252 -0.800113 -0.581314 -0.1479641 -0.684607 -0.7142378 -0.1455259 -0.5563965 -0.8192174 -0.1389453 -0.4284482 -0.8941959 -0.1297922 -0.02758544 -0.908434 -0.4171172 -0.08898556 -0.947588 -0.3068526 -0.1300282 -0.9646486 -0.2292292 -0.1587591 -0.9720569 -0.1729189 0.1602589 -0.9301245 -0.3304322 0.07530874 -0.9659572 -0.2474985 0.2988143 -0.9196411 -0.2548927 0.01375395 -0.9824334 -0.1861062 0.2057209 -0.9591637 -0.194124 -0.03138083 -0.9898028 -0.1389452 0.1340455 -0.9802317 -0.1455261 0.3056208 -0.9405863 -0.1479645 -0.9287105 0.2081832 -0.3068498 -0.9576178 0.1744222 -0.2292272 -0.9301015 0.3166642 -0.1861052 -0.9735413 0.1493881 -0.1729175 -0.9510585 0.2760118 -0.138944 -0.9828285 0.1311589 -0.1297906 -0.9931434 -0.07484179 -0.08980542 -0.9718558 -0.2141007 -0.09827214 -0.9865518 -0.1517142 -0.06081348 -0.9528266 -0.2961854 -0.06629967 -0.9726141 -0.2303869 -0.03072136 -0.9259244 -0.3762256 -0.03343999 -0.9510583 -0.3090117 -2.62694e-7 -0.8919143 -0.4522043 -5.57999e-4 -0.9264222 -0.3618771 -0.1038598 -0.8936952 -0.44332 -0.06911212 -0.8520902 -0.5123298 -0.1070547 -0.8540312 -0.5190858 -0.03436255 -0.8070264 -0.5863361 -0.07013177 -0.7505675 -0.6520642 -0.1070548 -0.8090202 -0.5877805 -5.75544e-4 -0.7575939 -0.6518211 -0.03436279 -0.6977926 -0.712958 -0.06911253 -0.6304478 -0.769252 -0.1038604 -0.7056955 -0.7085152 -5.57845e-4 -0.6439418 -0.7643433 -0.03344029 -0.5761308 -0.8146643 -0.06630033 -0.5039412 -0.8581292 -0.09827315 -0.587787 -0.8090158 -2.7692e-7 -0.5196672 -0.8538163 -0.03072172 -0.44915 -0.8913843 -0.0608142 -0.3780746 -0.9214089 -0.08980673 -0.2357141 -0.967664 -0.08980661 -0.09669268 -0.9904509 -0.09827327 -0.1605676 -0.9851496 -0.06081414 -0.01274436 -0.9977185 -0.06629997 -0.08143836 -0.9962049 -0.03072154 0.07169049 -0.9968663 -0.03344011 -1.5392e-6 -1 -3.00254e-7 0.1544595 -0.987999 -5.57897e-4 0.0578916 -0.9929056 -0.1038605 0.1454609 -0.9869472 -0.06911218 0.2239502 -0.9687031 -0.1070553 0.2297736 -0.9726373 -0.03436261 0.3082583 -0.9487141 -0.07013165 0.3882173 -0.9153288 -0.1070551 0.3090147 -0.9510571 -5.7533e-4 0.3858135 -0.9219366 -0.03436267 0.4557688 -0.890098 -5.5759e-4 -0.8936948 0.4433208 -0.06911224 -0.9264217 0.3618785 -0.1038596 -0.8919131 0.4522066 -5.57255e-4 -0.9259244 0.3762258 -0.03343945 -0.9528263 0.2961865 -0.0662992 -0.9718558 0.2141004 -0.09827208 -0.9510571 0.3090153 -3.35305e-7 -0.9726141 0.2303872 -0.03072142 -0.986552 0.1517134 -0.06081378 -0.9931433 0.07484167 -0.0898056 -0.3084201 -0.9492278 -0.06199651 -0.3820244 -0.9236158 -0.031484 -0.4557712 -0.8900969 5.5734e-4 -0.2338212 -0.9717698 -0.03148388 -0.3090183 -0.951056 5.74881e-4 -0.1544626 -0.9879985 5.57453e-4 -0.9980765 -6.40136e-7 -0.06199592 -0.996463 0.07791328 -0.03148365 -0.9873739 0.1584062 5.57424e-4 -0.9964628 -0.07791405 -0.0314837 -0.9999998 1.55915e-6 5.74886e-4 -0.9873744 -0.1584033 5.57414e-4 -0.4445448 0.566751 0.6936666 -0.3640839 0.6252099 0.6903301 -0.3670015 0.6241582 -0.6897366 -0.4577829 0.5575693 -0.6924964 -0.5115982 0.5061361 0.6943297 -0.5343663 0.483859 -0.6930608 -0.5707898 0.4378339 0.6946226 -0.5995659 0.4000064 -0.6931924 -0.5860298 0.5438286 0.6006827 -0.6518461 0.3078923 -0.693036 -0.5212445 0.4542558 0.7224652 -0.6647174 0.2692403 0.6968935 -0.6900595 0.2089939 -0.692921 -0.6955266 0.1740197 0.6971083 -0.7134294 0.1055782 -0.6927278 -0.7115808 0.07723015 0.6983469 -0.7214555 -1.82159e-4 -0.6924609 -0.7149781 -0.02119058 0.6988257 -0.7139412 -0.1060338 -0.6921306 -0.7052302 -0.1189298 0.6989321 -0.6910552 -0.209721 -0.6917079 -0.6829063 -0.2145295 0.6982952 -0.653179 -0.3085923 -0.6914681 -0.6517515 -0.3046373 0.6945618 -0.6084713 -0.3805713 0.6963679 -0.6008355 -0.3994649 -0.6924049 -0.5739772 -0.4254741 0.6996585 -0.5344027 -0.4837614 -0.6931008 -0.5513219 -0.4543488 0.6997224 -0.5196698 -0.4919064 0.6985495 -0.4788962 -0.5342093 0.6966197 -0.457992 -0.5566223 -0.6931197 -0.4249094 -0.5778241 0.6968296 -0.3660648 -0.6241257 -0.6902636 -0.3583926 -0.6266607 0.6919907 -0.2563499 0.67956 0.687374 -0.2563492 0.6795627 -0.6873716 -0.130287 0.7144939 0.6874037 -0.1302841 0.7144924 -0.6874058 -0.03234887 0.7162576 0.6970859 -0.03234779 0.7162633 -0.6970801 -2.56286e-7 -0.9193401 0.3934641 -3.75947e-7 -0.7013367 0.7128302 0.2193854 -0.894441 0.3896734 0 -0.3570154 0.9340985 0.08385813 -0.3436022 0.9353637 -0.2193865 -0.8944407 0.3896735 -0.08385658 -0.3435958 0.9353663 0.3049138 -0.6315948 0.7128223 0.4293915 -0.8131712 0.3929067 0.6084215 -0.6914706 0.3894762 0.232644 -0.2662067 0.9354202 0.16726 -0.3148665 0.9342823 0.5491287 -0.4363385 0.7127878 0.7599964 -0.518989 0.3912234 0.8595293 -0.3314247 0.3890593 0.3288894 -0.1288616 0.9355354 0.2942071 -0.1988124 0.9348347 0.6842337 -0.1545904 0.7126893 0.9155818 -0.1042178 0.3883925 0.3556051 0.03809672 0.9338597 0.3540985 -0.03595852 0.9345166 0.6842336 0.1545904 0.7126894 0.9155818 0.1042181 0.3883923 0.8595331 0.3314174 0.3890572 0.3331888 0.1302646 0.9338182 0.5491286 0.4363389 0.7127876 0.7599954 0.518991 0.3912231 0.6084132 0.6914796 0.3894731 0.2310917 0.2645046 0.9362874 0.2963954 0.1973106 0.9344616 0.3049132 0.6315935 0.7128237 0.4293932 0.8131701 0.3929068 0.2193863 0.8944407 0.3896738 0.08142197 0.3464405 0.9345317 0.1662122 0.3128483 0.9351468 -4.62152e-7 0.7013367 0.7128303 -1.05027e-6 0.9193401 0.393464 -0.2193858 0.8944409 0.3896737 -0.08509355 0.3488332 0.9333138 2.17486e-5 0.3625161 0.9319776 -0.3049128 0.6315935 0.7128239 -0.4293921 0.8131708 0.3929067 -0.6084126 0.69148 0.3894734 -0.2333007 0.2694552 0.9343259 -0.1696733 0.3194615 0.9322851 -0.5491285 0.4363383 0.7127881 -0.7599942 0.5189919 0.391224 -0.859533 0.331417 0.3890575 -0.3289061 0.1288675 0.9355288 -0.2942156 0.198818 0.9348309 -0.6842338 0.1545897 0.7126894 -0.9155816 0.104218 0.3883928 -0.3507403 0.03738701 0.9357262 -0.6842336 -0.1545902 0.7126895 -0.9155815 -0.1042178 0.388393 -0.8595293 -0.3314245 0.3890597 -0.3288934 -0.1288626 0.9355339 -0.3507336 -0.0373876 0.9357287 -0.5491282 -0.4363381 0.7127885 -0.7599964 -0.5189888 0.3912242 -0.6084212 -0.6914709 0.3894764 -0.2326439 -0.2662075 0.9354199 -0.2942108 -0.1988149 0.9348329 -0.3049136 -0.6315946 0.7128226 -0.429392 -0.8131708 0.3929068 -0.1672589 -0.3148638 0.9342833 -0.9193404 8.51774e-7 0.3934634 -0.7013357 0 0.7128312 -0.8944427 -0.2193784 0.3896734 -0.3620977 -2.61354e-4 0.9321401 -0.3469511 -0.08237272 0.9342589 -0.8944429 0.2193778 0.3896735 -0.3479525 0.08468228 0.9336798 -0.6315928 -0.3049153 0.7128235 -0.8131684 -0.4293981 0.3929054 -0.6914686 -0.608426 0.3894727 -0.2662067 -0.2326463 0.9354195 -0.3148668 -0.1672604 0.934282 -0.4363374 -0.5491293 0.7127881 -0.5190016 -0.7599883 0.3912228 -0.3314236 -0.8595296 0.3890594 -0.1288621 -0.328889 0.9355354 -0.1988145 -0.2942104 0.9348332 -0.1545893 -0.6842343 0.7126891 -0.104209 -0.9155847 0.3883879 0.03738725 -0.3507416 0.9357258 -0.03738707 -0.3507263 0.9357315 0.1545892 -0.6842343 0.7126891 0.1042084 -0.9155845 0.3883886 0.3314253 -0.859529 0.3890594 0.1288607 -0.3288866 0.9355365 0.4363378 -0.5491289 0.7127881 0.5190021 -0.7599881 0.3912223 0.6914699 -0.6084247 0.3894726 0.2662059 -0.2326451 0.93542 0.1988137 -0.2942096 0.9348337 0.6315932 -0.3049147 0.7128233 0.8131695 -0.429396 0.3929051 0.8944433 -0.219378 0.3896722 0.3435927 -0.08385491 0.9353675 0.3148664 -0.1672599 0.9342823 0.701336 0 0.712831 0.9193406 2.01009e-7 0.3934628 0.8944432 0.2193784 0.3896725 0.3435993 0.0838555 0.935365 0.3570219 0 0.934096 0.6315948 0.304912 0.712823 0.8131749 0.4293866 0.3929045 0.6914657 0.6084268 0.3894767 0.2668071 0.2356342 0.9345002 0.314875 0.1672657 0.9342783 0.4363393 0.5491291 0.712787 0.5189899 0.7599954 0.3912248 0.331425 0.8595275 0.3890631 0.1308662 0.3341025 0.9334075 0.20212 0.2987697 0.9326758 0.1545891 0.6842349 0.7126885 0.1042088 0.9155824 0.3883934 -0.03796362 0.3561037 0.9336749 0.03811323 0.3562451 0.933615 -0.1545893 0.6842346 0.7126886 -0.1042093 0.9155822 0.3883938 -0.3314235 0.8595279 0.3890633 -0.1265034 0.3310852 0.9350827 -0.4363388 0.5491295 0.7127871 -0.5189898 0.7599957 0.391224 -0.6914656 0.6084265 0.3894774 -0.2644333 0.2311227 0.9362999 -0.1975023 0.2923405 0.9356976 -0.6315944 0.3049126 0.7128231 -0.8131744 0.4293867 0.3929055 -0.317355 0.165882 0.9336858 -0.01797109 -0.003410696 0.9998328 -0.01856011 -0.01143968 0.9997624 -0.02174508 -7.38881e-4 0.9997634 8.33356e-7 0 -1 -4.68825e-7 0 -1 0 0 -1 -2.85528e-7 0 -1 -2.19089e-6 0 -1 0 0 -1 -8.16142e-6 0 -1 -9.64778e-7 0 -1 -3.82884e-7 0 -1 1.33628e-7 0 -1 -9.14099e-7 0 -1 4.00466e-6 0 -1 -1.63974e-7 0 -1 3.76187e-7 0 -1 0 0 -1 -3.49056e-7 0 -1 0 0 -1 0 0 -1 -6.63367e-7 0 -1 0 0 -1 -3.87933e-7 0 -1 -4.42881e-7 0 -1 2.26269e-6 0 -1 -3.91601e-6 0 -1 0 0 -1 -8.68074e-7 0 -1 1.97273e-6 0 -1 1.98053e-6 0 -1 -1.11645e-6 0 -1 3.91484e-6 0 -1 -0.003528892 -0.004377305 0.9999842 -3.03228e-4 -0.002437591 0.9999971 -0.006484448 -0.004956066 0.9999667 0.02174401 -7.39006e-4 0.9997633 0.02119123 0.007001161 0.9997509 0.01797151 -0.003410637 0.9998327 0.02266478 0.01197952 0.9996713 0.01924163 0.01673781 0.9996747 0.008759021 -9.92022e-4 0.9999611 0.0185588 -0.0114395 0.9997624 0.01435405 0.02189528 0.9996572 0.009301185 0.02190887 0.9997168 0.003207623 0.01982247 0.9997984 2.30769e-4 -0.00244075 0.999997 0.00135976 -0.001988112 0.9999971 8.70661e-4 -0.002210557 0.9999972 -0.00438106 0.02321982 0.9997208 -7.82828e-4 0.01256805 0.9999208 -0.00724405 0.006703019 0.9999513 -0.005496203 0.006924152 0.999961 -0.01005166 -1.10578e-4 0.9999496 -0.008074641 -0.004435181 0.9999576 -0.004359066 -0.006802976 0.9999675 -0.008835613 0.004327952 0.9999516 3.96558e-6 0 -1 -0.009803712 0.002574682 0.9999486 -0.009272336 -0.001839458 0.9999554 3.67116e-7 -0.677765 -0.7352787 0.1622132 -0.658093 -0.7352554 0.3149788 -0.6001379 -0.7352706 0.4494437 -0.5073159 -0.7352761 0.5578013 -0.3850207 -0.7352665 0.6337391 -0.240346 -0.7352609 0.672842 -0.08169704 -0.7352614 0.6728286 0.08169615 -0.7352738 0.6337363 0.2403383 -0.7352659 0.5577988 0.3850234 -0.735267 0.4494428 0.5073292 -0.7352675 0.3149847 0.6001467 -0.7352609 0.1622082 0.6580753 -0.7352724 -1.34886e-6 0.6777774 -0.7352672 -0.1622117 0.6580843 -0.7352636 -0.3149803 0.6001388 -0.7352693 -0.4494767 0.5073662 -0.7352213 -0.5577991 0.3850228 -0.7352672 -0.6337345 0.2403374 -0.7352676 -0.6728313 0.08169627 -0.7352712 -0.6728313 -0.08169645 -0.7352713 -0.6337294 -0.2403433 -0.7352702 -0.5578056 -0.3850247 -0.7352612 -0.449442 -0.5073139 -0.7352786 -0.3149791 -0.6001386 -0.73527 -0.1622109 -0.6580856 -0.7352626 -0.6777808 1.14641e-6 -0.7352641 -0.6580711 -0.162199 -0.7352782 -0.6001365 -0.3149812 -0.7352708 -0.5073252 -0.4494565 -0.7352619 -0.3850357 -0.5578033 -0.735257 -0.2403419 -0.6337233 -0.7352759 -0.08169043 -0.6728336 -0.7352698 0.08168941 -0.6728394 -0.7352645 0.2403436 -0.6337277 -0.7352715 0.3850214 -0.5577846 -0.7352788 0.5073229 -0.4494562 -0.7352638 0.6001411 -0.3149853 -0.7352652 0.658073 -0.1622014 -0.7352759 0.6777858 -3.23442e-7 -0.7352595 0.6580732 0.1622007 -0.7352759 0.6001484 0.3149787 -0.7352621 0.507348 0.4494795 -0.7352321 0.3850212 0.5578023 -0.7352655 0.2403437 0.6337259 -0.7352731 0.08169126 0.6728432 -0.7352609 -0.08169025 0.672836 -0.7352676 -0.2403465 0.6337354 -0.7352639 -0.3850228 0.5578028 -0.7352643 -0.507319 0.4494531 -0.7352683 -0.6001473 0.3149777 -0.7352635 -0.6580805 0.1622024 -0.735269 -7.01016e-7 0.9193403 0.3934635 1.97807e-4 0.7001481 0.7139978 -0.2193918 0.8943679 0.3898376 -0.01023781 0.3715246 0.9283667 -0.06152164 0.3528124 0.9336695 0.2193912 0.8943681 0.3898376 0.07005316 0.3536045 0.9327682 0.0380485 0.3722648 0.9273465 0.01918703 0.3761916 0.9263432 -0.2283613 0.2721599 0.9347621 -0.3038778 0.6311706 0.7136399 -0.174683 0.3169456 0.9322185 -0.1106969 0.3424087 0.9330072 -0.4293516 0.813185 0.3929217 -0.608427 0.6913777 0.3896326 -0.3216208 0.1510114 0.934749 -0.5476658 0.4363771 0.713889 -0.2862607 0.2177782 0.9330743 -0.7599276 0.5190485 0.3912785 -0.8595094 0.3313094 0.3892015 -0.3516227 0.009251534 0.9360962 -0.68221 0.155299 0.7144731 -0.351053 0.07901591 0.9330157 -0.915515 0.1043421 0.3885164 -0.3124317 -0.1232645 0.941909 -0.6820276 -0.1562944 0.7144302 -0.3386806 -0.05883282 0.9390603 -0.9155149 -0.1043419 0.3885168 -0.8595131 -0.3313004 0.3892009 -0.2966548 -0.1643003 0.9407451 -0.5475358 -0.4372558 0.7134507 -0.7599331 -0.5190407 0.3912783 -0.6084254 -0.6913799 0.389631 -0.1818225 -0.2779088 0.943243 -0.2314527 -0.2462934 0.9411531 -0.2704387 -0.2250876 0.9360547 -0.28614 -0.2029252 0.9364535 -0.3049345 -0.6325812 0.7119383 -0.4293348 -0.8131948 0.3929199 -0.2193763 -0.8943724 0.3898361 -0.1022144 -0.3284559 0.9389724 -8.91668e-4 -0.7020547 0.7121224 3.04026e-7 -0.9193381 0.3934689 0.2193763 -0.8943724 0.389836 0.05492269 -0.3439606 0.9373765 -0.03562778 -0.3468641 0.9372385 0.3038442 -0.6322649 0.712685 0.4293351 -0.8131944 0.3929201 0.6084262 -0.6913795 0.3896306 0.2057559 -0.2817841 0.9371565 0.1293654 -0.3260694 0.9364525 0.54787 -0.4371142 0.7132809 0.7599323 -0.519041 0.3912791 0.859513 -0.3313013 0.3892005 0.3160682 -0.1594822 0.935236 0.2692567 -0.2306745 0.9350348 0.6827278 -0.1555215 0.7139298 0.915515 -0.1043404 0.3885172 0.3540967 0.001754522 0.9352073 0.3477334 -0.08253872 0.9339534 0.6826726 0.1556255 0.7139599 0.9155145 0.1043427 0.3885176 0.8595104 0.3313072 0.3892013 0.315007 0.1617482 0.9352049 0.3468608 0.0866006 0.93391 0.5478541 0.4371256 0.7132862 0.7599284 0.5190477 0.3912779 0.6084267 0.691378 0.3896324 0.2077729 0.2865946 0.9352508 0.2683585 0.2353787 0.9341202 0.3038883 0.6322217 0.7127045 0.4293512 0.8131853 0.3929214 0.1305367 0.3311901 0.9344909 -3.7889e-7 0.6777634 -0.7352801 -0.162213 0.658093 -0.7352555 -0.3149795 0.6001375 -0.7352706 -0.4494437 0.5073162 -0.735276 -0.5578007 0.3850216 -0.7352665 -0.6337387 0.2403477 -0.7352607 -0.672834 0.08169776 -0.7352686 -0.6728411 -0.08169704 -0.7352622 -0.6337315 -0.2403378 -0.7352702 -0.5578066 -0.3850184 -0.7352637 -0.4494447 -0.5073164 -0.7352752 -0.3149711 -0.600148 -0.7352657 -0.1621972 -0.6580834 -0.7352675 0 -0.6777775 -0.7352671 0.1621984 -0.6580925 -0.7352591 0.3149653 -0.6001412 -0.7352738 0.4494776 -0.5073557 -0.7352281 0.5578079 -0.3850193 -0.7352623 0.6337326 -0.2403379 -0.7352692 0.6728311 -0.08169639 -0.7352714 0.6728329 0.08169686 -0.7352698 0.6337294 0.2403437 -0.73527 0.5578048 0.3850254 -0.7352614 0.4494413 0.5073146 -0.7352785 0.314979 0.6001387 -0.73527 0.1622111 0.6580852 -0.7352628 0.9193395 -1.09801e-6 0.3934655 0.7004265 -8.74832e-5 0.7137246 0.8943699 0.2193819 0.3898388 0.3684415 -0.01111012 0.9295846 0.3823962 7.77248e-4 0.9239981 0.3824916 0.001650154 0.9239576 0.3707098 0.02176678 0.9284937 0.3465834 0.0782721 0.9347478 0.8943698 -0.2193823 0.3898386 0.3325059 -0.06345719 0.9409639 0.281587 0.2166688 0.9347532 0.6310992 0.3040958 0.7136102 0.3261505 0.1519048 0.9330332 0.8131835 0.4293548 0.3929213 0.6913773 0.608429 0.3896302 0.1647046 0.3148686 0.9347354 0.436406 0.5477194 0.7138301 0.2332388 0.2735852 0.9331403 0.5190602 0.7599197 0.3912782 0.3313075 0.8595089 0.3892041 0.1551898 0.6825371 0.7141844 0.01931011 0.3547978 0.9347437 0.09974688 0.3451485 0.9332326 0.1043336 0.9155163 0.3885157 -0.135425 0.3269654 0.9352828 -0.1553372 0.6829628 0.7137452 -0.0512734 0.353254 0.9341214 -0.1043324 0.9155163 0.3885163 -0.3313088 0.8595081 0.3892049 -0.4363789 0.5486012 0.7131691 -0.2687518 0.2304964 0.935224 -0.2051445 0.2915862 0.9342876 -0.5190598 0.7599202 0.3912778 -0.6913764 0.6084298 0.3896305 -0.3439966 0.08412277 0.9351951 -0.6314561 0.3046531 0.7130566 -0.3165246 0.1657316 0.9339944 -0.8131842 0.4293537 0.3929214 -0.8943695 0.2193838 0.3898383 -0.3446282 -0.081052 0.9352337 -0.7011539 5.65044e-5 0.7130101 -0.357495 0.002322375 0.9339122 -0.9193393 1.20354e-6 0.3934657 -0.8943697 -0.219383 0.3898385 -0.2692195 -0.2260685 0.9361699 -0.6314991 -0.3045951 0.7130433 -0.3180028 -0.1627713 0.9340128 -0.8131895 -0.4293445 0.3929199 -0.6913837 -0.6084207 0.3896316 -0.133924 -0.3216552 0.9373379 -0.436366 -0.5486211 0.7131618 -0.2032082 -0.2863024 0.9363427 -0.5190463 -0.7599288 0.3912789 -0.331294 -0.859515 0.3892022 0.02730548 -0.3469787 0.9374755 -0.1547493 -0.6835328 0.7133271 -0.04792785 -0.3463173 0.9368923 -0.1043325 -0.9155164 0.3885158 0.1043328 -0.9155163 0.3885161 0.1734899 -0.2829924 0.943301 0.1565726 -0.6836997 0.7127692 0.1110313 -0.3249732 0.9391829 0.3312941 -0.859515 0.3892022 0.2384468 -0.2427456 0.9403286 0.4353423 -0.5497143 0.7129456 0.5190454 -0.7599295 0.3912789 0.6913828 -0.6084217 0.3896317 0.2624939 -0.2160005 0.9404472 0.6307833 -0.3034802 0.7141514 0.8131896 -0.4293444 0.3929201 0.3188865 -0.1177508 0.9404501 0.29888 -0.1729765 0.9384828 0.2767054 -0.200647 0.9397739 0.6777805 -8.84094e-7 -0.7352643 0.6580744 0.1622016 -0.7352747 0.6001359 0.3149827 -0.7352706 0.5073258 0.4494562 -0.7352617 0.385034 0.5578034 -0.735258 0.240341 0.6337246 -0.735275 0.08169007 0.6728332 -0.7352703 -0.08169102 0.6728394 -0.7352644 -0.2403445 0.6337274 -0.7352715 -0.3850227 0.5577836 -0.7352789 -0.5073243 0.4494544 -0.7352639 -0.6001418 0.3149847 -0.7352649 -0.658073 0.1622017 -0.7352759 -0.6777856 1.46136e-7 -0.7352597 -0.6580725 -0.1622023 -0.7352762 -0.6001478 -0.3149805 -0.7352619 -0.5073629 -0.4494788 -0.7352223 -0.3850163 -0.5577937 -0.7352746 -0.2403333 -0.6337364 -0.7352674 -0.08169031 -0.6728436 -0.7352607 0.08169049 -0.6728343 -0.7352692 0.2403374 -0.6337443 -0.7352593 0.3850163 -0.5577965 -0.7352724 0.507327 -0.4494466 -0.7352667 0.6001378 -0.3149738 -0.7352728 0.6580848 -0.1622045 -0.7352647 0.7110484 -0.1752519 -0.6809531 0.7323294 2.93574e-6 -0.6809507 0.6777741 1.9362e-6 -0.7352702 0.6580765 -0.1621948 -0.7352742 0.6484453 -0.3403338 -0.6809491 0.6001378 -0.3149805 -0.73527 0.507321 -0.4494568 -0.7352647 0.5481417 -0.4856188 -0.6809663 0.3850135 -0.557793 -0.7352766 0.416006 -0.6026909 -0.6809572 0.2403514 -0.6337406 -0.7352579 0.2596924 -0.684735 -0.6809536 0.0817039 -0.6728269 -0.7352744 0.08828037 -0.7269744 -0.6809661 -0.08170658 -0.6728306 -0.7352708 -0.08828115 -0.726991 -0.6809483 -0.2403501 -0.6337327 -0.7352651 -0.259685 -0.6847227 -0.6809688 -0.3850203 -0.5578012 -0.7352668 -0.4160014 -0.6026889 -0.6809618 -0.5073284 -0.4494563 -0.7352598 -0.5481527 -0.4856271 -0.6809515 -0.6001412 -0.3149806 -0.7352672 -0.6484329 -0.3403282 -0.6809638 -0.6580808 -0.1621997 -0.7352693 -0.7110544 -0.1752579 -0.6809452 -0.6777774 2.38675e-6 -0.7352672 -0.7323259 1.1407e-6 -0.6809543 -0.6580845 0.1622039 -0.7352651 -0.7110402 0.175255 -0.6809608 -0.6001323 0.3149778 -0.7352756 -0.6484306 0.3403282 -0.680966 -0.5073109 0.4494436 -0.7352797 -0.5481633 0.4856331 -0.6809387 -0.385021 0.5578044 -0.735264 -0.4160103 0.6026972 -0.6809491 -0.2403479 0.6337286 -0.7352693 -0.2596899 0.6847245 -0.6809652 -0.08828288 0.7269976 -0.680941 -0.08170545 0.6728348 -0.735267 0.08170443 0.6728246 -0.7352764 0.08828175 0.7269944 -0.6809446 0.2403502 0.6337347 -0.7352634 0.2596871 0.6847216 -0.6809692 0.385014 0.5577917 -0.7352773 0.416005 0.6026916 -0.6809572 0.5073202 0.4494546 -0.7352665 0.5481573 0.4856336 -0.6809432 0.6001335 0.3149772 -0.7352749 0.6484439 0.3403302 -0.6809522 0.7110303 0.1752508 -0.6809722 0.6580795 0.1621978 -0.7352709 0.7110564 -0.1752547 -0.6809439 0.732323 1.8685e-6 -0.6809576 0.6777744 1.71234e-6 -0.73527 0.658083 -0.1621967 -0.735268 0.648441 -0.3403322 -0.680954 0.6001387 -0.3149794 -0.7352697 0.5481453 -0.4856241 -0.6809597 0.5073268 -0.4494598 -0.7352588 0.416001 -0.602687 -0.6809638 0.3850205 -0.5578011 -0.7352668 0.2596908 -0.6847345 -0.6809548 0.24035 -0.6337327 -0.7352651 0.08828109 -0.7269919 -0.6809474 0.08170568 -0.6728308 -0.7352706 -0.08828157 -0.7269848 -0.6809548 -0.08170372 -0.672828 -0.7352734 -0.2596893 -0.6847263 -0.6809635 -0.2403488 -0.6337355 -0.7352631 -0.4160019 -0.6026863 -0.6809638 -0.3850125 -0.5577927 -0.7352773 -0.5481603 -0.4856317 -0.6809421 -0.5073207 -0.4494521 -0.7352677 -0.6484329 -0.3403292 -0.6809631 -0.6001411 -0.3149819 -0.7352667 -0.6580711 -0.162198 -0.7352784 -0.7110421 -0.1752527 -0.6809594 -0.7323343 2.60686e-6 -0.6809454 -0.6777771 1.07841e-6 -0.7352675 -0.7110357 0.1752554 -0.6809653 -0.6580737 0.1622 -0.7352757 -0.6484496 0.3403365 -0.6809437 -0.6001382 0.3149794 -0.7352701 -0.5481446 0.4856182 -0.6809645 -0.5073236 0.4494519 -0.7352659 -0.4160102 0.6027011 -0.6809456 -0.3850143 0.5577924 -0.7352767 -0.2596914 0.6847373 -0.6809517 -0.2403522 0.6337404 -0.7352577 -0.08827954 0.726978 -0.6809623 -0.08170461 0.672822 -0.7352789 0.08828228 0.7269906 -0.6809486 0.08170372 0.6728312 -0.7352705 0.2596876 0.6847223 -0.6809682 0.2403487 0.6337329 -0.7352654 0.4160133 0.6027024 -0.6809426 0.3850192 0.5578035 -0.7352656 0.5481425 0.4856173 -0.6809667 0.507309 0.4494467 -0.735279 0.6484491 0.3403338 -0.6809455 0.6001338 0.3149772 -0.7352747 0.6580872 0.1621997 -0.7352635 0.7110331 0.1752522 -0.6809689 0.03234583 0.7162638 0.6970795 0.03234624 0.7162474 -0.6970964 0.364088 0.6252219 0.690317 0.3670023 0.624159 -0.6897354 0.2563537 0.6795597 -0.6873729 0.256349 0.679559 0.6873753 0.1302859 0.7144932 -0.6874046 0.1302868 0.7144955 0.6874021 0.4249108 -0.5778261 0.6968271 0.358394 -0.6266626 0.6919883 0.3660634 -0.6241264 -0.6902636 0.457993 -0.5566242 -0.6931175 0.4788954 -0.5342096 0.69662 0.5344017 -0.4837608 -0.693102 0.5196709 -0.4919059 0.698549 0.5513219 -0.4543474 0.6997232 0.5739768 -0.4254746 0.6996585 0.6008347 -0.3994644 -0.6924058 0.6084713 -0.3805714 0.6963679 0.6531797 -0.3085927 -0.6914672 0.6517482 -0.3046355 0.6945657 0.6829059 -0.2145295 0.6982956 0.6910544 -0.2097218 -0.6917085 0.7052307 -0.118929 0.6989318 0.7139417 -0.1060343 -0.6921301 0.7149769 -0.02119034 0.698827 0.7214568 -1.82034e-4 -0.6924595 0.7115808 0.07722902 0.698347 0.7134296 0.1055789 -0.6927274 0.6954153 0.1740561 0.6972102 0.6900592 0.2089941 -0.6929212 0.664717 0.2690963 0.6969494 0.6518468 0.3078922 -0.6930355 0.5305989 0.4485638 0.7192047 0.5899361 0.5513619 0.5898945 0.5995669 0.4000068 -0.6931913 0.5707947 0.4378377 0.6946161 0.5343678 0.4838604 -0.6930587 0.5115988 0.5061364 0.6943289 0.4577809 0.5575678 -0.692499 0.4445389 0.5667436 0.6936765 0.2563467 -0.6795462 0.6873888 0.2563449 -0.6795448 -0.6873909 0.1302864 -0.7145088 0.6873883 0.1302858 -0.7145109 -0.6873863 0.03231829 -0.7162495 0.6970955 0.03231704 -0.7162546 -0.6970903 -0.03231739 -0.7162601 0.6970847 -0.03231722 -0.7162408 -0.6971045 -0.2563483 -0.6795452 -0.6873892 -0.2563476 -0.6795459 0.6873887 -0.1302894 -0.7145086 -0.6873879 -0.1302888 -0.714509 0.6873877 -0.4960398 -0.496034 -0.7126675 -0.487582 -0.51212 -0.7071047 0.487579 0.5121188 -0.7071076 0.471096 0.5197746 -0.7126731 0.4450278 0.5422671 -0.7126688 -0.5197725 -0.4710956 -0.712675 -0.5422677 -0.4450285 -0.7126678 0.4178811 0.5634484 -0.7126719 0.3897354 0.5832802 -0.7126645 -0.5634519 -0.4178825 -0.7126684 -0.5832782 -0.3897331 -0.7126673 0.3606437 0.6016978 -0.7126682 0.3306852 0.6186681 -0.7126691 -0.6016964 -0.3606435 -0.7126696 -0.6186673 -0.3306856 -0.7126696 0.299929 0.6341477 -0.7126706 0.2684519 0.6481003 -0.7126708 -0.6341448 -0.2999278 -0.7126737 -0.648104 -0.2684519 -0.7126675 0.2363281 0.6604914 -0.7126712 0.2036337 0.6712892 -0.712674 -0.6604904 -0.2363278 -0.7126722 -0.6712924 -0.2036336 -0.7126709 0.1704502 0.6804785 -0.7126681 0.1368553 0.6880209 -0.7126696 -0.6804763 -0.1704492 -0.7126705 -0.6880211 -0.1368548 -0.7126694 0.102931 0.6939069 -0.7126699 0.06875848 0.6981231 -0.7126686 -0.6939125 -0.1029301 -0.7126647 -0.6981093 -0.06876188 -0.7126817 0.03442114 0.7006561 -0.7126685 7.00613e-7 0.7015013 -0.7126683 -0.7006551 -0.03442335 -0.7126693 -0.7015018 4.83023e-7 -0.7126678 -0.03442215 0.7006557 -0.7126688 -0.7006557 0.03442203 -0.7126688 -0.06876021 0.698123 -0.7126685 -0.1029313 0.6939076 -0.7126692 -0.6981182 0.06875687 -0.7126735 -0.693911 0.1029295 -0.7126662 -0.136855 0.6880211 -0.7126695 -0.170449 0.6804735 -0.7126732 -0.6880177 0.1368567 -0.7126724 -0.6804784 0.1704517 -0.7126679 -0.2036348 0.6712943 -0.7126688 -0.2363268 0.6604888 -0.7126741 -0.6712928 0.2036349 -0.7126702 -0.6604903 0.2363282 -0.7126722 -0.268453 0.6481022 -0.7126687 -0.2999297 0.6341469 -0.712671 -0.6480994 0.268452 -0.7126715 -0.6341481 0.2999299 -0.7126697 -0.330685 0.6186676 -0.7126696 -0.3606439 0.6016963 -0.7126694 -0.6186667 0.3306859 -0.71267 -0.6016951 0.3606427 -0.712671 -0.3897342 0.5832775 -0.7126673 -0.4178829 0.5634512 -0.7126687 -0.5832794 0.3897348 -0.7126654 -0.5634515 0.4178823 -0.7126688 -0.4450265 0.5422654 -0.7126708 -0.4710975 0.5197748 -0.712672 -0.5422646 0.4450252 -0.7126722 -0.5197754 0.4710993 -0.7126704 -0.496035 0.496035 -0.71267 0 0 -1 0 0 -1 4.29234e-7 0 -1 3.37613e-7 0 -1 -1.28008e-6 0 -1 0 0 -1 0 0 -1 1.62082e-6 0 -1 0.4960403 0.4960376 -0.7126646 -0.4710956 -0.5197752 -0.7126729 -0.4450256 -0.5422644 -0.7126722 0.5197724 0.4710956 -0.712675 0.5422661 0.4450266 -0.7126703 -0.4178829 -0.5634515 -0.7126685 -0.3897333 -0.5832779 -0.7126675 0.5634511 0.4178834 -0.7126686 0.5832784 0.3897367 -0.7126651 -0.3606441 -0.6016977 -0.7126681 -0.3306856 -0.6186679 -0.712669 0.601697 0.3606461 -0.7126677 0.6186652 0.3306833 -0.7126724 -0.2999293 -0.6341477 -0.7126705 -0.2684521 -0.6481004 -0.7126706 0.6341484 0.299929 -0.71267 0.6481003 0.2684516 -0.7126709 -0.2363293 -0.660494 -0.7126684 -0.2036349 -0.671292 -0.7126711 0.6604902 0.2363281 -0.7126722 0.6712918 0.2036356 -0.7126711 -0.1704496 -0.6804759 -0.7126707 -0.136856 -0.688021 -0.7126694 0.6804761 0.1704499 -0.7126705 0.6880213 0.1368539 -0.7126695 -0.1029314 -0.693907 -0.7126698 -0.06875818 -0.6981239 -0.7126678 0.6939152 0.1029308 -0.7126619 0.6981067 0.06876087 -0.7126845 -0.03442239 -0.7006561 -0.7126684 -9.8352e-7 -0.7015017 -0.7126678 0.7006678 0.03441941 -0.712657 0.7015014 -2.02612e-6 -0.712668 0.03442186 -0.7006557 -0.7126687 0.7006555 -0.03442251 -0.7126689 0.06875997 -0.6981233 -0.7126682 0.1029312 -0.6939078 -0.7126691 0.6981176 -0.0687595 -0.7126739 0.6939069 -0.1029313 -0.7126699 0.1368548 -0.6880213 -0.7126694 0.1704496 -0.6804763 -0.7126703 0.6880207 -0.1368558 -0.7126697 0.6804763 -0.1704488 -0.7126705 0.2036341 -0.6712926 -0.7126707 0.2363275 -0.6604917 -0.7126711 0.671293 -0.2036344 -0.7126702 0.6604921 -0.2363297 -0.71267 0.2684517 -0.6481001 -0.7126711 0.2999297 -0.6341472 -0.7126707 0.6480977 -0.2684508 -0.7126736 0.6341475 -0.2999293 -0.7126706 0.3306844 -0.6186687 -0.7126688 0.3606429 -0.6016969 -0.7126694 0.6186683 -0.3306849 -0.7126691 0.6016982 -0.3606431 -0.7126682 0.3897337 -0.5832778 -0.7126673 0.4178826 -0.5634515 -0.7126687 0.5832801 -0.3897337 -0.7126654 0.5634523 -0.4178828 -0.712668 0.4450266 -0.5422658 -0.7126705 0.471098 -0.5197746 -0.7126719 0.5422624 -0.4450235 -0.712675 0.5197758 -0.4710986 -0.7126707 0.4960393 -0.4960388 -0.7126644 3.15146e-7 0 -1 0 0 -1 -4.44367e-7 0 -1 0 0 -1 2.23546e-7 0 -1 0 0 -1 -1.36512e-7 0 -1 9.67923e-7 0 -1 0 0 -1 0 0 -1 0 0 -1 0.01005131 -1.10598e-4 0.9999496 0.009280622 -0.001839458 0.9999553 0.008827447 0.004327893 0.9999517 0.005496144 0.006924152 0.999961 0.008080124 -0.004435122 0.9999576 0.006484985 -0.004956126 0.9999667 -3.08819e-4 -0.002352893 0.9999972 0.003492534 -0.004569828 0.9999836 0.004427731 0.02341991 0.9997159 7.59582e-4 0.01262062 0.9999201 0.007243633 0.006702959 0.9999513 0.004363238 -0.006802916 0.9999673 4.31181e-4 -0.002565622 0.9999966 0.4944451 0.5002633 0.710817 0.5140995 0.4912877 0.7030918 0.4604191 0.5392326 0.7051542 0.4695109 0.5238693 0.7107183 -0.4727001 -0.5156694 0.7145906 -0.4852094 -0.5051255 0.7137368 -0.4357198 -0.557031 0.7070112 -0.446616 -0.5382998 0.7146801 0.4723339 -0.5157822 0.7147513 0.4624601 -0.53501 0.7070326 0.5620629 -0.4297891 0.7066588 0.5435053 -0.4406238 0.7144597 0.5210231 -0.4668343 0.7145633 0.4972815 -0.4919073 0.7146596 -0.01435005 0.02189534 0.9996573 -0.009296655 0.02196848 0.9997155 -0.008355021 -8.1408e-4 0.9999648 -0.001394152 -0.002008378 0.999997 -0.02266508 0.01197975 0.9996713 -8.61404e-4 -0.002278089 0.999997 -0.003198981 0.0199365 0.9997962 -0.02119904 0.007001101 0.9997508 -0.01924109 0.01673787 0.9996747 0.6873282 -0.1300303 0.7146133 0.6893948 -0.1476031 0.7091884 0.7000131 0.09366434 0.707961 0.6965116 0.07611924 0.7134966 0.6930575 -0.09597861 0.7144645 0.6991306 0.04171115 0.7137764 0.7001397 0.007225513 0.7139694 0.6971143 -0.0616976 0.7143005 0.6994885 -0.02726721 0.7141236 0.6636853 -0.2292392 0.7120191 0.6628183 -0.2480427 0.7065032 0.683288 -0.1633347 0.7116455 0.6743012 -0.1965204 0.711827 0.6953169 0.1094322 0.7103232 0.6159217 0.3540542 0.7037656 0.6195218 0.335967 0.7094498 0.6892967 0.1432108 0.7101836 0.6816447 0.1766439 0.7100404 0.6350294 0.3054044 0.7095533 0.6490275 0.2741155 0.7096648 0.67236 0.2096604 0.7099117 0.6614776 0.2421756 0.7097876 0.5937781 0.3835768 0.7073164 0.5975742 0.3670349 0.7128748 0.5819335 -0.3854439 0.7160911 0.5772309 -0.4021947 0.7106645 0.6467732 -0.2634103 0.715751 0.6003804 -0.356168 0.7160221 0.6173794 -0.3260203 0.7159284 0.6328375 -0.2950738 0.715855 0.5685254 -0.4117259 0.7122224 0.5854098 0.3934209 0.7088834 0.5222003 0.4742719 0.7087828 0.565666 0.4213889 0.7088395 0.5445721 0.4483615 0.7088112 -0.4165827 0.5670527 0.7105704 -0.4080541 0.5800235 0.7050282 -0.5139272 0.4910431 0.7033887 -0.4946781 0.5000461 0.7108076 -0.4697452 0.5236518 0.7107238 -0.4436942 0.5460095 0.71064 -0.5165498 -0.4829866 0.7070363 -0.4974023 -0.4920042 0.7145089 0.4436914 0.5460076 0.7106432 0.4074349 0.577854 0.7071644 0.4165825 0.5670502 0.7105724 -0.2036331 0.6712905 0.712673 -0.1885956 0.6815009 0.7070985 -0.2544844 0.6597262 0.7071061 -0.2363294 0.6604939 0.7126685 0.3897314 0.5832741 0.7126716 0.4071438 0.5780979 0.7071328 0.1885934 0.6814934 0.7071064 0.2036343 0.6712957 0.7126677 0.2363285 0.6604916 0.7126708 0.360642 0.6016946 0.7126718 0.2684519 0.6481 0.712671 0.2999298 0.6341475 0.7126704 0.3306862 0.618669 0.7126677 -0.2363322 -0.6604892 0.7126718 -0.2544912 -0.6597272 0.7071028 -0.08655583 -0.70179 0.7071061 -0.1029324 -0.6939077 0.7126689 -0.1368554 -0.6880222 0.7126682 -0.2036346 -0.6712931 0.71267 -0.1704497 -0.6804772 0.7126694 -1.6159e-6 -0.7015006 0.7126689 -0.01735532 -0.706896 0.7071047 0.3179214 -0.631601 0.7071112 0.2999314 -0.6341485 0.7126689 0.03442215 -0.7006555 0.7126689 0.06876015 -0.6981229 0.7126686 0.2684532 -0.6481025 0.7126682 0.2363283 -0.6604923 0.7126702 0.1029314 -0.6939072 0.7126696 0.1368551 -0.6880204 0.7126701 0.2036342 -0.6712921 0.7126711 0.1704499 -0.6804754 0.7126711 0.1704493 0.6804742 0.7126724 -0.1704503 0.680479 0.7126675 0.1368561 0.688022 0.7126684 0.1029314 0.6939083 0.7126685 -0.1368552 0.6880196 0.7126708 -0.102931 0.6939056 0.7126712 0.06875848 0.6981235 0.7126682 -0.06875967 0.6981211 0.7126705 -0.03442144 0.700654 0.7126705 0.03442013 0.7006558 0.7126688 1.55157e-6 0.7014998 0.7126697 0.3606425 -0.6016948 0.7126713 0.348531 -0.6152452 0.7071064 0.4450268 -0.5422639 0.7126718 0.3897338 -0.5832777 0.7126674 0.4178806 -0.5634482 0.7126724 -0.4178834 -0.5634501 0.7126693 -0.4071587 -0.5781191 0.7071068 -0.06875956 -0.6981236 0.712668 -0.03442049 -0.7006514 0.712673 0.009795606 0.002574741 0.9999488 -0.3897315 -0.583275 0.7126709 -0.2684537 -0.6481028 0.7126679 -0.3606426 -0.6016963 0.71267 -0.3306844 -0.6186683 0.7126693 -0.2999294 -0.6341493 0.712669 0.330684 -0.6186664 0.7126711 -0.5220032 0.4740189 0.7090973 -0.5930504 0.3835901 0.7079195 -0.5852526 0.3931403 0.7091686 -0.5443874 0.4480985 0.7091193 -0.5654915 0.421116 0.7091408 -0.5247605 -0.4656428 0.7126032 -0.533895 -0.4570829 0.7113588 -0.5967797 0.3673306 0.7133879 -0.6157792 0.3538886 0.7039735 -0.5996124 -0.3564319 0.7165342 -0.6184345 -0.3429762 0.7070404 -0.5399432 -0.4413962 0.7166805 -0.5811339 -0.385726 0.7165883 -0.5612271 -0.414067 0.7166399 -0.6194645 0.3356072 0.70967 -0.6882467 0.1620697 0.7071421 -0.6815671 0.1762277 0.7102184 -0.6722849 0.2092537 0.7101029 -0.6349707 0.3050327 0.7097656 -0.6614126 0.2417807 0.7099828 -0.6489637 0.2737327 0.7098709 -0.637454 -0.2934244 0.7124286 -0.6456978 -0.2811475 0.7099511 -0.6221644 -0.3242452 0.7125844 -0.6853739 0.1443276 0.7137452 -0.647257 -0.2624212 0.715677 -0.6914536 0.1103786 0.7139387 -0.6958872 0.07615655 0.7141017 -0.6595689 -0.2301011 0.7155575 -0.6702781 -0.1972244 0.7154229 -0.6985919 0.04175692 0.714301 -0.6996276 0.007252097 0.7144709 -0.6793582 -0.1638653 0.7152767 -0.6867758 -0.1301102 0.7151297 -0.698967 -0.02727043 0.7146339 -0.6925323 -0.09603536 0.714966 -0.6965858 -0.06173032 0.7148129 -0.268449 0.6480975 0.7126745 -0.3897263 0.5832679 0.7126795 -0.2999302 0.6341477 0.7126702 -0.3306849 0.6186698 0.7126677 -0.3606413 0.6016944 0.7126723</float_array>
          <technique_common>
            <accessor source="#meca500_needle_holder_001-mesh-normals-array" count="3856" stride="3">
              <param name="X" type="float"/>
              <param name="Y" type="float"/>
              <param name="Z" type="float"/>
            </accessor>
          </technique_common>
        </source>
        <vertices id="meca500_needle_holder_001-mesh-vertices">
          <input semantic="POSITION" source="#meca500_needle_holder_001-mesh-positions"/>
        </vertices>
        <triangles count="7740">
          <input semantic="VERTEX" source="#meca500_needle_holder_001-mesh-vertices" offset="0"/>
          <input semantic="NORMAL" source="#meca500_needle_holder_001-mesh-normals" offset="1"/>
          <p>0 0 1 1 2 2 3 3 2 2 4 4 1 1 4 4 2 2 3 3 4 4 5 5 6 6 7 7 0 0 5 5 8 8 9 9 5 5 9 9 10 10 6 6 0 0 5 5 11 11 6 6 5 5 5 5 10 10 12 12 5 5 12 12 13 13 14 14 11 11 5 5 15 15 14 14 5 5 5 5 13 13 16 16 5 5 16 16 17 17 18 18 15 15 5 5 19 19 18 18 5 5 5 5 17 17 20 20 5 5 20 20 21 21 22 22 19 19 5 5 5 5 21 21 23 23 5 5 23 23 22 22 24 24 25 25 26 26 0 0 7 7 27 27 0 0 27 27 28 28 29 29 24 24 26 26 30 30 29 29 26 26 0 0 28 28 31 31 0 0 31 31 32 32 30 30 26 26 0 0 33 33 30 30 0 0 0 0 32 32 34 34 0 0 34 34 35 35 36 36 33 33 0 0 37 37 36 36 0 0 0 0 35 35 38 38 0 0 38 38 39 39 40 40 37 37 0 0 41 41 40 40 0 0 0 0 39 39 42 42 0 0 42 42 43 43 44 44 41 41 0 0 45 45 44 44 0 0 0 0 43 43 46 46 0 0 46 46 47 47 48 48 45 45 0 0 49 49 48 48 0 0 0 0 47 47 50 50 0 0 50 50 51 51 52 52 49 49 0 0 53 53 52 52 0 0 0 0 51 51 54 54 0 0 54 54 53 53 55 55 9 9 8 8 8 8 56 56 57 57 55 55 8 8 57 57 1 1 0 0 26 26 8 8 5 5 4 4 58 58 1 1 26 26 58 58 26 26 59 59 60 60 59 59 61 61 60 60 58 58 59 59 62 62 61 61 63 63 62 62 60 60 61 61 64 64 63 63 65 65 64 64 62 62 63 63 66 66 65 65 67 67 66 66 64 64 65 65 68 68 66 66 67 67 68 68 67 67 69 69 69 69 67 67 70 70 71 71 70 70 72 72 71 71 69 69 70 70 73 73 71 71 72 72 73 73 72 72 74 74 75 75 74 74 76 76 75 75 73 73 74 74 77 77 76 76 78 78 77 77 75 75 76 76 79 79 78 78 80 80 79 79 77 77 78 78 81 81 80 80 82 82 81 81 79 79 80 80 83 83 82 82 84 84 83 83 81 81 82 82 85 85 84 84 86 86 85 85 83 83 84 84 87 87 86 86 88 88 87 87 85 85 86 86 89 89 88 88 90 90 89 89 87 87 88 88 91 91 90 90 92 92 91 91 89 89 90 90 93 93 92 92 94 94 91 91 92 92 93 93 95 95 94 94 96 96 93 93 94 94 95 95 97 97 95 95 96 96 98 98 96 96 99 99 97 97 96 96 98 98 100 100 99 99 101 101 98 98 99 99 100 100 102 102 101 101 103 103 100 100 101 101 102 102 104 104 103 103 105 105 102 102 103 103 104 104 106 106 105 105 107 107 104 104 105 105 106 106 108 108 107 107 109 109 106 106 107 107 108 108 110 110 109 109 111 111 108 108 109 109 110 110 112 112 111 111 113 113 110 110 111 111 112 112 114 114 113 113 115 115 112 112 113 113 114 114 116 116 115 115 117 117 114 114 115 115 116 116 118 118 117 117 119 119 116 116 117 117 118 118 120 120 119 119 121 121 118 118 119 119 120 120 120 120 121 121 122 122 122 122 121 121 123 123 122 122 123 123 124 124 125 125 126 126 1 1 4 4 1 1 126 126 127 127 128 128 125 125 126 126 125 125 128 128 129 129 130 130 127 127 128 128 127 127 130 130 131 131 132 132 129 129 130 130 129 129 132 132 133 133 134 134 131 131 132 132 131 131 134 134 135 135 136 136 133 133 134 134 133 133 136 136 137 137 138 138 135 135 136 136 135 135 138 138 139 139 140 140 137 137 141 141 140 140 139 139 138 138 137 137 140 140 140 140 141 141 142 142 143 143 144 144 141 141 142 142 141 141 144 144 145 145 146 146 143 143 144 144 143 143 146 146 147 147 148 148 145 145 149 149 148 148 147 147 146 146 145 145 148 148 148 148 149 149 150 150 151 151 152 152 149 149 153 153 152 152 151 151 150 150 149 149 152 152 154 154 155 155 153 153 152 152 153 153 155 155 155 155 154 154 156 156 157 157 158 158 154 154 159 159 158 158 157 157 156 156 154 154 158 158 160 160 161 161 159 159 158 158 159 159 161 161 161 161 160 160 162 162 163 163 164 164 160 160 162 162 160 160 164 164 165 165 166 166 163 163 166 166 165 165 167 167 164 164 163 163 166 166 168 168 167 167 169 169 167 167 168 168 166 166 170 170 169 169 171 171 169 169 170 170 168 168 171 171 172 172 170 170 173 173 174 174 171 171 172 172 171 171 174 174 175 175 176 176 173 173 176 176 175 175 177 177 174 174 173 173 176 176 177 177 178 178 176 176 179 179 180 180 177 177 178 178 177 177 180 180 180 180 179 179 181 181 182 182 181 181 179 179 181 181 182 182 183 183 184 184 183 183 182 182 183 183 184 184 185 185 186 186 185 185 184 184 185 185 186 186 187 187 188 188 187 187 186 186 187 187 188 188 189 189 189 189 190 190 187 187 190 190 189 189 191 191 192 192 191 191 189 189 191 191 192 192 193 193 194 194 193 193 192 192 193 193 194 194 195 195 195 195 196 196 193 193 196 196 195 195 197 197 198 198 197 197 195 195 199 199 200 200 198 198 197 197 198 198 200 200 201 201 202 202 199 199 200 200 199 199 202 202 203 203 204 204 201 201 202 202 201 201 204 204 4 4 205 205 8 8 205 205 206 206 8 8 207 207 208 208 206 206 205 205 207 207 206 206 209 209 210 210 208 208 207 207 209 209 208 208 211 211 212 212 210 210 209 209 211 211 210 210 213 213 214 214 212 212 211 211 213 213 212 212 215 215 216 216 214 214 213 213 215 215 214 214 217 217 218 218 216 216 215 215 217 217 216 216 217 217 219 219 218 218 219 219 220 220 218 218 221 221 222 222 220 220 219 219 221 221 220 220 223 223 224 224 222 222 221 221 223 223 222 222 225 225 226 226 224 224 223 223 225 225 224 224 225 225 227 227 226 226 227 227 228 228 226 226 229 229 230 230 228 228 227 227 229 229 228 228 229 229 231 231 230 230 232 232 233 233 230 230 231 231 232 232 230 230 234 234 235 235 233 233 232 232 234 234 233 233 236 236 237 237 235 235 234 234 236 236 235 235 238 238 239 239 237 237 236 236 238 238 237 237 240 240 241 241 239 239 238 238 240 240 239 239 242 242 243 243 241 241 240 240 242 242 241 241 244 244 245 245 243 243 242 242 244 244 243 243 246 246 247 247 245 245 244 244 246 246 245 245 248 248 249 249 247 247 246 246 248 248 247 247 250 250 251 251 249 249 248 248 250 250 249 249 252 252 253 253 251 251 250 250 252 252 251 251 254 254 255 255 253 253 252 252 254 254 253 253 256 256 257 257 255 255 254 254 256 256 255 255 258 258 259 259 257 257 256 256 258 258 257 257 260 260 259 259 258 258 261 261 262 262 259 259 260 260 261 261 259 259 263 263 264 264 262 262 261 261 263 263 262 262 265 265 266 266 264 264 263 263 265 265 264 264 267 267 268 268 266 266 265 265 267 267 266 266 267 267 269 269 268 268 269 269 270 270 268 268 269 269 271 271 270 270 3 3 5 5 272 272 273 273 272 272 5 5 274 274 275 275 5 5 275 275 276 276 5 5 277 277 274 274 5 5 276 276 278 278 5 5 279 279 277 277 5 5 278 278 280 280 5 5 5 5 281 281 279 279 280 280 282 282 5 5 283 283 281 281 5 5 282 282 284 284 5 5 285 285 283 283 5 5 284 284 286 286 5 5 287 287 285 285 5 5 286 286 288 288 5 5 289 289 287 287 5 5 288 288 290 290 5 5 291 291 289 289 5 5 290 290 292 292 5 5 293 293 291 291 5 5 292 292 294 294 5 5 5 5 295 295 293 293 296 296 295 295 5 5 297 297 296 296 5 5 5 5 298 298 297 297 299 299 298 298 5 5 5 5 300 300 299 299 5 5 0 0 300 300 300 300 0 0 301 301 302 302 301 301 0 0 302 302 0 0 303 303 304 304 303 303 0 0 305 305 304 304 0 0 306 306 305 305 0 0 306 306 0 0 307 307 308 308 307 307 0 0 309 309 308 308 0 0 310 310 309 309 0 0 311 311 310 310 0 0 312 312 311 311 0 0 313 313 312 312 0 0 313 313 0 0 314 314 315 315 314 314 0 0 316 316 315 315 0 0 317 317 316 316 0 0 318 318 317 317 0 0 319 319 318 318 0 0 320 320 319 319 0 0 321 321 320 320 0 0 322 322 321 321 0 0 323 323 322 322 0 0 324 324 323 323 0 0 325 325 324 324 0 0 326 326 325 325 0 0 294 294 273 273 5 5 327 327 326 326 0 0 2 2 327 327 0 0 327 327 2 2 328 328 329 329 2 2 330 330 331 331 2 2 329 329 330 330 2 2 332 332 333 333 2 2 331 331 334 334 332 332 2 2 335 335 2 2 333 333 334 334 2 2 336 336 337 337 2 2 335 335 336 336 2 2 338 338 339 339 2 2 337 337 338 338 2 2 340 340 341 341 2 2 339 339 340 340 2 2 342 342 343 343 2 2 341 341 342 342 2 2 344 344 345 345 2 2 343 343 344 344 2 2 346 346 347 347 2 2 345 345 348 348 346 346 2 2 349 349 2 2 347 347 348 348 2 2 350 350 350 350 2 2 351 351 351 351 2 2 352 352 353 353 352 352 2 2 353 353 2 2 354 354 355 355 354 354 2 2 3 3 355 355 2 2 356 356 3 3 357 357 3 3 356 356 355 355 3 3 358 358 357 357 358 358 3 3 359 359 359 359 3 3 360 360 3 3 361 361 360 360 361 361 3 3 362 362 362 362 3 3 363 363 363 363 3 3 364 364 364 364 3 3 365 365 365 365 3 3 366 366 366 366 3 3 367 367 3 3 368 368 367 367 368 368 3 3 369 369 369 369 3 3 370 370 370 370 3 3 371 371 371 371 3 3 372 372 372 372 3 3 373 373 373 373 3 3 374 374 374 374 3 3 375 375 375 375 3 3 376 376 376 376 3 3 377 377 377 377 3 3 378 378 378 378 3 3 379 379 379 379 3 3 380 380 380 380 3 3 381 381 328 328 2 2 349 349 381 381 3 3 272 272 122 122 124 124 382 382 120 120 122 122 382 382 62 62 125 125 60 60 60 60 125 125 58 58 58 58 125 125 1 1 383 383 382 382 384 384 383 383 384 384 385 385 383 383 385 385 386 386 383 383 120 120 382 382 118 118 120 120 383 383 387 387 116 116 118 118 114 114 116 116 387 387 112 112 114 114 387 387 387 387 118 118 383 383 388 388 386 386 389 389 388 388 389 389 390 390 388 388 383 383 386 386 391 391 110 110 112 112 391 391 108 108 110 110 391 391 106 106 108 108 104 104 106 106 391 391 102 102 104 104 391 391 391 391 112 112 387 387 392 392 383 383 388 388 392 392 387 387 383 383 393 393 390 390 394 394 393 393 394 394 395 395 393 393 395 395 396 396 393 393 388 388 390 390 397 397 100 100 102 102 397 397 98 98 100 100 97 97 98 98 397 397 397 397 102 102 391 391 398 398 388 388 393 393 398 398 392 392 388 388 399 399 97 97 397 397 399 399 95 95 97 97 93 93 95 95 399 399 400 400 396 396 401 401 400 400 401 401 402 402 400 400 393 393 396 396 403 403 91 91 93 93 403 403 89 89 91 91 403 403 93 93 399 399 404 404 398 398 393 393 404 404 393 393 400 400 403 403 405 405 89 89 89 89 405 405 87 87 405 405 85 85 87 87 406 406 399 399 397 397 406 406 397 397 407 407 85 85 408 408 83 83 408 408 81 81 83 83 408 408 79 79 81 81 408 408 77 77 79 79 405 405 408 408 85 85 409 409 402 402 410 410 409 409 410 410 411 411 409 409 411 411 412 412 404 404 400 400 409 409 409 409 400 400 402 402 413 413 403 403 399 399 413 413 405 405 403 403 413 413 399 399 406 406 414 414 404 404 409 409 413 413 415 415 405 405 416 416 406 406 407 407 416 416 407 407 417 417 408 408 418 418 77 77 77 77 418 418 75 75 75 75 418 418 73 73 418 418 71 71 73 73 418 418 69 69 71 71 415 415 419 419 405 405 405 405 419 419 408 408 420 420 412 412 421 421 420 420 421 421 422 422 420 420 409 409 412 412 423 423 406 406 416 416 423 423 413 413 406 406 416 416 417 417 424 424 425 425 404 404 414 414 425 425 426 426 404 404 427 427 414 414 409 409 427 427 409 409 420 420 413 413 428 428 415 415 423 423 428 428 413 413 429 429 416 416 424 424 69 69 430 430 68 68 68 68 430 430 66 66 430 430 64 64 66 66 418 418 430 430 69 69 428 428 431 431 415 415 415 415 431 431 419 419 432 432 416 416 429 429 432 432 423 423 416 416 432 432 428 428 423 423 64 64 433 433 62 62 430 430 433 433 64 64 433 433 127 127 125 125 433 433 129 129 127 127 433 433 131 131 129 129 433 433 125 125 62 62 434 434 414 414 427 427 434 434 425 425 414 414 432 432 435 435 428 428 436 436 429 429 424 424 436 436 424 424 437 437 432 432 429 429 436 436 428 428 438 438 431 431 435 435 438 438 428 428 439 439 440 440 441 441 439 439 441 441 442 442 443 443 432 432 436 436 430 430 444 444 433 433 445 445 444 444 430 430 444 444 133 133 131 131 444 444 135 135 133 133 444 444 131 131 433 433 436 436 437 437 446 446 446 446 437 437 425 425 446 446 425 425 434 434 447 447 442 442 448 448 447 447 439 439 442 442 443 443 449 449 432 432 432 432 449 449 435 435 450 450 436 436 446 446 449 449 451 451 435 435 435 435 451 451 438 438 452 452 443 443 436 436 452 452 436 436 450 450 452 452 449 449 443 443 445 445 453 453 444 444 454 454 453 453 445 445 453 453 135 135 444 444 453 453 137 137 135 135 453 453 139 139 137 137 453 453 141 141 139 139 452 452 455 455 449 449 456 456 457 457 458 458 458 458 457 457 454 454 451 451 459 459 438 438 438 438 459 459 456 456 455 455 460 460 449 449 460 460 459 459 451 451 449 449 460 460 451 451 461 461 462 462 463 463 461 461 463 463 464 464 457 457 465 465 454 454 465 465 141 141 453 453 465 465 143 143 141 141 465 465 145 145 143 143 454 454 465 465 453 453 466 466 461 461 464 464 466 466 464 464 467 467 468 468 465 465 457 457 456 456 468 468 457 457 459 459 468 468 456 456 460 460 469 469 459 459 470 470 145 145 465 465 468 468 470 470 465 465 470 470 147 147 145 145 470 470 149 149 147 147 470 470 151 151 149 149 459 459 471 471 468 468 469 469 471 471 459 459 472 472 473 473 474 474 472 472 474 474 475 475 472 472 475 475 476 476 471 471 477 477 468 468 468 468 477 477 470 470 477 477 151 151 470 470 477 477 153 153 151 151 477 477 154 154 153 153 472 472 478 478 473 473 478 478 476 476 479 479 478 478 472 472 476 476 165 165 480 480 167 167 481 481 482 482 483 483 481 481 483 483 484 484 481 481 484 484 485 485 486 486 480 480 165 165 486 486 163 163 160 160 163 163 486 486 165 165 487 487 478 478 479 479 487 487 479 479 482 482 487 487 485 485 488 488 481 481 487 487 482 482 487 487 481 481 485 485 489 489 490 490 491 491 491 491 490 490 492 492 493 493 489 489 491 491 494 494 489 489 493 493 495 495 478 478 496 496 496 496 478 478 487 487 497 497 494 494 493 493 498 498 494 494 497 497 175 175 499 499 177 177 500 500 498 498 497 497 501 501 498 498 500 500 173 173 502 502 175 175 502 502 499 499 175 175 173 173 171 171 502 502 492 492 495 495 503 503 503 503 495 495 496 496 491 491 492 492 504 504 504 504 492 492 503 503 493 493 491 491 504 504 505 505 493 493 504 504 497 497 493 493 506 506 506 506 493 493 505 505 186 186 507 507 188 188 500 500 497 497 508 508 509 509 500 500 508 508 508 508 497 497 506 506 182 182 179 179 510 510 184 184 182 182 510 510 184 184 510 510 186 186 510 510 507 507 186 186 510 510 179 179 507 507 511 511 509 509 508 508 189 189 188 188 512 512 195 195 512 512 198 198 507 507 509 509 512 512 512 512 509 509 511 511 188 188 507 507 512 512 192 192 189 189 513 513 192 192 513 513 194 194 194 194 513 513 195 195 513 513 189 189 512 512 513 513 512 512 195 195 514 514 387 387 392 392 514 514 391 391 387 387 515 515 514 514 392 392 407 407 516 516 515 515 516 516 397 397 391 391 516 516 391 391 514 514 515 515 516 516 514 514 407 407 397 397 516 516 517 517 518 518 398 398 518 518 515 515 392 392 518 518 392 392 398 398 519 519 515 515 518 518 417 417 519 519 517 517 519 519 407 407 515 515 417 417 407 407 519 519 517 517 519 519 518 518 520 520 517 517 398 398 426 426 520 520 404 404 520 520 398 398 404 404 521 521 417 417 517 517 424 424 417 417 521 521 424 424 521 521 426 426 521 521 517 517 520 520 426 426 521 521 520 520 522 522 418 418 408 408 419 419 522 522 408 408 419 419 523 523 522 522 524 524 426 426 425 425 437 437 424 424 524 524 437 437 524 524 425 425 524 524 424 424 426 426 523 523 445 445 525 525 525 525 445 445 430 430 525 525 430 430 418 418 522 522 525 525 418 418 523 523 525 525 522 522 526 526 523 523 419 419 431 431 458 458 526 526 431 431 526 526 419 419 527 527 528 528 440 440 447 447 527 527 529 529 447 447 529 529 439 439 439 439 529 529 440 440 529 529 527 527 440 440 530 530 445 445 523 523 530 530 454 454 445 445 458 458 530 530 526 526 458 458 454 454 530 530 526 526 530 530 523 523 438 438 531 531 431 431 531 531 458 458 431 431 531 531 456 456 458 458 438 438 456 456 531 531 447 447 532 532 527 527 532 532 434 434 427 427 533 533 532 532 447 447 534 534 446 446 434 434 535 535 534 534 533 533 534 534 434 434 532 532 533 533 534 534 532 532 536 536 537 537 535 535 537 537 446 446 534 534 450 450 446 446 537 537 535 535 537 537 534 534 538 538 447 447 448 448 466 466 539 539 538 538 466 466 538 538 461 461 538 538 448 448 540 540 538 538 540 540 462 462 461 461 538 538 462 462 541 541 450 450 537 537 542 542 541 541 536 536 452 452 450 450 541 541 541 541 537 537 536 536 543 543 452 452 541 541 544 544 543 543 542 542 543 543 541 541 542 542 455 455 452 452 543 543 545 545 543 543 544 544 545 545 455 455 543 543 546 546 545 545 544 544 460 460 455 455 545 545 539 539 547 547 538 538 547 547 447 447 538 538 490 490 547 547 539 539 547 547 533 533 447 447 547 547 535 535 533 533 548 548 549 549 546 546 549 549 545 545 546 546 549 549 460 460 545 545 549 549 469 469 460 460 550 550 547 547 490 490 550 550 535 535 547 547 489 489 550 550 490 490 536 536 535 535 550 550 551 551 536 536 550 550 542 542 536 536 551 551 551 551 550 550 489 489 494 494 551 551 489 489 552 552 539 539 466 466 552 552 467 467 473 473 492 492 552 552 495 495 478 478 552 552 473 473 495 495 552 552 478 478 490 490 539 539 552 552 492 492 490 490 552 552 552 552 466 466 467 467 553 553 549 549 548 548 549 549 553 553 469 469 553 553 471 471 469 469 480 480 553 553 548 548 554 554 551 551 494 494 546 546 544 544 554 554 544 544 542 542 554 554 498 498 554 554 494 494 554 554 542 542 551 551 501 501 554 554 498 498 548 548 546 546 555 555 556 556 555 555 501 501 555 555 546 546 554 554 480 480 548 548 555 555 555 555 554 554 501 501 480 480 557 557 553 553 557 557 160 160 159 159 480 480 558 558 557 557 558 558 160 160 557 557 486 486 558 558 480 480 486 486 160 160 558 558 502 502 559 559 499 499 171 171 559 559 502 502 559 559 480 480 555 555 499 499 559 559 556 556 559 559 555 555 556 556 167 167 480 480 559 559 169 169 167 167 559 559 169 169 559 559 171 171 556 556 501 501 560 560 179 179 177 177 560 560 179 179 560 560 507 507 509 509 560 560 500 500 507 507 560 560 509 509 177 177 499 499 560 560 499 499 556 556 560 560 560 560 501 501 500 500 503 503 496 496 561 561 504 504 503 503 561 561 505 505 504 504 561 561 561 561 488 488 562 562 561 561 562 562 563 563 561 561 563 563 203 203 561 561 487 487 488 488 496 496 487 487 561 561 564 564 505 505 561 561 198 198 512 512 564 564 198 198 564 564 199 199 199 199 564 564 201 201 201 201 564 564 203 203 506 506 505 505 564 564 508 508 506 506 564 564 511 511 508 508 564 564 512 512 511 511 564 564 564 564 561 561 203 203 565 565 422 422 566 566 565 565 566 566 528 528 565 565 420 420 422 422 527 527 565 565 528 528 565 565 427 427 420 420 532 532 427 427 565 565 532 532 565 565 527 527 553 553 557 557 567 567 553 553 567 567 471 471 557 557 159 159 567 567 567 567 477 477 471 471 567 567 154 154 477 477 567 567 157 157 154 154 567 567 159 159 157 157 568 568 569 569 123 123 123 123 570 570 571 571 568 568 123 123 571 571 572 572 573 573 574 574 575 575 576 576 577 577 575 575 577 577 578 578 579 579 572 572 574 574 580 580 579 579 574 574 575 575 578 578 581 581 575 575 581 581 582 582 580 580 574 574 575 575 583 583 580 580 575 575 575 575 582 582 584 584 575 575 584 584 585 585 586 586 583 583 575 575 587 587 586 586 575 575 575 575 585 585 588 588 575 575 588 588 589 589 590 590 587 587 575 575 591 591 590 590 575 575 575 575 589 589 592 592 575 575 592 592 593 593 594 594 591 591 575 575 595 595 594 594 575 575 575 575 593 593 596 596 575 575 596 596 597 597 598 598 595 595 575 575 599 599 598 598 575 575 575 575 597 597 600 600 575 575 600 600 601 601 602 602 599 599 575 575 603 603 602 602 575 575 575 575 601 601 604 604 575 575 604 604 603 603 605 605 576 576 575 575 124 124 123 123 569 569 124 124 569 569 606 606 605 605 575 575 124 124 607 607 605 605 124 124 124 124 606 606 608 608 124 124 608 608 609 609 610 610 607 607 124 124 611 611 610 610 124 124 124 124 609 609 612 612 124 124 612 612 613 613 614 614 611 611 124 124 615 615 614 614 124 124 124 124 613 613 616 616 124 124 616 616 617 617 618 618 615 615 124 124 124 124 617 617 619 619 124 124 619 619 618 618 620 620 621 621 622 622 622 622 623 623 620 620 624 624 621 621 620 620 623 623 625 625 620 620 626 626 624 624 620 620 625 625 627 627 620 620 628 628 626 626 620 620 627 627 629 629 620 620 630 630 628 628 620 620 629 629 631 631 620 620 632 632 630 630 620 620 631 631 633 633 620 620 634 634 632 632 620 620 633 633 635 635 620 620 636 636 634 634 620 620 635 635 637 637 620 620 620 620 638 638 636 636 637 637 639 639 620 620 640 640 638 638 620 620 639 639 641 641 620 620 642 642 640 640 620 620 641 641 643 643 620 620 644 644 642 642 620 620 643 643 645 645 620 620 620 620 646 646 644 644 645 645 647 647 620 620 648 648 646 646 620 620 647 647 649 649 620 620 620 620 650 650 648 648 649 649 651 651 620 620 620 620 652 652 650 650 620 620 651 651 653 653 653 653 654 654 203 203 654 654 655 655 203 203 655 655 656 656 203 203 656 656 657 657 203 203 657 657 658 658 203 203 658 658 659 659 203 203 659 659 660 660 203 203 660 660 661 661 203 203 661 661 662 662 203 203 662 662 663 663 203 203 663 663 664 664 203 203 664 664 665 665 203 203 665 665 666 666 203 203 666 666 667 667 203 203 667 667 668 668 203 203 653 653 203 203 620 620 669 669 670 670 671 671 670 670 672 672 671 671 672 672 673 673 671 671 673 673 674 674 671 671 674 674 675 675 671 671 675 675 676 676 671 671 676 676 677 677 671 671 678 678 671 671 677 677 678 678 679 679 671 671 679 679 680 680 671 671 680 680 681 681 671 671 682 682 671 671 681 681 682 682 683 683 671 671 684 684 671 671 683 683 652 652 671 671 684 684 652 652 620 620 671 671 669 669 671 671 685 685 686 686 203 203 668 668 687 687 685 685 671 671 686 686 688 688 203 203 689 689 687 687 671 671 688 688 690 690 203 203 691 691 689 689 671 671 690 690 692 692 203 203 693 693 691 691 671 671 692 692 694 694 203 203 695 695 693 693 671 671 694 694 696 696 203 203 697 697 695 695 671 671 696 696 698 698 203 203 699 699 697 697 671 671 698 698 700 700 203 203 701 701 699 699 671 671 702 702 203 203 700 700 703 703 701 701 671 671 702 702 704 704 203 203 705 705 703 703 671 671 704 704 706 706 203 203 707 707 705 705 671 671 706 706 708 708 203 203 709 709 707 707 671 671 710 710 203 203 708 708 710 710 711 711 203 203 712 712 203 203 711 711 712 712 713 713 203 203 204 204 203 203 713 713 204 204 713 713 714 714 714 714 715 715 204 204 204 204 715 715 716 716 716 716 717 717 204 204 717 717 718 718 204 204 718 718 719 719 204 204 204 204 719 719 720 720 720 720 721 721 204 204 721 721 722 722 204 204 722 722 723 723 204 204 723 723 724 724 204 204 724 724 725 725 204 204 725 725 726 726 204 204 726 726 727 727 204 204 204 204 727 727 728 728 728 728 729 729 204 204 729 729 730 730 204 204 730 730 731 731 204 204 731 731 732 732 204 204 732 732 733 733 204 204 733 733 734 734 204 204 734 734 735 735 204 204 735 735 736 736 204 204 736 736 737 737 204 204 737 737 738 738 204 204 738 738 739 739 204 204 739 739 740 740 204 204 740 740 741 741 204 204 204 204 742 742 671 671 743 743 671 671 742 742 743 743 744 744 671 671 744 744 745 745 671 671 745 745 709 709 671 671 746 746 742 742 204 204 747 747 746 746 204 204 741 741 747 747 204 204 126 126 205 205 4 4 126 126 207 207 205 205 265 265 748 748 267 267 267 267 748 748 269 269 269 269 748 748 271 271 128 128 749 749 126 126 130 130 749 749 128 128 132 132 749 749 130 130 749 749 207 207 126 126 749 749 209 209 207 207 750 750 211 211 209 209 750 750 213 213 211 211 750 750 215 215 213 213 749 749 750 750 209 209 134 134 751 751 132 132 136 136 751 751 134 134 751 751 749 749 132 132 215 215 752 752 217 217 217 217 752 752 219 219 752 752 221 221 219 219 752 752 223 223 221 221 752 752 225 225 223 223 750 750 752 752 215 215 751 751 753 753 749 749 753 753 750 750 749 749 138 138 754 754 136 136 140 140 754 754 138 138 142 142 754 754 140 140 754 754 751 751 136 136 225 225 755 755 227 227 755 755 229 229 227 227 755 755 231 231 229 229 752 752 755 755 225 225 754 754 756 756 751 751 756 756 753 753 751 751 755 755 757 757 231 231 757 757 232 232 231 231 757 757 234 234 232 232 144 144 758 758 142 142 146 146 758 758 144 144 758 758 754 754 142 142 759 759 236 236 234 234 759 759 238 238 236 236 757 757 759 759 234 234 760 760 756 756 754 754 758 758 760 760 754 754 759 759 761 761 238 238 238 238 761 761 240 240 761 761 242 242 240 240 762 762 757 757 755 755 763 763 762 762 755 755 242 242 764 764 244 244 764 764 246 246 244 244 764 764 248 248 246 246 764 764 250 250 248 248 761 761 764 764 242 242 148 148 765 765 146 146 150 150 765 765 148 148 152 152 765 765 150 150 765 765 758 758 146 146 766 766 761 761 759 759 766 766 759 759 757 757 762 762 766 766 757 757 767 767 760 760 758 758 765 765 767 767 758 758 766 766 768 768 761 761 769 769 770 770 763 763 770 770 762 762 763 763 764 764 771 771 250 250 250 250 771 771 252 252 252 252 771 771 254 254 771 771 256 256 254 254 771 771 258 258 256 256 768 768 772 772 761 761 761 761 772 772 764 764 155 155 773 773 152 152 156 156 773 773 155 155 773 773 765 765 152 152 774 774 766 766 762 762 774 774 768 768 766 766 770 770 774 774 762 762 767 767 775 775 760 760 775 775 776 776 760 760 777 777 767 767 765 765 773 773 777 777 765 765 774 774 778 778 768 768 779 779 780 780 769 769 780 780 770 770 769 769 258 258 781 781 260 260 260 260 781 781 261 261 781 781 263 263 261 261 771 771 781 781 258 258 768 768 782 782 772 772 778 778 782 782 768 768 783 783 778 778 774 774 783 783 774 774 770 770 780 780 783 783 770 770 263 263 784 784 265 265 781 781 784 784 263 263 784 784 785 785 748 748 784 784 786 786 785 785 784 784 787 787 786 786 784 784 748 748 265 265 777 777 788 788 767 767 788 788 775 775 767 767 783 783 789 789 778 778 790 790 791 791 779 779 791 791 780 780 779 779 789 789 792 792 778 778 778 778 792 792 782 782 164 164 793 793 162 162 793 793 164 164 166 166 791 791 794 794 780 780 794 794 783 783 780 780 781 781 795 795 784 784 796 796 795 795 781 781 795 795 797 797 787 787 795 795 798 798 797 797 795 795 787 787 784 784 788 788 799 799 775 775 799 799 790 790 775 775 794 794 800 800 783 783 800 800 792 792 789 789 783 783 800 800 789 789 799 799 801 801 790 790 801 801 791 791 790 790 802 802 803 803 804 804 804 804 803 803 796 796 803 803 795 795 796 796 800 800 805 805 792 792 806 806 794 794 791 791 801 801 806 806 791 791 803 803 807 807 795 795 807 807 798 798 795 795 807 807 808 808 798 798 807 807 809 809 808 808 807 807 810 810 809 809 794 794 811 811 800 800 806 806 811 811 794 794 802 802 812 812 803 803 813 813 812 812 802 802 792 792 814 814 813 813 805 805 814 814 792 792 814 814 812 812 813 813 800 800 815 815 805 805 811 811 815 815 800 800 172 172 174 174 816 816 816 816 174 174 176 176 817 817 818 818 810 810 803 803 817 817 807 807 817 817 819 819 818 818 812 812 817 817 803 803 817 817 810 810 807 807 820 820 176 176 178 178 820 820 816 816 176 176 814 814 821 821 812 812 805 805 822 822 814 814 815 815 822 822 805 805 823 823 819 819 817 817 821 821 823 823 812 812 823 823 824 824 819 819 812 812 823 823 817 817 823 823 825 825 824 824 823 823 826 826 825 825 814 814 827 827 821 821 822 822 827 827 814 814 180 180 181 181 828 828 181 181 183 183 828 828 828 828 183 183 185 185 821 821 829 829 823 823 829 829 826 826 823 823 829 829 830 830 826 826 829 829 831 831 830 830 827 827 829 829 821 821 180 180 828 828 832 832 832 832 185 185 187 187 832 832 828 828 185 185 833 833 834 834 835 835 190 190 191 191 836 836 836 836 191 191 193 193 836 836 193 193 196 196 837 837 834 834 833 833 837 837 838 838 839 839 838 838 837 837 833 833 190 190 836 836 840 840 187 187 190 190 840 840 840 840 196 196 197 197 841 841 832 832 840 840 840 840 836 836 196 196 832 832 187 187 840 840 842 842 843 843 844 844 842 842 844 844 845 845 841 841 840 840 846 846 842 842 845 845 847 847 848 848 842 842 847 847 849 849 850 850 851 851 848 848 847 847 852 852 853 853 848 848 852 852 854 854 855 855 849 849 855 855 850 850 849 849 856 856 855 855 854 854 841 841 846 846 857 857 858 858 841 841 857 857 858 858 857 857 859 859 844 844 858 858 859 859 845 845 844 844 859 859 860 860 853 853 861 861 853 853 852 852 861 861 845 845 859 859 862 862 852 852 847 847 863 863 845 845 862 862 863 863 847 847 845 845 863 863 851 851 864 864 865 865 866 866 864 864 867 867 860 860 861 861 864 864 850 850 864 864 851 851 850 850 860 860 864 864 852 852 863 863 868 868 865 865 869 869 870 870 870 870 869 869 871 871 871 871 869 869 866 866 864 864 869 869 865 865 869 869 864 864 866 866 861 861 852 852 872 872 852 852 868 868 872 872 867 867 873 873 874 874 875 875 873 873 876 876 864 864 873 873 867 867 864 864 861 861 873 873 861 861 872 872 873 873 874 874 877 877 878 878 878 878 877 877 879 879 879 879 877 877 875 875 873 873 877 877 874 874 877 877 873 873 875 875 753 753 880 880 750 750 753 753 881 881 880 880 880 880 752 752 750 750 881 881 763 763 882 882 882 882 755 755 752 752 881 881 882 882 880 880 880 880 882 882 752 752 763 763 755 755 882 882 756 756 883 883 884 884 884 884 881 881 753 753 756 756 884 884 753 753 883 883 885 885 884 884 885 885 763 763 881 881 883 883 769 769 885 885 769 769 763 763 885 885 884 884 885 885 881 881 886 886 883 883 756 756 760 760 776 776 886 886 760 760 886 886 756 756 887 887 769 769 883 883 779 779 769 769 887 887 776 776 779 779 887 887 886 886 887 887 883 883 776 776 887 887 886 886 772 772 804 804 888 888 888 888 771 771 764 764 772 772 888 888 764 764 775 775 889 889 776 776 790 790 779 779 889 889 889 889 779 779 776 776 775 775 790 790 889 889 804 804 796 796 890 890 890 890 781 781 771 771 890 890 796 796 781 781 804 804 890 890 888 888 888 888 890 890 771 771 891 891 802 802 804 804 891 891 804 804 772 772 782 782 802 802 891 891 782 782 891 891 772 772 162 162 892 892 161 161 893 893 892 892 162 162 793 793 893 893 162 162 893 893 793 793 894 894 893 893 894 894 892 892 792 792 895 895 782 782 792 792 813 813 895 895 895 895 813 813 802 802 895 895 802 802 782 782 896 896 788 788 777 777 896 896 894 894 897 897 894 894 896 896 892 892 896 896 898 898 788 788 898 898 799 799 788 788 898 898 897 897 899 899 898 898 896 896 897 897 801 801 799 799 900 900 900 900 899 899 901 901 799 799 898 898 900 900 900 900 898 898 899 899 902 902 172 172 816 816 902 902 170 170 172 172 902 902 816 816 820 820 903 903 900 900 901 901 903 903 901 901 904 904 806 806 801 801 903 903 801 801 900 900 903 903 905 905 902 902 820 820 897 897 894 894 905 905 905 905 820 820 906 906 811 811 806 806 907 907 907 907 904 904 908 908 907 907 903 903 904 904 806 806 903 903 907 907 815 815 811 811 909 909 811 811 907 907 909 909 909 909 907 907 908 908 909 909 908 908 910 910 911 911 905 905 906 906 897 897 905 905 911 911 911 911 906 906 912 912 899 899 897 897 911 911 909 909 910 910 913 913 913 913 822 822 815 815 913 913 910 910 914 914 815 815 909 909 913 913 915 915 911 911 912 912 899 899 911 911 915 915 915 915 912 912 843 843 901 901 899 899 915 915 916 916 915 915 843 843 904 904 901 901 916 916 901 901 915 915 916 916 916 916 843 843 842 842 820 820 178 178 917 917 178 178 180 180 917 917 917 917 832 832 841 841 917 917 180 180 832 832 906 906 820 820 917 917 918 918 827 827 822 822 913 913 918 918 822 822 913 913 914 914 918 918 918 918 914 914 834 834 919 919 916 916 842 842 908 908 904 904 919 919 919 919 848 848 853 853 904 904 916 916 919 919 919 919 842 842 848 848 908 908 919 919 910 910 843 843 920 920 844 844 920 920 858 858 844 844 906 906 917 917 920 920 920 920 917 917 841 841 912 912 906 906 920 920 843 843 912 912 920 920 920 920 841 841 858 858 921 921 853 853 860 860 910 910 921 921 914 914 921 921 919 919 853 853 914 914 921 921 834 834 910 910 919 919 921 921 834 834 922 922 918 918 922 922 839 839 923 923 834 834 924 924 922 922 924 924 839 839 922 922 924 924 834 834 837 837 837 837 839 839 924 924 925 925 850 850 855 855 925 925 855 855 856 856 921 921 860 860 925 925 834 834 921 921 925 925 834 834 925 925 835 835 860 860 850 850 925 925 835 835 925 925 926 926 926 926 925 925 856 856 846 846 840 840 927 927 857 857 846 846 927 927 862 862 859 859 927 927 927 927 197 197 200 200 927 927 200 200 202 202 927 927 202 202 204 204 840 840 197 197 927 927 859 859 857 857 927 927 876 876 928 928 929 929 929 929 928 928 930 930 930 930 928 928 204 204 873 873 872 872 928 928 863 863 862 862 928 928 868 868 863 863 928 928 873 873 928 928 876 876 872 872 868 868 928 928 928 928 927 927 204 204 862 862 927 927 928 928 892 892 931 931 161 161 158 158 931 931 156 156 161 161 931 931 158 158 156 156 931 931 773 773 931 931 777 777 773 773 931 931 896 896 777 777 892 892 896 896 931 931 905 905 932 932 902 902 793 793 166 166 932 932 166 166 168 168 932 932 932 932 168 168 170 170 894 894 932 932 905 905 894 894 793 793 932 932 932 932 170 170 902 902 918 918 933 933 827 827 918 918 922 922 933 933 922 922 923 923 933 933 933 933 831 831 829 829 933 933 829 829 827 827 933 933 934 934 831 831 933 933 923 923 934 934 935 935 936 936 270 270 271 271 937 937 938 938 271 271 938 938 939 939 940 940 935 935 270 270 941 941 940 940 270 270 271 271 939 939 942 942 271 271 942 942 943 943 941 941 270 270 271 271 944 944 941 941 271 271 271 271 943 943 945 945 271 271 945 945 946 946 947 947 944 944 271 271 948 948 947 947 271 271 271 271 946 946 949 949 271 271 949 949 950 950 951 951 948 948 271 271 952 952 951 951 271 271 271 271 950 950 953 953 271 271 953 953 954 954 955 955 952 952 271 271 956 956 955 955 271 271 271 271 954 954 957 957 271 271 957 957 958 958 959 959 956 956 271 271 960 960 959 959 271 271 271 271 958 958 961 961 271 271 961 961 962 962 963 963 960 960 271 271 964 964 963 963 271 271 271 271 962 962 965 965 271 271 965 965 964 964 966 966 967 967 968 968 968 968 969 969 970 970 966 966 968 968 970 970 971 971 937 937 271 271 972 972 968 968 967 967 972 972 967 967 973 973 971 971 271 271 972 972 974 974 971 971 972 972 972 972 973 973 975 975 972 972 975 975 976 976 977 977 974 974 972 972 978 978 977 977 972 972 972 972 976 976 979 979 972 972 979 979 980 980 981 981 978 978 972 972 982 982 981 981 972 972 972 972 980 980 983 983 972 972 983 983 984 984 985 985 982 982 972 972 972 972 984 984 986 986 972 972 986 986 985 985 575 575 574 574 987 987 987 987 574 574 988 988 989 989 988 988 990 990 987 987 988 988 989 989 991 991 990 990 992 992 989 989 990 990 991 991 993 993 992 992 994 994 991 991 992 992 993 993 995 995 994 994 996 996 993 993 994 994 995 995 995 995 996 996 997 997 997 997 996 996 998 998 998 998 996 996 999 999 1000 1000 999 999 1001 1001 998 998 999 999 1000 1000 1000 1000 1001 1001 1002 1002 1002 1002 1001 1001 1003 1003 1004 1004 1003 1003 1005 1005 1002 1002 1003 1003 1004 1004 1006 1006 1005 1005 1007 1007 1004 1004 1005 1005 1006 1006 1008 1008 1007 1007 1009 1009 1006 1006 1007 1007 1008 1008 1010 1010 1009 1009 1011 1011 1008 1008 1009 1009 1010 1010 1012 1012 1011 1011 1013 1013 1010 1010 1011 1011 1012 1012 1014 1014 1013 1013 1015 1015 1012 1012 1013 1013 1014 1014 1016 1016 1015 1015 1017 1017 1014 1014 1015 1015 1016 1016 1018 1018 1017 1017 1019 1019 1016 1016 1017 1017 1018 1018 1020 1020 1019 1019 1021 1021 1018 1018 1019 1019 1020 1020 1022 1022 1021 1021 1023 1023 1020 1020 1021 1021 1022 1022 1024 1024 1023 1023 1025 1025 1022 1022 1023 1023 1024 1024 1026 1026 1024 1024 1025 1025 1027 1027 1025 1025 1028 1028 1026 1026 1025 1025 1027 1027 1029 1029 1028 1028 1030 1030 1027 1027 1028 1028 1029 1029 1031 1031 1030 1030 1032 1032 1029 1029 1030 1030 1031 1031 1033 1033 1032 1032 1034 1034 1031 1031 1032 1032 1033 1033 1035 1035 1034 1034 1036 1036 1033 1033 1034 1034 1035 1035 1037 1037 1036 1036 1038 1038 1035 1035 1036 1036 1037 1037 1039 1039 1038 1038 1040 1040 1037 1037 1038 1038 1039 1039 1041 1041 1040 1040 1042 1042 1039 1039 1040 1040 1041 1041 1043 1043 1042 1042 1044 1044 1041 1041 1042 1042 1043 1043 1045 1045 1044 1044 1046 1046 1043 1043 1044 1044 1045 1045 1047 1047 1046 1046 1048 1048 1045 1045 1046 1046 1047 1047 1049 1049 1048 1048 1050 1050 1047 1047 1048 1048 1049 1049 1049 1049 1050 1050 1051 1051 1051 1051 1050 1050 1052 1052 1051 1051 1052 1052 1053 1053 1054 1054 1055 1055 1056 1056 1056 1056 1055 1055 1057 1057 1058 1058 1057 1057 1059 1059 1056 1056 1057 1057 1058 1058 1060 1060 1059 1059 1061 1061 1058 1058 1059 1059 1060 1060 1062 1062 1061 1061 1063 1063 1060 1060 1061 1061 1062 1062 1064 1064 1063 1063 1065 1065 1062 1062 1063 1063 1064 1064 1064 1064 1065 1065 1066 1066 1066 1066 1065 1065 1067 1067 1067 1067 1065 1065 1068 1068 1069 1069 1068 1068 1070 1070 1067 1067 1068 1068 1069 1069 1069 1069 1070 1070 1071 1071 1071 1071 1070 1070 1072 1072 1073 1073 1072 1072 1074 1074 1071 1071 1072 1072 1073 1073 1075 1075 1074 1074 1076 1076 1073 1073 1074 1074 1075 1075 1077 1077 1076 1076 1078 1078 1075 1075 1076 1076 1077 1077 1079 1079 1078 1078 1080 1080 1077 1077 1078 1078 1079 1079 1081 1081 1080 1080 1082 1082 1079 1079 1080 1080 1081 1081 1083 1083 1082 1082 1084 1084 1081 1081 1082 1082 1083 1083 1085 1085 1084 1084 1086 1086 1083 1083 1084 1084 1085 1085 1087 1087 1086 1086 1088 1088 1085 1085 1086 1086 1087 1087 1089 1089 1088 1088 1090 1090 1087 1087 1088 1088 1089 1089 1091 1091 1090 1090 1092 1092 1091 1091 1089 1089 1090 1090 1093 1093 1092 1092 1094 1094 1093 1093 1091 1091 1092 1092 1095 1095 1093 1093 1094 1094 1096 1096 1094 1094 1097 1097 1096 1096 1095 1095 1094 1094 1098 1098 1097 1097 1099 1099 1098 1098 1096 1096 1097 1097 1100 1100 1099 1099 1101 1101 1100 1100 1098 1098 1099 1099 1102 1102 1101 1101 1103 1103 1102 1102 1100 1100 1101 1101 1104 1104 1103 1103 1105 1105 1104 1104 1102 1102 1103 1103 1106 1106 1105 1105 1107 1107 1106 1106 1104 1104 1105 1105 1108 1108 1107 1107 1109 1109 1108 1108 1106 1106 1107 1107 1110 1110 1109 1109 1111 1111 1110 1110 1108 1108 1109 1109 1112 1112 1111 1111 1113 1113 1112 1112 1110 1110 1111 1111 1114 1114 1113 1113 1115 1115 1114 1114 1112 1112 1113 1113 1116 1116 1115 1115 1117 1117 1116 1116 1114 1114 1115 1115 1118 1118 1117 1117 1119 1119 1118 1118 1116 1116 1117 1117 1120 1120 1118 1118 1119 1119 1120 1120 1119 1119 968 968 972 972 1120 1120 968 968 1121 1121 1122 1122 1054 1054 1121 1121 1054 1054 1123 1123 1053 1053 1123 1123 1054 1054 1124 1124 1123 1123 1053 1053 1125 1125 1126 1126 1055 1055 1122 1122 1124 1124 1127 1127 1122 1122 1127 1127 1128 1128 1125 1125 1055 1055 1122 1122 1129 1129 1125 1125 1122 1122 1122 1122 1128 1128 1130 1130 1122 1122 1130 1130 1131 1131 1132 1132 1129 1129 1122 1122 1133 1133 1132 1132 1122 1122 1122 1122 1131 1131 1134 1134 1122 1122 1134 1134 1135 1135 1136 1136 1133 1133 1122 1122 1137 1137 1136 1136 1122 1122 1122 1122 1135 1135 1138 1138 1122 1122 1138 1138 1139 1139 1140 1140 1137 1137 1122 1122 1141 1141 1140 1140 1122 1122 1122 1122 1139 1139 1142 1142 1122 1122 1142 1142 1141 1141 1143 1143 1144 1144 1055 1055 1055 1055 1126 1126 1145 1145 1143 1143 1055 1055 1145 1145 1146 1146 1127 1127 1124 1124 1052 1052 1147 1147 1148 1148 1052 1052 1148 1148 1149 1149 1150 1150 1146 1146 1124 1124 1151 1151 1150 1150 1124 1124 1124 1124 1052 1052 1149 1149 1124 1124 1149 1149 1152 1152 1153 1153 1151 1151 1124 1124 1154 1154 1153 1153 1124 1124 1124 1124 1152 1152 1155 1155 1124 1124 1155 1155 1156 1156 1157 1157 1154 1154 1124 1124 1158 1158 1157 1157 1124 1124 1124 1124 1156 1156 1159 1159 1124 1124 1159 1159 1160 1160 1161 1161 1158 1158 1124 1124 1162 1162 1161 1161 1124 1124 1124 1124 1160 1160 1163 1163 1124 1124 1163 1163 1164 1164 1165 1165 1162 1162 1124 1124 1166 1166 1165 1165 1124 1124 1124 1124 1164 1164 1167 1167 1124 1124 1167 1167 1168 1168 1169 1169 1166 1166 1124 1124 1170 1170 1169 1169 1124 1124 1124 1124 1168 1168 1171 1171 1124 1124 1171 1171 1172 1172 1173 1173 1170 1170 1124 1124 1124 1124 1172 1172 1174 1174 1124 1124 1174 1174 1173 1173 1055 1055 1054 1054 1122 1122 1053 1053 1052 1052 1124 1124 1175 1175 1176 1176 1177 1177 1175 1175 1178 1178 1176 1176 1178 1178 1179 1179 1176 1176 1180 1180 1181 1181 1182 1182 1181 1181 1183 1183 1182 1182 1184 1184 1185 1185 1179 1179 1178 1178 1184 1184 1179 1179 1186 1186 1187 1187 1183 1183 1181 1181 1186 1186 1183 1183 1188 1188 1189 1189 1185 1185 1184 1184 1188 1188 1185 1185 1190 1190 1191 1191 1187 1187 1186 1186 1190 1190 1187 1187 1188 1188 1192 1192 1189 1189 1192 1192 1193 1193 1189 1189 1190 1190 1194 1194 1191 1191 1194 1194 1195 1195 1191 1191 1192 1192 1196 1196 1193 1193 1196 1196 1197 1197 1193 1193 1194 1194 1198 1198 1195 1195 1196 1196 1199 1199 1197 1197 1199 1199 1200 1200 1197 1197 1198 1198 1201 1201 1202 1202 1199 1199 1203 1203 1200 1200 1203 1203 1204 1204 1200 1200 1201 1201 1205 1205 1206 1206 1203 1203 1207 1207 1204 1204 1207 1207 1208 1208 1204 1204 1205 1205 1209 1209 1210 1210 1207 1207 1211 1211 1208 1208 1211 1211 1212 1212 1208 1208 1209 1209 1213 1213 1214 1214 1211 1211 1215 1215 1212 1212 1215 1215 1216 1216 1212 1212 1213 1213 1217 1217 1218 1218 1215 1215 1219 1219 1216 1216 1219 1219 1220 1220 1216 1216 1217 1217 1221 1221 1222 1222 1219 1219 1223 1223 1220 1220 1223 1223 1224 1224 1220 1220 1221 1221 1225 1225 1226 1226 1223 1223 1227 1227 1224 1224 1227 1227 1228 1228 1224 1224 1225 1225 1229 1229 1230 1230 1227 1227 1231 1231 1228 1228 1231 1231 1232 1232 1228 1228 1229 1229 1233 1233 1234 1234 1231 1231 1235 1235 1232 1232 1235 1235 1236 1236 1232 1232 1233 1233 1237 1237 1238 1238 1235 1235 1239 1239 1236 1236 1239 1239 1240 1240 1236 1236 1237 1237 1241 1241 1242 1242 1243 1243 1244 1244 1240 1240 1243 1243 1240 1240 1239 1239 1245 1245 1246 1246 1241 1241 1247 1247 1248 1248 1244 1244 1247 1247 1244 1244 1243 1243 1249 1249 1250 1250 1245 1245 1251 1251 1252 1252 1248 1248 1251 1251 1248 1248 1247 1247 1253 1253 1254 1254 1249 1249 1255 1255 1256 1256 1252 1252 1255 1255 1252 1252 1251 1251 1257 1257 1258 1258 1253 1253 1259 1259 1260 1260 1256 1256 1259 1259 1256 1256 1255 1255 1261 1261 1262 1262 1257 1257 1263 1263 1264 1264 1260 1260 1263 1263 1260 1260 1259 1259 1265 1265 1266 1266 1261 1261 1267 1267 1268 1268 1264 1264 1267 1267 1264 1264 1263 1263 1269 1269 1270 1270 1265 1265 1271 1271 1272 1272 1268 1268 1271 1271 1268 1268 1267 1267 1273 1273 1274 1274 1269 1269 1275 1275 1276 1276 1272 1272 1275 1275 1272 1272 1271 1271 1277 1277 1278 1278 1273 1273 1279 1279 1280 1280 1276 1276 1279 1279 1276 1276 1275 1275 1281 1281 1282 1282 1277 1277 1283 1283 1280 1280 1279 1279 1283 1283 1284 1284 1280 1280 1285 1285 1286 1286 1281 1281 1287 1287 1284 1284 1283 1283 1287 1287 1288 1288 1285 1285 1283 1283 1288 1288 1287 1287 1289 1289 1290 1290 1284 1284 1284 1284 1287 1287 1289 1289 1290 1290 1289 1289 1291 1291 1291 1291 1292 1292 1290 1290 1293 1293 1294 1294 1292 1292 1292 1292 1291 1291 1293 1293 1295 1295 1296 1296 1294 1294 1294 1294 1293 1293 1295 1295 1297 1297 1298 1298 1296 1296 1296 1296 1295 1295 1297 1297 1299 1299 1300 1300 1298 1298 1300 1300 1299 1299 1301 1301 1298 1298 1297 1297 1299 1299 1302 1302 1301 1301 1299 1299 273 273 1303 1303 1301 1301 1301 1301 1302 1302 273 273 272 272 273 273 1302 1302 1304 1304 272 272 1302 1302 294 294 1305 1305 1303 1303 294 294 1303 1303 273 273 1306 1306 381 381 1304 1304 292 292 1307 1307 1305 1305 292 292 1305 1305 294 294 1308 1308 380 380 1306 1306 290 290 1309 1309 1307 1307 290 290 1307 1307 292 292 1310 1310 379 379 1308 1308 288 288 1311 1311 1309 1309 288 288 1309 1309 290 290 1312 1312 378 378 1310 1310 286 286 1313 1313 1311 1311 286 286 1311 1311 288 288 1314 1314 377 377 1312 1312 284 284 1315 1315 1313 1313 284 284 1313 1313 286 286 1316 1316 376 376 1314 1314 282 282 1315 1315 284 284 282 282 1317 1317 1315 1315 1318 1318 375 375 1316 1316 280 280 1317 1317 282 282 280 280 1319 1319 1317 1317 1320 1320 374 374 1318 1318 278 278 1321 1321 1319 1319 278 278 1319 1319 280 280 1322 1322 373 373 1320 1320 276 276 1323 1323 1321 1321 276 276 1321 1321 278 278 1324 1324 372 372 1322 1322 275 275 1323 1323 276 276 275 275 1325 1325 1323 1323 1326 1326 371 371 1324 1324 274 274 1327 1327 1325 1325 274 274 1325 1325 275 275 1328 1328 370 370 1326 1326 277 277 1329 1329 1327 1327 277 277 1327 1327 274 274 1330 1330 369 369 1328 1328 279 279 1331 1331 1329 1329 279 279 1329 1329 277 277 1332 1332 368 368 1330 1330 281 281 1333 1333 1331 1331 281 281 1331 1331 279 279 1334 1334 367 367 1332 1332 283 283 1335 1335 1333 1333 283 283 1333 1333 281 281 1336 1336 366 366 1334 1334 285 285 1337 1337 1335 1335 285 285 1335 1335 283 283 1338 1338 365 365 1336 1336 287 287 1337 1337 285 285 287 287 1339 1339 1337 1337 1340 1340 364 364 1338 1338 289 289 1339 1339 287 287 289 289 1341 1341 1339 1339 1342 1342 363 363 1340 1340 291 291 1341 1341 289 289 291 291 1343 1343 1341 1341 1344 1344 362 362 1342 1342 293 293 1343 1343 291 291 293 293 1345 1345 1343 1343 1346 1346 361 361 1344 1344 295 295 1347 1347 1345 1345 295 295 1345 1345 293 293 1348 1348 360 360 1346 1346 296 296 1349 1349 1347 1347 296 296 1347 1347 295 295 1350 1350 359 359 1348 1348 297 297 1351 1351 1349 1349 297 297 1349 1349 296 296 1350 1350 358 358 359 359 1352 1352 358 358 1350 1350 298 298 1353 1353 1351 1351 298 298 1351 1351 297 297 1352 1352 357 357 358 358 1354 1354 357 357 1352 1352 299 299 1355 1355 1353 1353 299 299 1353 1353 298 298 1354 1354 356 356 357 357 1356 1356 356 356 1354 1354 300 300 1357 1357 1355 1355 1358 1358 1357 1357 300 300 300 300 1355 1355 299 299 1356 1356 355 355 356 356 1359 1359 355 355 1356 1356 301 301 1360 1360 1358 1358 301 301 1358 1358 300 300 1359 1359 1361 1361 355 355 1361 1361 354 354 355 355 302 302 1360 1360 301 301 302 302 1362 1362 1360 1360 1363 1363 354 354 1361 1361 1363 1363 353 353 354 354 303 303 1362 1362 302 302 303 303 1364 1364 1362 1362 1365 1365 353 353 1363 1363 1365 1365 352 352 353 353 304 304 1364 1364 303 303 304 304 1366 1366 1364 1364 1367 1367 352 352 1365 1365 1367 1367 351 351 352 352 305 305 1366 1366 304 304 305 305 1368 1368 1366 1366 1369 1369 351 351 1367 1367 306 306 1368 1368 305 305 306 306 1370 1370 1368 1368 1371 1371 350 350 1369 1369 307 307 1370 1370 306 306 307 307 1372 1372 1370 1370 1373 1373 348 348 1371 1371 308 308 1372 1372 307 307 308 308 1374 1374 1372 1372 1375 1375 346 346 1373 1373 309 309 1376 1376 1374 1374 309 309 1374 1374 308 308 1377 1377 344 344 1375 1375 310 310 1378 1378 1376 1376 310 310 1376 1376 309 309 1379 1379 342 342 1377 1377 311 311 1380 1380 1378 1378 311 311 1378 1378 310 310 1381 1381 340 340 1379 1379 312 312 1382 1382 1380 1380 312 312 1380 1380 311 311 1383 1383 338 338 1381 1381 313 313 1384 1384 1382 1382 313 313 1382 1382 312 312 1385 1385 336 336 1383 1383 314 314 1386 1386 1384 1384 314 314 1384 1384 313 313 1387 1387 334 334 1385 1385 315 315 1386 1386 314 314 315 315 1388 1388 1386 1386 1389 1389 332 332 1387 1387 316 316 1388 1388 315 315 316 316 1390 1390 1388 1388 1391 1391 330 330 1389 1389 316 316 317 317 1390 1390 317 317 1392 1392 1390 1390 1391 1391 1393 1393 329 329 317 317 318 318 1392 1392 318 318 1394 1394 1392 1392 1393 1393 1395 1395 331 331 318 318 319 319 1394 1394 319 319 1396 1396 1394 1394 1395 1395 1397 1397 333 333 319 319 320 320 1396 1396 320 320 1398 1398 1396 1396 1397 1397 1399 1399 335 335 320 320 321 321 1398 1398 321 321 1400 1400 1398 1398 1399 1399 1401 1401 337 337 322 322 1402 1402 1400 1400 321 321 322 322 1400 1400 1401 1401 1403 1403 339 339 323 323 1404 1404 1402 1402 322 322 323 323 1402 1402 1403 1403 1405 1405 341 341 324 324 1406 1406 1404 1404 323 323 324 324 1404 1404 1405 1405 1407 1407 343 343 325 325 1408 1408 1406 1406 324 324 325 325 1406 1406 1407 1407 1409 1409 345 345 325 325 326 326 1408 1408 326 326 1410 1410 1408 1408 1409 1409 1411 1411 347 347 326 326 327 327 1410 1410 327 327 1412 1412 1410 1410 1411 1411 1413 1413 349 349 328 328 1414 1414 327 327 1412 1412 327 327 1414 1414 1413 1413 1414 1414 328 328 1414 1414 1415 1415 1412 1412 1415 1415 1414 1414 1416 1416 1416 1416 1417 1417 1415 1415 1418 1418 1415 1415 1417 1417 1417 1417 1419 1419 1418 1418 1419 1419 1417 1417 1420 1420 1420 1420 1421 1421 1419 1419 1421 1421 1420 1420 1422 1422 1422 1422 1423 1423 1421 1421 1424 1424 1421 1421 1423 1423 1423 1423 1425 1425 1424 1424 1425 1425 1423 1423 1426 1426 1426 1426 1427 1427 1425 1425 1428 1428 1425 1425 1427 1427 1427 1427 1429 1429 1428 1428 1429 1429 1430 1430 1428 1428 1429 1429 1427 1427 1431 1431 1427 1427 1432 1432 1431 1431 1429 1429 1433 1433 1430 1430 1433 1433 1434 1434 1430 1430 1432 1432 1435 1435 1436 1436 1433 1433 1437 1437 1434 1434 1437 1437 1438 1438 1434 1434 1435 1435 1439 1439 1440 1440 1441 1441 1442 1442 1438 1438 1437 1437 1441 1441 1438 1438 1439 1439 1443 1443 1444 1444 1445 1445 1446 1446 1442 1442 1441 1441 1445 1445 1442 1442 1443 1443 1447 1447 1448 1448 1445 1445 1449 1449 1446 1446 1449 1449 1450 1450 1446 1446 1447 1447 1451 1451 1452 1452 1449 1449 1453 1453 1450 1450 1453 1453 1454 1454 1450 1450 1451 1451 1455 1455 1456 1456 1453 1453 1457 1457 1454 1454 1457 1457 1458 1458 1454 1454 1455 1455 1459 1459 1460 1460 1457 1457 1461 1461 1458 1458 1461 1461 1462 1462 1458 1458 1459 1459 1463 1463 1464 1464 1461 1461 1465 1465 1462 1462 1465 1465 1466 1466 1462 1462 1463 1463 1467 1467 1468 1468 1465 1465 1469 1469 1466 1466 1469 1469 1470 1470 1466 1466 1467 1467 1471 1471 1472 1472 1469 1469 1473 1473 1470 1470 1473 1473 1474 1474 1470 1470 1471 1471 1475 1475 1476 1476 1473 1473 1477 1477 1474 1474 1477 1477 1478 1478 1474 1474 1475 1475 1479 1479 1480 1480 1477 1477 1481 1481 1478 1478 1481 1481 1482 1482 1478 1478 1479 1479 1483 1483 1484 1484 1481 1481 1485 1485 1482 1482 1485 1485 1486 1486 1482 1482 1483 1483 1487 1487 1488 1488 1489 1489 1490 1490 1486 1486 1485 1485 1489 1489 1486 1486 1487 1487 1491 1491 1492 1492 1489 1489 1493 1493 1490 1490 1493 1493 1494 1494 1490 1490 1491 1491 1495 1495 1496 1496 1493 1493 1497 1497 1494 1494 1497 1497 1498 1498 1494 1494 1495 1495 1499 1499 1500 1500 1497 1497 1501 1501 1498 1498 1501 1501 1502 1502 1498 1498 1499 1499 1503 1503 1504 1504 1501 1501 1505 1505 1502 1502 1505 1505 1506 1506 1502 1502 1503 1503 1507 1507 1508 1508 1509 1509 1510 1510 1506 1506 1505 1505 1509 1509 1506 1506 1507 1507 1511 1511 1512 1512 1513 1513 1514 1514 1510 1510 1509 1509 1513 1513 1510 1510 1511 1511 1515 1515 1516 1516 1517 1517 1518 1518 1514 1514 1513 1513 1517 1517 1514 1514 1515 1515 1519 1519 1520 1520 1521 1521 1522 1522 1518 1518 1517 1517 1521 1521 1518 1518 1519 1519 1523 1523 1524 1524 1525 1525 1526 1526 1522 1522 1521 1521 1525 1525 1522 1522 1523 1523 1527 1527 1524 1524 1523 1523 1528 1528 1527 1527 1529 1529 1530 1530 1526 1526 1525 1525 1529 1529 1526 1526 1528 1528 1531 1531 1527 1527 1528 1528 1532 1532 1531 1531 1533 1533 1534 1534 1530 1530 1529 1529 1533 1533 1530 1530 1532 1532 1535 1535 1531 1531 1532 1532 1536 1536 1535 1535 1534 1534 1175 1175 1177 1177 1533 1533 1175 1175 1534 1534 1536 1536 1182 1182 1535 1535 1536 1536 1180 1180 1182 1182 1198 1198 1202 1202 1195 1195 1201 1201 1206 1206 1202 1202 1205 1205 1210 1210 1206 1206 1209 1209 1214 1214 1210 1210 1213 1213 1218 1218 1214 1214 1217 1217 1222 1222 1218 1218 1221 1221 1226 1226 1222 1222 1225 1225 1230 1230 1226 1226 1229 1229 1234 1234 1230 1230 1233 1233 1238 1238 1234 1234 1237 1237 1242 1242 1238 1238 1241 1241 1246 1246 1242 1242 1245 1245 1250 1250 1246 1246 1249 1249 1254 1254 1250 1250 1253 1253 1258 1258 1254 1254 1257 1257 1262 1262 1258 1258 1261 1261 1266 1266 1262 1262 1265 1265 1270 1270 1266 1266 1269 1269 1274 1274 1270 1270 1273 1273 1278 1278 1274 1274 1277 1277 1282 1282 1278 1278 1281 1281 1286 1286 1282 1282 1285 1285 1288 1288 1286 1286 1432 1432 1436 1436 1431 1431 1435 1435 1440 1440 1436 1436 1439 1439 1444 1444 1440 1440 1443 1443 1448 1448 1444 1444 1447 1447 1452 1452 1448 1448 1451 1451 1456 1456 1452 1452 1455 1455 1460 1460 1456 1456 1459 1459 1464 1464 1460 1460 1463 1463 1468 1468 1464 1464 1467 1467 1472 1472 1468 1468 1471 1471 1476 1476 1472 1472 1475 1475 1480 1480 1476 1476 1479 1479 1484 1484 1480 1480 1483 1483 1488 1488 1484 1484 1487 1487 1492 1492 1488 1488 1491 1491 1496 1496 1492 1492 1495 1495 1500 1500 1496 1496 1499 1499 1504 1504 1500 1500 1503 1503 1508 1508 1504 1504 1507 1507 1512 1512 1508 1508 1511 1511 1516 1516 1512 1512 1515 1515 1520 1520 1516 1516 1519 1519 1524 1524 1520 1520 1304 1304 381 381 272 272 1306 1306 380 380 381 381 1308 1308 379 379 380 380 1310 1310 378 378 379 379 1312 1312 377 377 378 378 1314 1314 376 376 377 377 1316 1316 375 375 376 376 1318 1318 374 374 375 375 1320 1320 373 373 374 374 1322 1322 372 372 373 373 1324 1324 371 371 372 372 1326 1326 370 370 371 371 1328 1328 369 369 370 370 1330 1330 368 368 369 369 1332 1332 367 367 368 368 1334 1334 366 366 367 367 1336 1336 365 365 366 366 1338 1338 364 364 365 365 1340 1340 363 363 364 364 1342 1342 362 362 363 363 1344 1344 361 361 362 362 1346 1346 360 360 361 361 1348 1348 359 359 360 360 1369 1369 350 350 351 351 1371 1371 348 348 350 350 1373 1373 346 346 348 348 1375 1375 344 344 346 346 1377 1377 342 342 344 344 1379 1379 340 340 342 342 1381 1381 338 338 340 340 1383 1383 336 336 338 338 1385 1385 334 334 336 336 1387 1387 332 332 334 334 1389 1389 330 330 332 332 1391 1391 329 329 330 330 1393 1393 331 331 329 329 1395 1395 333 333 331 331 1397 1397 335 335 333 333 1399 1399 337 337 335 335 1401 1401 339 339 337 337 1403 1403 341 341 339 339 1405 1405 343 343 341 341 1407 1407 345 345 343 343 1409 1409 347 347 345 345 1411 1411 349 349 347 347 1413 1413 328 328 349 349 1537 1537 124 124 575 575 1538 1538 382 382 1537 1537 382 382 124 124 1537 1537 1539 1539 384 384 1538 1538 384 384 382 382 1538 1538 1540 1540 385 385 1539 1539 385 385 384 384 1539 1539 386 386 385 385 1540 1540 1541 1541 386 386 1540 1540 389 389 386 386 1541 1541 1542 1542 389 389 1541 1541 1543 1543 390 390 1542 1542 390 390 389 389 1542 1542 1544 1544 394 394 1543 1543 394 394 390 390 1543 1543 1545 1545 395 395 1544 1544 395 395 394 394 1544 1544 1546 1546 396 396 1545 1545 396 396 395 395 1545 1545 1547 1547 401 401 1546 1546 401 401 396 396 1546 1546 1548 1548 402 402 1547 1547 402 402 401 401 1547 1547 1549 1549 410 410 1548 1548 410 410 402 402 1548 1548 1550 1550 411 411 1549 1549 411 411 410 410 1549 1549 1551 1551 412 412 1550 1550 412 412 411 411 1550 1550 1552 1552 421 421 1551 1551 421 421 412 412 1551 1551 1553 1553 422 422 1552 1552 422 422 421 421 1552 1552 1554 1554 566 566 1553 1553 566 566 422 422 1553 1553 1555 1555 528 528 1554 1554 528 528 566 566 1554 1554 1556 1556 440 440 1555 1555 440 440 528 528 1555 1555 1557 1557 441 441 1556 1556 441 441 440 440 1556 1556 1558 1558 442 442 1557 1557 442 442 441 441 1557 1557 1559 1559 448 448 1558 1558 448 448 442 442 1558 1558 1560 1560 540 540 1559 1559 540 540 448 448 1559 1559 1561 1561 462 462 1560 1560 462 462 540 540 1560 1560 1562 1562 463 463 1561 1561 463 463 462 462 1561 1561 1563 1563 464 464 1562 1562 464 464 463 463 1562 1562 1564 1564 467 467 1563 1563 467 467 464 464 1563 1563 1565 1565 473 473 1564 1564 473 473 467 467 1564 1564 474 474 473 473 1565 1565 1566 1566 474 474 1565 1565 475 475 474 474 1566 1566 1567 1567 475 475 1566 1566 476 476 475 475 1567 1567 1568 1568 476 476 1567 1567 479 479 476 476 1568 1568 1569 1569 479 479 1568 1568 482 482 479 479 1569 1569 1570 1570 482 482 1569 1569 483 483 482 482 1570 1570 1571 1571 483 483 1570 1570 484 484 483 483 1571 1571 1572 1572 484 484 1571 1571 485 485 484 484 1572 1572 1573 1573 485 485 1572 1572 488 488 485 485 1573 1573 1574 1574 488 488 1573 1573 1575 1575 562 562 1574 1574 562 562 488 488 1574 1574 563 563 562 562 1575 1575 620 620 563 563 1575 1575 203 203 563 563 620 620 748 748 972 972 271 271 785 785 1576 1576 748 748 1576 1576 972 972 748 748 786 786 1577 1577 785 785 1577 1577 1576 1576 785 785 787 787 1578 1578 786 786 1578 1578 1577 1577 786 786 1579 1579 1578 1578 787 787 797 797 1579 1579 787 787 1580 1580 1579 1579 797 797 798 798 1580 1580 797 797 808 808 1581 1581 798 798 1581 1581 1580 1580 798 798 809 809 1582 1582 808 808 1582 1582 1581 1581 808 808 810 810 1583 1583 809 809 1583 1583 1582 1582 809 809 818 818 1584 1584 810 810 1584 1584 1583 1583 810 810 819 819 1585 1585 818 818 1585 1585 1584 1584 818 818 824 824 1586 1586 819 819 1586 1586 1585 1585 819 819 825 825 1587 1587 824 824 1587 1587 1586 1586 824 824 826 826 1588 1588 825 825 1588 1588 1587 1587 825 825 830 830 1589 1589 826 826 1589 1589 1588 1588 826 826 831 831 1590 1590 830 830 1590 1590 1589 1589 830 830 934 934 1591 1591 831 831 1591 1591 1590 1590 831 831 923 923 1592 1592 934 934 1592 1592 1591 1591 934 934 839 839 1593 1593 923 923 1593 1593 1592 1592 923 923 838 838 1594 1594 839 839 1594 1594 1593 1593 839 839 838 838 833 833 1595 1595 1595 1595 1594 1594 838 838 833 833 835 835 1596 1596 833 833 1596 1596 1595 1595 835 835 926 926 1597 1597 835 835 1597 1597 1596 1596 926 926 856 856 1598 1598 926 926 1598 1598 1597 1597 856 856 854 854 1599 1599 856 856 1599 1599 1598 1598 854 854 849 849 1600 1600 854 854 1600 1600 1599 1599 849 849 851 851 1601 1601 849 849 1601 1601 1600 1600 851 851 865 865 1602 1602 851 851 1602 1602 1601 1601 865 865 870 870 1603 1603 865 865 1603 1603 1602 1602 870 870 1604 1604 1603 1603 870 870 871 871 1604 1604 871 871 1605 1605 1604 1604 871 871 866 866 1605 1605 866 866 1606 1606 1605 1605 866 866 867 867 1606 1606 867 867 1607 1607 1606 1606 867 867 874 874 1607 1607 874 874 1608 1608 1607 1607 874 874 878 878 1608 1608 878 878 1609 1609 1608 1608 878 878 879 879 1609 1609 879 879 1610 1610 1609 1609 879 879 875 875 1610 1610 875 875 1611 1611 1610 1610 875 875 876 876 1611 1611 876 876 1612 1612 1611 1611 876 876 929 929 1612 1612 929 929 930 930 1613 1613 929 929 1613 1613 1612 1612 930 930 1614 1614 1613 1613 930 930 204 204 1614 1614 204 204 671 671 1614 1614 1615 1615 1053 1053 1054 1054 1616 1616 1617 1617 1615 1615 1617 1617 1053 1053 1615 1615 1618 1618 1619 1619 1616 1616 1619 1619 1617 1617 1616 1616 1620 1620 1621 1621 1618 1618 1621 1621 1619 1619 1618 1618 1622 1622 1621 1621 1620 1620 1623 1623 1622 1622 1620 1620 1624 1624 1622 1622 1623 1623 1625 1625 1624 1624 1623 1623 1626 1626 1627 1627 1625 1625 1627 1627 1624 1624 1625 1625 1628 1628 1629 1629 1626 1626 1629 1629 1627 1627 1626 1626 1630 1630 1631 1631 1628 1628 1631 1631 1629 1629 1628 1628 1632 1632 1633 1633 1630 1630 1633 1633 1631 1631 1630 1630 1634 1634 1635 1635 1632 1632 1635 1635 1633 1633 1632 1632 1636 1636 1637 1637 1634 1634 1637 1637 1635 1635 1634 1634 1638 1638 1639 1639 1636 1636 1639 1639 1637 1637 1636 1636 1640 1640 1641 1641 1638 1638 1641 1641 1639 1639 1638 1638 1642 1642 1643 1643 1640 1640 1643 1643 1641 1641 1640 1640 1644 1644 1645 1645 1642 1642 1645 1645 1643 1643 1642 1642 1646 1646 1647 1647 1644 1644 1647 1647 1645 1645 1644 1644 1648 1648 1649 1649 1646 1646 1649 1649 1647 1647 1646 1646 1650 1650 1651 1651 1648 1648 1651 1651 1649 1649 1648 1648 1652 1652 1653 1653 1650 1650 1653 1653 1651 1651 1650 1650 1654 1654 1655 1655 1652 1652 1655 1655 1653 1653 1652 1652 1656 1656 1657 1657 1654 1654 1654 1654 1657 1657 1655 1655 1658 1658 1659 1659 1656 1656 1656 1656 1659 1659 1657 1657 1660 1660 1661 1661 1658 1658 1658 1658 1661 1661 1659 1659 1662 1662 1663 1663 1660 1660 1660 1660 1663 1663 1661 1661 1664 1664 1665 1665 1662 1662 1662 1662 1665 1665 1663 1663 1666 1666 1667 1667 1664 1664 1664 1664 1667 1667 1665 1665 1668 1668 1669 1669 1666 1666 1666 1666 1669 1669 1667 1667 1670 1670 1671 1671 1668 1668 1668 1668 1671 1671 1669 1669 1670 1670 1672 1672 1671 1671 1673 1673 1672 1672 1670 1670 1673 1673 1674 1674 1672 1672 1675 1675 1674 1674 1673 1673 1675 1675 1676 1676 1674 1674 1677 1677 1676 1676 1675 1675 1677 1677 1678 1678 1676 1676 1679 1679 1678 1678 1677 1677 1679 1679 1680 1680 1678 1678 1681 1681 1680 1680 1679 1679 1681 1681 1682 1682 1680 1680 1683 1683 1682 1682 1681 1681 1683 1683 1684 1684 1682 1682 1685 1685 1684 1684 1683 1683 1685 1685 1686 1686 1684 1684 1687 1687 1686 1686 1685 1685 1687 1687 1688 1688 1686 1686 1689 1689 1688 1688 1687 1687 1690 1690 1691 1691 1689 1689 1689 1689 1691 1691 1688 1688 1690 1690 1692 1692 1691 1691 671 671 1692 1692 1690 1690 671 671 620 620 1692 1692 652 652 1693 1693 1694 1694 1693 1693 652 652 684 684 1695 1695 684 684 683 683 684 684 1695 1695 1693 1693 1696 1696 683 683 682 682 683 683 1696 1696 1695 1695 681 681 680 680 1697 1697 1697 1697 682 682 681 681 682 682 1697 1697 1696 1696 1698 1698 1697 1697 680 680 1699 1699 680 680 679 679 680 680 1699 1699 1698 1698 678 678 677 677 1700 1700 1700 1700 679 679 678 678 679 679 1700 1700 1699 1699 1701 1701 1700 1700 677 677 1702 1702 677 677 676 676 677 677 1702 1702 1701 1701 1703 1703 676 676 675 675 676 676 1703 1703 1702 1702 675 675 1704 1704 1703 1703 674 674 673 673 1704 1704 1704 1704 675 675 674 674 1705 1705 1704 1704 673 673 673 673 1706 1706 1705 1705 1706 1706 673 673 672 672 672 672 1707 1707 1706 1706 1707 1707 672 672 670 670 670 670 1708 1708 1707 1707 1708 1708 670 670 669 669 669 669 1709 1709 1708 1708 1709 1709 669 669 685 685 1709 1709 685 685 1710 1710 687 687 1710 1710 685 685 1710 1710 687 687 1711 1711 689 689 1711 1711 687 687 1712 1712 691 691 693 693 691 691 1712 1712 689 689 1711 1711 689 689 1712 1712 693 693 1713 1713 1712 1712 695 695 1714 1714 693 693 1713 1713 693 693 1714 1714 697 697 1715 1715 695 695 1714 1714 695 695 1715 1715 699 699 1716 1716 697 697 1715 1715 697 697 1716 1716 1717 1717 701 701 703 703 701 701 1717 1717 699 699 1716 1716 699 699 1717 1717 1718 1718 703 703 705 705 703 703 1718 1718 1717 1717 705 705 1719 1719 1718 1718 707 707 1720 1720 705 705 1719 1719 705 705 1720 1720 709 709 1721 1721 707 707 1720 1720 707 707 1721 1721 1722 1722 745 745 744 744 745 745 1722 1722 709 709 1721 1721 709 709 1722 1722 744 744 1723 1723 1722 1722 1724 1724 743 743 742 742 743 743 1724 1724 744 744 1723 1723 744 744 1724 1724 742 742 1725 1725 1724 1724 746 746 1726 1726 742 742 1725 1725 742 742 1726 1726 1727 1727 747 747 741 741 747 747 1727 1727 746 746 1726 1726 746 746 1727 1727 741 741 1728 1728 1727 1727 1728 1728 741 741 1729 1729 740 740 1729 1729 741 741 1729 1729 740 740 1730 1730 739 739 1730 1730 740 740 1730 1730 739 739 1731 1731 738 738 1731 1731 739 739 737 737 1732 1732 738 738 1731 1731 738 738 1732 1732 736 736 1733 1733 737 737 1732 1732 737 737 1733 1733 735 735 1734 1734 736 736 1733 1733 736 736 1734 1734 734 734 1735 1735 735 735 1734 1734 735 735 1735 1735 733 733 1736 1736 734 734 1735 1735 734 734 1736 1736 732 732 1737 1737 733 733 1736 1736 733 733 1737 1737 731 731 1738 1738 732 732 1737 1737 732 732 1738 1738 730 730 1739 1739 731 731 1738 1738 731 731 1739 1739 729 729 1740 1740 730 730 1739 1739 730 730 1740 1740 728 728 1741 1741 729 729 1740 1740 729 729 1741 1741 727 727 1742 1742 728 728 1741 1741 728 728 1742 1742 726 726 1743 1743 727 727 1742 1742 727 727 1743 1743 725 725 1744 1744 726 726 1743 1743 726 726 1744 1744 724 724 1745 1745 725 725 1744 1744 725 725 1745 1745 1745 1745 724 724 1746 1746 1746 1746 723 723 722 722 723 723 1746 1746 724 724 722 722 1747 1747 1746 1746 1747 1747 722 722 1748 1748 721 721 1748 1748 722 722 1748 1748 721 721 1749 1749 720 720 1749 1749 721 721 1749 1749 720 720 1750 1750 719 719 1750 1750 720 720 1750 1750 719 719 1751 1751 718 718 1751 1751 719 719 717 717 1752 1752 718 718 1751 1751 718 718 1752 1752 716 716 1753 1753 717 717 1752 1752 717 717 1753 1753 1754 1754 715 715 714 714 715 715 1754 1754 716 716 1753 1753 716 716 1754 1754 714 714 1755 1755 1754 1754 1755 1755 714 714 1756 1756 713 713 1756 1756 714 714 1756 1756 713 713 1757 1757 712 712 1757 1757 713 713 1757 1757 712 712 1758 1758 711 711 1758 1758 712 712 1758 1758 711 711 1759 1759 710 710 1759 1759 711 711 1759 1759 710 710 1760 1760 708 708 1760 1760 710 710 1760 1760 708 708 1761 1761 1761 1761 706 706 704 704 706 706 1761 1761 708 708 704 704 1762 1762 1761 1761 1762 1762 704 704 1763 1763 702 702 1763 1763 704 704 1763 1763 702 702 1764 1764 1764 1764 700 700 698 698 700 700 1764 1764 702 702 698 698 1765 1765 1764 1764 1765 1765 698 698 1766 1766 696 696 1766 1766 698 698 1766 1766 696 696 1767 1767 694 694 1767 1767 696 696 1767 1767 694 694 1768 1768 1768 1768 692 692 690 690 692 692 1768 1768 694 694 690 690 1769 1769 1768 1768 1769 1769 690 690 1770 1770 1770 1770 688 688 686 686 688 688 1770 1770 690 690 686 686 1771 1771 1770 1770 1771 1771 686 686 668 668 668 668 1772 1772 1771 1771 1773 1773 668 668 667 667 668 668 1773 1773 1772 1772 1774 1774 667 667 666 666 667 667 1774 1774 1773 1773 665 665 664 664 1775 1775 1775 1775 666 666 665 665 666 666 1775 1775 1774 1774 1776 1776 1775 1775 664 664 1777 1777 664 664 663 663 664 664 1777 1777 1776 1776 1778 1778 663 663 662 662 663 663 1778 1778 1777 1777 661 661 660 660 1779 1779 1779 1779 662 662 661 661 662 662 1779 1779 1778 1778 1780 1780 1779 1779 660 660 660 660 1781 1781 1780 1780 1781 1781 660 660 659 659 659 659 1782 1782 1781 1781 658 658 657 657 1782 1782 1782 1782 659 659 658 658 1783 1783 1782 1782 657 657 657 657 1784 1784 1783 1783 1784 1784 657 657 656 656 656 656 1785 1785 1784 1784 1785 1785 656 656 655 655 655 655 1786 1786 1785 1785 1786 1786 655 655 654 654 654 654 1787 1787 1786 1786 1787 1787 654 654 653 653 653 653 1788 1788 1787 1787 651 651 649 649 1788 1788 1788 1788 653 653 651 651 1789 1789 1788 1788 649 649 649 649 647 647 1789 1789 1790 1790 1789 1789 647 647 647 647 645 645 1790 1790 1791 1791 1790 1790 645 645 645 645 1792 1792 1791 1791 643 643 641 641 1792 1792 1792 1792 645 645 643 643 641 641 639 639 1793 1793 1793 1793 1792 1792 641 641 1794 1794 1793 1793 639 639 1795 1795 639 639 637 637 639 639 1795 1795 1794 1794 1796 1796 637 637 635 635 637 637 1796 1796 1795 1795 633 633 631 631 1797 1797 1797 1797 635 635 633 633 635 635 1797 1797 1796 1796 1798 1798 1797 1797 631 631 1799 1799 631 631 629 629 631 631 1799 1799 1798 1798 627 627 625 625 1800 1800 1800 1800 629 629 627 627 629 629 1800 1800 1799 1799 1801 1801 1800 1800 625 625 623 623 622 622 1802 1802 1802 1802 625 625 623 623 625 625 1802 1802 1801 1801 1803 1803 1802 1802 622 622 621 621 624 624 1804 1804 1804 1804 622 622 621 621 622 622 1804 1804 1803 1803 1805 1805 1804 1804 624 624 624 624 1806 1806 1805 1805 1806 1806 624 624 626 626 626 626 1807 1807 1806 1806 628 628 630 630 1807 1807 1807 1807 626 626 628 628 1808 1808 1807 1807 630 630 630 630 632 632 1808 1808 1809 1809 1808 1808 632 632 632 632 1810 1810 1809 1809 634 634 636 636 1810 1810 1810 1810 632 632 634 634 1811 1811 1810 1810 636 636 636 636 638 638 1811 1811 1812 1812 1811 1811 638 638 638 638 1813 1813 1812 1812 1813 1813 638 638 640 640 642 642 644 644 1814 1814 1814 1814 640 640 642 642 640 640 1814 1814 1813 1813 644 644 646 646 1815 1815 1815 1815 1814 1814 644 644 1816 1816 1815 1815 646 646 1817 1817 646 646 648 648 646 646 1817 1817 1816 1816 1818 1818 648 648 650 650 648 648 1818 1818 1817 1817 1694 1694 650 650 652 652 650 650 1694 1694 1818 1818 1051 1051 1053 1053 1617 1617 1049 1049 1051 1051 1617 1617 1537 1537 989 989 991 991 1537 1537 987 987 989 989 1537 1537 575 575 987 987 1819 1819 1617 1617 1619 1619 1819 1819 1619 1619 1621 1621 1819 1819 1621 1621 1622 1622 1819 1819 1049 1049 1617 1617 1047 1047 1049 1049 1819 1819 1820 1820 1045 1045 1047 1047 1043 1043 1045 1045 1820 1820 1041 1041 1043 1043 1820 1820 1820 1820 1047 1047 1819 1819 1821 1821 1622 1622 1624 1624 1821 1821 1624 1624 1627 1627 1821 1821 1819 1819 1622 1622 1822 1822 1039 1039 1041 1041 1822 1822 1037 1037 1039 1039 1822 1822 1035 1035 1037 1037 1033 1033 1035 1035 1822 1822 1031 1031 1033 1033 1822 1822 1822 1822 1041 1041 1820 1820 1823 1823 1819 1819 1821 1821 1823 1823 1820 1820 1819 1819 1824 1824 1627 1627 1629 1629 1824 1824 1629 1629 1631 1631 1824 1824 1631 1631 1633 1633 1824 1824 1821 1821 1627 1627 1825 1825 1029 1029 1031 1031 1825 1825 1027 1027 1029 1029 1026 1026 1027 1027 1825 1825 1825 1825 1031 1031 1822 1822 1826 1826 1821 1821 1824 1824 1826 1826 1823 1823 1821 1821 1827 1827 1026 1026 1825 1825 1827 1827 1024 1024 1026 1026 1022 1022 1024 1024 1827 1827 1828 1828 1633 1633 1635 1635 1828 1828 1635 1635 1637 1637 1828 1828 1824 1824 1633 1633 1829 1829 1020 1020 1022 1022 1829 1829 1018 1018 1020 1020 1829 1829 1022 1022 1827 1827 1830 1830 1826 1826 1824 1824 1830 1830 1824 1824 1828 1828 1831 1831 1018 1018 1829 1829 1831 1831 1016 1016 1018 1018 1831 1831 1014 1014 1016 1016 1832 1832 1827 1827 1825 1825 1832 1832 1825 1825 1833 1833 1834 1834 1012 1012 1014 1014 1834 1834 1010 1010 1012 1012 1008 1008 1010 1010 1834 1834 1006 1006 1008 1008 1834 1834 1834 1834 1014 1014 1831 1831 1835 1835 1637 1637 1639 1639 1835 1835 1639 1639 1641 1641 1835 1835 1641 1641 1643 1643 1835 1835 1828 1828 1637 1637 1836 1836 1829 1829 1827 1827 1836 1836 1827 1827 1832 1832 1837 1837 1830 1830 1828 1828 1838 1838 1830 1830 1837 1837 1837 1837 1828 1828 1835 1835 1836 1836 1839 1839 1829 1829 1839 1839 1831 1831 1829 1829 1839 1839 1834 1834 1831 1831 1840 1840 1833 1833 1841 1841 1840 1840 1832 1832 1833 1833 1842 1842 1006 1006 1834 1834 1842 1842 1004 1004 1006 1006 1842 1842 1002 1002 1004 1004 1842 1842 1000 1000 1002 1002 998 998 1000 1000 1842 1842 1843 1843 1834 1834 1839 1839 1844 1844 1643 1643 1645 1645 1844 1844 1645 1645 1647 1647 1844 1844 1835 1835 1643 1643 1845 1845 1832 1832 1840 1840 1845 1845 1836 1836 1832 1832 1846 1846 1838 1838 1837 1837 1847 1847 1837 1837 1835 1835 1847 1847 1835 1835 1844 1844 1848 1848 1839 1839 1836 1836 1845 1845 1848 1848 1836 1836 1849 1849 1840 1840 1841 1841 1849 1849 1841 1841 1850 1850 1851 1851 997 997 998 998 1851 1851 995 995 997 997 1851 1851 993 993 995 995 1851 1851 998 998 1842 1842 1848 1848 1852 1852 1839 1839 1852 1852 1843 1843 1839 1839 1853 1853 1845 1845 1840 1840 1853 1853 1840 1840 1849 1849 1854 1854 993 993 1851 1851 1854 1854 991 991 993 993 1538 1538 1537 1537 1854 1854 1539 1539 1538 1538 1854 1854 1540 1540 1539 1539 1854 1854 1854 1854 1537 1537 991 991 1855 1855 1846 1846 1837 1837 1855 1855 1837 1837 1847 1847 1856 1856 1848 1848 1845 1845 1853 1853 1856 1856 1845 1845 1857 1857 1850 1850 1858 1858 1857 1857 1849 1849 1850 1850 1859 1859 1852 1852 1848 1848 1856 1856 1859 1859 1848 1848 1860 1860 1653 1653 1655 1655 1657 1657 1860 1860 1655 1655 1861 1861 1853 1853 1849 1849 1861 1861 1849 1849 1857 1857 1862 1862 1863 1863 1851 1851 1863 1863 1854 1854 1851 1851 1863 1863 1540 1540 1854 1854 1541 1541 1540 1540 1863 1863 1542 1542 1541 1541 1863 1863 1864 1864 1846 1846 1855 1855 1864 1864 1858 1858 1846 1846 1861 1861 1865 1865 1853 1853 1865 1865 1856 1856 1853 1853 1866 1866 1857 1857 1858 1858 1866 1866 1858 1858 1864 1864 1867 1867 1862 1862 1868 1868 1869 1869 1867 1867 1868 1868 1865 1865 1870 1870 1856 1856 1870 1870 1859 1859 1856 1856 1871 1871 1857 1857 1866 1866 1871 1871 1861 1861 1857 1857 1871 1871 1865 1865 1861 1861 1872 1872 1863 1863 1862 1862 1867 1867 1872 1872 1862 1862 1872 1872 1542 1542 1863 1863 1543 1543 1542 1542 1872 1872 1544 1544 1543 1543 1872 1872 1545 1545 1544 1544 1872 1872 1873 1873 1865 1865 1871 1871 1874 1874 1867 1867 1869 1869 1875 1875 1874 1874 1869 1869 1876 1876 1875 1875 1859 1859 1870 1870 1876 1876 1859 1859 1873 1873 1877 1877 1865 1865 1877 1877 1870 1870 1865 1865 1665 1665 1878 1878 1663 1663 1667 1667 1878 1878 1665 1665 1879 1879 1872 1872 1867 1867 1546 1546 1545 1545 1879 1879 1547 1547 1546 1546 1879 1879 1874 1874 1879 1879 1867 1867 1879 1879 1545 1545 1872 1872 1667 1667 1669 1669 1880 1880 1667 1667 1880 1880 1878 1878 1881 1881 1874 1874 1875 1875 1876 1876 1881 1881 1875 1875 1877 1877 1882 1882 1870 1870 1882 1882 1876 1876 1870 1870 1883 1883 1547 1547 1879 1879 1883 1883 1879 1879 1874 1874 1548 1548 1547 1547 1883 1883 1549 1549 1548 1548 1883 1883 1550 1550 1549 1549 1883 1883 1881 1881 1883 1883 1874 1874 1884 1884 1883 1883 1881 1881 1884 1884 1881 1881 1876 1876 1882 1882 1884 1884 1876 1876 1672 1672 1885 1885 1671 1671 1674 1674 1885 1885 1672 1672 1676 1676 1885 1885 1674 1674 1886 1886 1550 1550 1883 1883 1886 1886 1883 1883 1884 1884 1551 1551 1550 1550 1886 1886 1552 1552 1551 1551 1886 1886 1885 1885 1887 1887 1671 1671 1676 1676 1678 1678 1887 1887 1676 1676 1887 1887 1885 1885 1558 1558 1557 1557 1888 1888 1682 1682 1889 1889 1680 1680 1684 1684 1889 1889 1682 1682 1684 1684 1686 1686 1889 1889 1557 1557 1890 1890 1888 1888 1556 1556 1555 1555 1890 1890 1557 1557 1556 1556 1890 1890 1678 1678 1891 1891 1887 1887 1889 1889 1891 1891 1680 1680 1680 1680 1891 1891 1678 1678 1686 1686 1688 1688 1891 1891 1686 1686 1891 1891 1889 1889 1892 1892 1893 1893 1894 1894 1895 1895 1892 1892 1894 1894 1892 1892 1896 1896 1893 1893 1896 1896 1897 1897 1898 1898 1896 1896 1898 1898 1893 1893 1891 1891 1899 1899 1887 1887 1899 1899 1900 1900 1887 1887 1896 1896 1901 1901 1897 1897 1563 1563 1562 1562 1902 1902 1901 1901 1903 1903 1897 1897 1903 1903 1904 1904 1897 1897 1562 1562 1561 1561 1905 1905 1562 1562 1905 1905 1902 1902 1561 1561 1560 1560 1905 1905 1899 1899 1906 1906 1900 1900 1906 1906 1895 1895 1900 1900 1907 1907 1892 1892 1895 1895 1906 1906 1907 1907 1895 1895 1903 1903 1908 1908 1904 1904 1908 1908 1909 1909 1904 1904 1907 1907 1910 1910 1892 1892 1910 1910 1896 1896 1892 1892 1910 1910 1911 1911 1896 1896 1911 1911 1903 1903 1901 1901 1911 1911 1901 1901 1896 1896 1564 1564 1563 1563 1912 1912 1568 1568 1567 1567 1912 1912 1908 1908 1912 1912 1909 1909 1912 1912 1563 1563 1902 1902 1912 1912 1902 1902 1909 1909 1911 1911 1913 1913 1903 1903 1565 1565 1564 1564 1914 1914 1566 1566 1565 1565 1914 1914 1567 1567 1566 1566 1914 1914 1567 1567 1914 1914 1912 1912 1914 1914 1564 1564 1912 1912 1915 1915 1908 1908 1903 1903 1913 1913 1915 1915 1903 1903 1569 1569 1568 1568 1916 1916 1573 1573 1572 1572 1916 1916 1916 1916 1568 1568 1912 1912 1916 1916 1912 1912 1908 1908 1915 1915 1916 1916 1908 1908 1570 1570 1569 1569 1917 1917 1571 1571 1570 1570 1917 1917 1572 1572 1571 1571 1917 1917 1572 1572 1917 1917 1916 1916 1917 1917 1569 1569 1916 1916 1918 1918 1820 1820 1823 1823 1919 1919 1918 1918 1823 1823 1918 1918 1822 1822 1820 1820 1833 1833 1920 1920 1919 1919 1920 1920 1825 1825 1822 1822 1919 1919 1920 1920 1918 1918 1920 1920 1822 1822 1918 1918 1833 1833 1825 1825 1920 1920 1921 1921 1922 1922 1826 1826 1922 1922 1919 1919 1823 1823 1922 1922 1823 1823 1826 1826 1921 1921 1923 1923 1922 1922 1923 1923 1833 1833 1919 1919 1841 1841 1923 1923 1921 1921 1841 1841 1833 1833 1923 1923 1923 1923 1919 1919 1922 1922 1924 1924 1921 1921 1826 1826 1838 1838 1924 1924 1830 1830 1924 1924 1826 1826 1830 1830 1925 1925 1841 1841 1921 1921 1925 1925 1921 1921 1924 1924 1838 1838 1925 1925 1924 1924 1850 1850 1925 1925 1838 1838 1850 1850 1841 1841 1925 1925 1926 1926 1842 1842 1834 1834 1868 1868 1926 1926 1843 1843 1843 1843 1926 1926 1834 1834 1927 1927 1838 1838 1846 1846 1858 1858 1927 1927 1846 1846 1927 1927 1850 1850 1838 1838 1858 1858 1850 1850 1927 1927 1862 1862 1851 1851 1928 1928 1862 1862 1928 1928 1868 1868 1928 1928 1842 1842 1926 1926 1868 1868 1928 1928 1926 1926 1928 1928 1851 1851 1842 1842 1869 1869 1868 1868 1929 1929 1929 1929 1868 1868 1843 1843 1852 1852 1929 1929 1843 1843 1869 1869 1929 1929 1852 1852 1930 1930 1651 1651 1653 1653 1860 1860 1931 1931 1653 1653 1931 1931 1930 1930 1653 1653 1860 1860 1932 1932 1931 1931 1932 1932 1930 1930 1931 1931 1875 1875 1933 1933 1859 1859 1859 1859 1933 1933 1852 1852 1933 1933 1869 1869 1852 1852 1875 1875 1869 1869 1933 1933 1934 1934 1855 1855 1847 1847 1932 1932 1935 1935 1934 1934 1932 1932 1934 1934 1930 1930 1936 1936 1855 1855 1934 1934 1936 1936 1864 1864 1855 1855 1935 1935 1936 1936 1934 1934 1935 1935 1937 1937 1936 1936 1937 1937 1938 1938 1939 1939 1939 1939 1866 1866 1864 1864 1937 1937 1939 1939 1936 1936 1936 1936 1939 1939 1864 1864 1663 1663 1878 1878 1940 1940 1663 1663 1940 1940 1661 1661 1878 1878 1880 1880 1940 1940 1938 1938 1941 1941 1942 1942 1939 1939 1942 1942 1866 1866 1938 1938 1942 1942 1939 1939 1942 1942 1871 1871 1866 1866 1940 1940 1880 1880 1943 1943 1880 1880 1944 1944 1943 1943 1943 1943 1935 1935 1932 1932 1942 1942 1945 1945 1871 1871 1941 1941 1946 1946 1945 1945 1945 1945 1873 1873 1871 1871 1941 1941 1945 1945 1942 1942 1947 1947 1877 1877 1873 1873 1945 1945 1947 1947 1873 1873 1946 1946 1947 1947 1945 1945 1946 1946 1948 1948 1947 1947 1943 1943 1949 1949 1935 1935 1944 1944 1894 1894 1949 1949 1944 1944 1949 1949 1943 1943 1949 1949 1937 1937 1935 1935 1950 1950 1882 1882 1877 1877 1947 1947 1950 1950 1877 1877 1948 1948 1950 1950 1947 1947 1951 1951 1950 1950 1948 1948 1894 1894 1952 1952 1949 1949 1952 1952 1941 1941 1938 1938 1949 1949 1952 1952 1937 1937 1894 1894 1893 1893 1952 1952 1952 1952 1938 1938 1937 1937 1893 1893 1898 1898 1952 1952 1669 1669 1953 1953 1880 1880 1671 1671 1953 1953 1669 1669 1953 1953 1944 1944 1880 1880 1887 1887 1953 1953 1671 1671 1953 1953 1894 1894 1944 1944 1953 1953 1895 1895 1894 1894 1887 1887 1900 1900 1953 1953 1900 1900 1895 1895 1953 1953 1954 1954 1882 1882 1950 1950 1951 1951 1954 1954 1950 1950 1954 1954 1884 1884 1882 1882 1888 1888 1954 1954 1951 1951 1898 1898 1897 1897 1955 1955 1955 1955 1948 1948 1946 1946 1898 1898 1955 1955 1952 1952 1952 1952 1955 1955 1941 1941 1897 1897 1904 1904 1955 1955 1955 1955 1946 1946 1941 1941 1956 1956 1951 1951 1948 1948 1956 1956 1948 1948 1955 1955 1904 1904 1956 1956 1955 1955 1888 1888 1951 1951 1956 1956 1904 1904 1909 1909 1956 1956 1888 1888 1957 1957 1954 1954 1555 1555 1554 1554 1957 1957 1890 1890 1958 1958 1888 1888 1958 1958 1555 1555 1957 1957 1958 1958 1957 1957 1888 1888 1890 1890 1555 1555 1958 1958 1905 1905 1959 1959 1902 1902 1905 1905 1560 1560 1959 1959 1959 1959 1888 1888 1956 1956 1909 1909 1959 1959 1956 1956 1959 1959 1558 1558 1888 1888 1902 1902 1959 1959 1909 1909 1559 1559 1558 1558 1959 1959 1560 1560 1559 1559 1959 1959 1960 1960 1899 1899 1891 1891 1960 1960 1906 1906 1899 1899 1960 1960 1910 1910 1907 1907 1691 1691 1960 1960 1688 1688 1691 1691 1692 1692 1960 1960 1692 1692 620 620 1960 1960 1688 1688 1960 1960 1891 1891 1960 1960 1907 1907 1906 1906 1574 1574 1573 1573 1961 1961 1575 1575 1574 1574 1961 1961 620 620 1575 1575 1961 1961 620 620 1961 1961 1960 1960 1961 1961 1573 1573 1916 1916 1961 1961 1915 1915 1913 1913 1961 1961 1911 1911 1910 1910 1961 1961 1913 1913 1911 1911 1961 1961 1916 1916 1915 1915 1960 1960 1961 1961 1910 1910 1962 1962 1647 1647 1649 1649 1962 1962 1649 1649 1651 1651 1962 1962 1844 1844 1647 1647 1962 1962 1847 1847 1844 1844 1930 1930 1962 1962 1651 1651 1934 1934 1962 1962 1930 1930 1934 1934 1847 1847 1962 1962 1940 1940 1943 1943 1963 1963 1659 1659 1963 1963 1657 1657 1661 1661 1963 1963 1659 1659 1963 1963 1943 1943 1932 1932 1661 1661 1940 1940 1963 1963 1657 1657 1963 1963 1860 1860 1963 1963 1932 1932 1860 1860 1957 1957 1554 1554 1964 1964 1552 1552 1886 1886 1964 1964 1964 1964 1886 1886 1884 1884 1964 1964 1884 1884 1954 1954 1957 1957 1964 1964 1954 1954 1553 1553 1552 1552 1964 1964 1554 1554 1553 1553 1964 1964 1576 1576 1120 1120 972 972 1576 1576 1118 1118 1120 1120 1615 1615 1058 1058 1060 1060 1615 1615 1056 1056 1058 1058 1615 1615 1054 1054 1056 1056 1577 1577 1965 1965 1576 1576 1578 1578 1965 1965 1577 1577 1579 1579 1965 1965 1578 1578 1965 1965 1118 1118 1576 1576 1965 1965 1116 1116 1118 1118 1966 1966 1114 1114 1116 1116 1966 1966 1112 1112 1114 1114 1966 1966 1110 1110 1112 1112 1965 1965 1966 1966 1116 1116 1580 1580 1967 1967 1579 1579 1581 1581 1967 1967 1580 1580 1967 1967 1965 1965 1579 1579 1110 1110 1968 1968 1108 1108 1108 1108 1968 1968 1106 1106 1968 1968 1104 1104 1106 1106 1968 1968 1102 1102 1104 1104 1968 1968 1100 1100 1102 1102 1966 1966 1968 1968 1110 1110 1967 1967 1969 1969 1965 1965 1969 1969 1966 1966 1965 1965 1582 1582 1970 1970 1581 1581 1583 1583 1970 1970 1582 1582 1584 1584 1970 1970 1583 1583 1970 1970 1967 1967 1581 1581 1100 1100 1971 1971 1098 1098 1971 1971 1096 1096 1098 1098 1971 1971 1095 1095 1096 1096 1968 1968 1971 1971 1100 1100 1970 1970 1972 1972 1967 1967 1972 1972 1969 1969 1967 1967 1971 1971 1973 1973 1095 1095 1973 1973 1093 1093 1095 1095 1973 1973 1091 1091 1093 1093 1585 1585 1974 1974 1584 1584 1586 1586 1974 1974 1585 1585 1974 1974 1970 1970 1584 1584 1975 1975 1089 1089 1091 1091 1975 1975 1087 1087 1089 1089 1973 1973 1975 1975 1091 1091 1976 1976 1972 1972 1970 1970 1974 1974 1976 1976 1970 1970 1977 1977 1087 1087 1975 1975 1977 1977 1085 1085 1087 1087 1977 1977 1083 1083 1085 1085 1978 1978 1973 1973 1971 1971 1979 1979 1978 1978 1971 1971 1980 1980 1081 1081 1083 1083 1980 1980 1079 1079 1081 1081 1077 1077 1079 1079 1980 1980 1075 1075 1077 1077 1980 1980 1980 1980 1083 1083 1977 1977 1587 1587 1981 1981 1586 1586 1588 1588 1981 1981 1587 1587 1589 1589 1981 1981 1588 1588 1981 1981 1974 1974 1586 1586 1982 1982 1977 1977 1975 1975 1982 1982 1975 1975 1973 1973 1978 1978 1982 1982 1973 1973 1983 1983 1976 1976 1974 1974 1981 1981 1983 1983 1974 1974 1984 1984 1977 1977 1982 1982 1985 1985 1982 1982 1978 1978 1986 1986 1985 1985 1979 1979 1985 1985 1978 1978 1979 1979 1987 1987 1075 1075 1980 1980 1987 1987 1073 1073 1075 1075 1987 1987 1071 1071 1073 1073 1987 1987 1069 1069 1071 1071 1067 1067 1069 1069 1987 1987 1984 1984 1988 1988 1977 1977 1988 1988 1980 1980 1977 1977 1590 1590 1989 1989 1589 1589 1591 1591 1989 1989 1590 1590 1989 1989 1981 1981 1589 1589 1990 1990 1982 1982 1985 1985 1983 1983 1991 1991 1976 1976 1991 1991 1992 1992 1976 1976 1993 1993 1983 1983 1981 1981 1989 1989 1993 1993 1981 1981 1994 1994 1984 1984 1982 1982 1990 1990 1994 1994 1982 1982 1995 1995 1985 1985 1986 1986 1996 1996 1995 1995 1986 1986 1997 1997 1066 1066 1067 1067 1997 1997 1064 1064 1066 1066 1997 1997 1062 1062 1064 1064 1997 1997 1067 1067 1987 1987 1998 1998 1988 1988 1984 1984 1994 1994 1998 1998 1984 1984 1999 1999 1990 1990 1985 1985 1995 1995 1999 1999 1985 1985 2000 2000 1060 1060 1062 1062 2000 2000 1062 1062 1997 1997 1616 1616 1615 1615 2000 2000 1618 1618 1616 1616 2000 2000 1620 1620 1618 1618 2000 2000 2000 2000 1615 1615 1060 1060 1993 1993 2001 2001 1983 1983 2001 2001 1991 1991 1983 1983 1999 1999 2002 2002 1990 1990 2002 2002 1998 1998 1994 1994 2002 2002 1994 1994 1990 1990 2003 2003 2004 2004 1996 1996 2004 2004 1995 1995 1996 1996 2005 2005 1998 1998 2002 2002 1595 1595 2006 2006 1594 1594 1595 1595 1596 1596 2006 2006 2007 2007 1999 1999 1995 1995 2004 2004 2007 2007 1995 1995 2008 2008 1620 1620 2000 2000 2008 2008 2000 2000 1997 1997 2009 2009 2008 2008 1997 1997 1623 1623 1620 1620 2008 2008 1625 1625 1623 1623 2008 2008 2001 2001 2010 2010 1991 1991 2010 2010 2003 2003 1991 1991 2007 2007 2011 2011 1999 1999 2011 2011 2002 2002 1999 1999 2012 2012 2004 2004 2003 2003 2010 2010 2012 2012 2003 2003 2012 2012 2007 2007 2004 2004 2013 2013 2009 2009 2014 2014 2015 2015 2013 2013 2014 2014 2011 2011 2016 2016 2002 2002 2016 2016 2005 2005 2002 2002 2017 2017 2007 2007 2012 2012 2018 2018 2008 2008 2009 2009 2013 2013 2018 2018 2009 2009 2018 2018 1625 1625 2008 2008 1626 1626 1625 1625 2018 2018 1628 1628 1626 1626 2018 2018 1630 1630 1628 1628 2018 2018 2019 2019 2011 2011 2007 2007 2019 2019 2016 2016 2011 2011 2017 2017 2019 2019 2007 2007 2020 2020 2013 2013 2015 2015 2021 2021 2020 2020 2015 2015 2020 2020 2018 2018 2013 2013 2022 2022 2021 2021 2005 2005 2016 2016 2022 2022 2005 2005 2023 2023 2016 2016 2019 2019 1599 1599 1600 1600 2024 2024 1600 1600 1601 1601 2024 2024 2025 2025 2018 2018 2020 2020 1632 1632 1630 1630 2025 2025 1634 1634 1632 1632 2025 2025 2025 2025 1630 1630 2018 2018 1601 1601 1602 1602 2026 2026 2024 2024 1601 1601 2026 2026 2022 2022 2027 2027 2021 2021 2027 2027 2020 2020 2021 2021 2028 2028 2022 2022 2016 2016 2023 2023 2028 2028 2016 2016 2029 2029 1634 1634 2025 2025 2027 2027 2029 2029 2020 2020 2029 2029 2025 2025 2020 2020 1636 1636 1634 1634 2029 2029 1638 1638 1636 1636 2029 2029 1640 1640 1638 1638 2029 2029 2028 2028 2030 2030 2022 2022 2030 2030 2029 2029 2027 2027 2030 2030 2027 2027 2022 2022 1603 1603 1604 1604 2031 2031 1604 1604 1605 1605 2031 2031 1605 1605 1606 1606 2031 2031 2032 2032 2029 2029 2030 2030 2032 2032 1640 1640 2029 2029 1642 1642 1640 1640 2032 2032 1644 1644 1642 1642 2032 2032 1603 1603 2031 2031 2033 2033 1606 1606 1607 1607 2033 2033 2031 2031 1606 1606 2033 2033 1656 1656 1654 1654 2034 2034 1608 1608 1609 1609 2035 2035 1609 1609 1610 1610 2035 2035 1610 1610 1611 1611 2035 2035 2034 2034 1654 1654 2036 2036 1652 1652 1650 1650 2036 2036 2036 2036 1654 1654 1652 1652 1608 1608 2035 2035 2037 2037 1607 1607 1608 1608 2037 2037 1611 1611 1612 1612 2037 2037 2035 2035 1611 1611 2037 2037 1607 1607 2037 2037 2033 2033 2038 2038 2039 2039 2040 2040 2041 2041 2039 2039 2038 2038 2040 2040 2042 2042 2043 2043 2039 2039 2042 2042 2040 2040 2044 2044 2045 2045 2041 2041 2033 2033 2045 2045 2044 2044 2037 2037 2045 2045 2033 2033 2042 2042 2046 2046 2043 2043 2043 2043 2046 2046 2047 2047 2047 2047 2046 2046 2048 2048 1666 1666 1664 1664 2049 2049 2046 2046 2050 2050 2048 2048 2051 2051 1664 1664 1662 1662 2049 2049 1664 1664 2051 2051 2051 2051 1662 1662 1660 1660 2045 2045 2052 2052 2041 2041 2052 2052 2053 2053 2041 2041 2041 2041 2053 2053 2039 2039 2048 2048 2054 2054 2055 2055 2050 2050 2054 2054 2048 2048 2053 2053 2056 2056 2039 2039 2039 2039 2056 2056 2042 2042 2046 2046 2057 2057 2050 2050 2056 2056 2057 2057 2042 2042 2042 2042 2057 2057 2046 2046 2058 2058 1668 1668 1666 1666 2054 2054 2058 2058 2055 2055 1677 1677 1675 1675 2058 2058 2055 2055 2058 2058 2049 2049 2058 2058 1666 1666 2049 2049 2057 2057 2059 2059 2050 2050 2060 2060 1670 1670 1668 1668 2060 2060 1673 1673 1670 1670 2060 2060 1675 1675 1673 1673 2058 2058 1675 1675 2060 2060 2058 2058 2060 2060 1668 1668 2054 2054 2061 2061 2058 2058 2050 2050 2061 2061 2054 2054 2059 2059 2061 2061 2050 2050 2062 2062 1679 1679 1677 1677 1687 1687 1685 1685 2062 2062 2062 2062 1677 1677 2058 2058 2061 2061 2062 2062 2058 2058 2063 2063 1681 1681 1679 1679 2062 2062 1685 1685 2063 2063 2063 2063 1683 1683 1681 1681 1685 1685 1683 1683 2063 2063 2062 2062 2063 2063 1679 1679 1969 1969 2064 2064 1966 1966 1969 1969 2065 2065 2064 2064 2064 2064 1968 1968 1966 1966 2065 2065 1979 1979 2066 2066 2066 2066 1971 1971 1968 1968 2065 2065 2066 2066 2064 2064 2064 2064 2066 2066 1968 1968 1979 1979 1971 1971 2066 2066 1972 1972 2067 2067 2068 2068 2068 2068 2065 2065 1969 1969 1972 1972 2068 2068 1969 1969 2067 2067 2069 2069 2068 2068 2069 2069 1979 1979 2065 2065 2067 2067 1986 1986 2069 2069 1986 1986 1979 1979 2069 2069 2068 2068 2069 2069 2065 2065 2070 2070 2067 2067 1972 1972 1976 1976 1992 1992 2070 2070 1976 1976 2070 2070 1972 1972 1992 1992 1996 1996 2071 2071 2071 2071 1986 1986 2067 2067 1996 1996 1986 1986 2071 2071 2070 2070 2071 2071 2067 2067 1992 1992 2071 2071 2070 2070 2014 2014 2072 2072 1988 1988 2072 2072 1987 1987 1980 1980 1988 1988 2072 2072 1980 1980 2073 2073 1996 1996 1992 1992 2003 2003 1996 1996 2073 2073 1991 1991 2003 2003 2073 2073 1991 1991 2073 2073 1992 1992 2009 2009 2074 2074 2014 2014 2014 2014 2074 2074 2072 2072 2009 2009 1997 1997 2074 2074 2074 2074 1987 1987 2072 2072 2074 2074 1997 1997 1987 1987 2075 2075 2014 2014 1988 1988 2015 2015 2075 2075 1998 1998 2015 2015 2014 2014 2075 2075 1998 1998 2075 2075 1988 1988 1594 1594 2076 2076 1593 1593 2077 2077 2006 2006 2078 2078 2077 2077 2076 2076 1594 1594 2077 2077 2078 2078 2076 2076 2006 2006 2077 2077 1594 1594 2079 2079 2015 2015 1998 1998 2005 2005 2079 2079 1998 1998 2021 2021 2015 2015 2079 2079 2021 2021 2079 2079 2005 2005 2080 2080 2078 2078 2081 2081 2080 2080 2001 2001 1993 1993 2078 2078 2080 2080 2076 2076 2082 2082 2010 2010 2001 2001 2080 2080 2082 2082 2001 2001 2080 2080 2081 2081 2082 2082 2082 2082 2081 2081 2083 2083 2082 2082 2084 2084 2010 2010 2083 2083 2085 2085 2084 2084 2010 2010 2084 2084 2012 2012 2082 2082 2083 2083 2084 2084 1599 1599 2024 2024 2086 2086 1598 1598 1599 1599 2086 2086 2086 2086 2024 2024 2026 2026 2084 2084 2087 2087 2012 2012 2085 2085 2088 2088 2087 2087 2012 2012 2087 2087 2017 2017 2084 2084 2085 2085 2087 2087 2086 2086 2026 2026 2089 2089 2078 2078 2089 2089 2081 2081 2089 2089 2026 2026 2090 2090 2088 2088 2091 2091 2092 2092 2017 2017 2092 2092 2019 2019 2087 2087 2088 2088 2092 2092 2087 2087 2092 2092 2017 2017 2092 2092 2093 2093 2019 2019 2092 2092 2091 2091 2093 2093 2091 2091 2094 2094 2093 2093 2019 2019 2093 2093 2023 2023 2089 2089 2090 2090 2095 2095 2081 2081 2089 2089 2095 2095 2090 2090 2038 2038 2095 2095 2081 2081 2095 2095 2083 2083 2093 2093 2094 2094 2096 2096 2093 2093 2096 2096 2023 2023 2094 2094 2097 2097 2096 2096 2096 2096 2028 2028 2023 2023 2095 2095 2038 2038 2098 2098 2083 2083 2098 2098 2085 2085 2095 2095 2098 2098 2083 2083 2038 2038 2040 2040 2098 2098 2098 2098 2040 2040 2099 2099 2085 2085 2099 2099 2088 2088 2040 2040 2043 2043 2099 2099 2098 2098 2099 2099 2085 2085 2026 2026 1602 1602 2100 2100 1602 1602 1603 1603 2100 2100 1603 1603 2033 2033 2100 2100 2090 2090 2100 2100 2038 2038 2100 2100 2041 2041 2038 2038 2100 2100 2044 2044 2041 2041 2026 2026 2100 2100 2090 2090 2033 2033 2044 2044 2100 2100 2097 2097 2034 2034 2101 2101 2101 2101 2028 2028 2096 2096 2096 2096 2097 2097 2101 2101 2101 2101 2030 2030 2028 2028 2088 2088 2102 2102 2091 2091 2099 2099 2102 2102 2088 2088 2043 2043 2047 2047 2102 2102 2091 2091 2102 2102 2094 2094 2099 2099 2043 2043 2102 2102 2047 2047 2048 2048 2102 2102 2048 2048 2055 2055 2103 2103 2097 2097 2103 2103 2034 2034 2102 2102 2048 2048 2103 2103 2102 2102 2103 2103 2094 2094 2094 2094 2103 2103 2097 2097 2034 2034 2104 2104 2101 2101 1650 1650 1648 1648 2104 2104 2105 2105 2104 2104 2034 2034 2105 2105 1650 1650 2104 2104 2034 2034 2036 2036 2105 2105 2036 2036 1650 1650 2105 2105 2049 2049 2051 2051 2106 2106 2051 2051 1660 1660 2106 2106 2055 2055 2049 2049 2106 2106 2103 2103 2055 2055 2106 2106 2106 2106 1656 1656 2034 2034 2103 2103 2106 2106 2034 2034 2106 2106 1658 1658 1656 1656 2106 2106 1660 1660 1658 1658 2052 2052 2107 2107 2053 2053 2053 2053 2107 2107 2056 2056 1612 1612 1613 1613 2107 2107 1613 1613 1614 1614 2107 2107 1614 1614 671 671 2107 2107 1612 1612 2107 2107 2037 2037 2037 2037 2107 2107 2045 2045 2045 2045 2107 2107 2052 2052 2107 2107 671 671 2108 2108 2108 2108 1689 1689 1687 1687 1690 1690 1689 1689 2108 2108 671 671 1690 1690 2108 2108 2108 2108 1687 1687 2062 2062 2056 2056 2108 2108 2057 2057 2057 2057 2108 2108 2059 2059 2059 2059 2108 2108 2061 2061 2061 2061 2108 2108 2062 2062 2107 2107 2108 2108 2056 2056 2076 2076 2109 2109 1593 1593 1592 1592 2109 2109 1591 1591 1593 1593 2109 2109 1592 1592 1591 1591 2109 2109 1989 1989 2109 2109 1993 1993 1989 1989 2076 2076 2080 2080 2109 2109 2109 2109 2080 2080 1993 1993 2110 2110 2086 2086 2089 2089 1596 1596 1597 1597 2110 2110 2006 2006 1596 1596 2110 2110 1597 1597 1598 1598 2110 2110 2078 2078 2110 2110 2089 2089 2006 2006 2110 2110 2078 2078 1598 1598 2086 2086 2110 2110 2104 2104 2111 2111 2101 2101 2111 2111 2030 2030 2101 2101 2104 2104 1648 1648 2111 2111 2111 2111 2032 2032 2030 2030 1644 1644 2032 2032 2111 2111 1646 1646 1644 1644 2111 2111 1648 1648 1646 1646 2111 2111 1124 1124 1429 1429 1123 1123 1431 1431 1123 1123 1429 1429 1188 1188 1122 1122 1192 1192 1196 1196 1192 1192 1122 1122 1199 1199 1196 1196 1122 1122 1199 1199 1122 1122 1203 1203 1207 1207 1203 1203 1122 1122 1211 1211 1207 1207 1122 1122 1215 1215 1211 1211 1122 1122 1219 1219 1215 1215 1122 1122 1223 1223 1219 1219 1122 1122 1227 1227 1223 1223 1122 1122 1227 1227 1122 1122 1231 1231 1235 1235 1231 1231 1122 1122 1239 1239 1235 1235 1122 1122 1243 1243 1239 1239 1122 1122 1247 1247 1243 1243 1122 1122 1251 1251 1247 1247 1122 1122 1255 1255 1251 1251 1122 1122 1259 1259 1255 1255 1122 1122 1263 1263 1259 1259 1122 1122 1267 1267 1263 1263 1122 1122 1271 1271 1267 1267 1122 1122 1275 1275 1271 1271 1122 1122 1279 1279 1275 1275 1122 1122 1188 1188 1184 1184 1122 1122 1178 1178 1122 1122 1184 1184 1178 1178 1175 1175 1122 1122 1124 1124 1122 1122 1175 1175 1437 1437 1433 1433 1124 1124 1441 1441 1437 1437 1124 1124 1445 1445 1441 1441 1124 1124 1449 1449 1445 1445 1124 1124 1453 1453 1449 1449 1124 1124 1457 1457 1453 1453 1124 1124 1461 1461 1457 1457 1124 1124 1465 1465 1461 1461 1124 1124 1469 1469 1465 1465 1124 1124 1473 1473 1469 1469 1124 1124 1477 1477 1473 1473 1124 1124 1481 1481 1477 1477 1124 1124 1124 1124 1485 1485 1481 1481 1489 1489 1485 1485 1124 1124 1493 1493 1489 1489 1124 1124 1497 1497 1493 1493 1124 1124 1501 1501 1497 1497 1124 1124 1505 1505 1501 1501 1124 1124 1509 1509 1505 1505 1124 1124 1124 1124 1513 1513 1509 1509 1517 1517 1513 1513 1124 1124 1521 1521 1517 1517 1124 1124 1525 1525 1521 1521 1124 1124 1124 1124 1529 1529 1525 1525 1533 1533 1529 1529 1124 1124 1124 1124 1175 1175 1533 1533 1283 1283 1279 1279 1122 1122 1433 1433 1429 1429 1124 1124 1122 1122 1121 1121 1288 1288 1288 1288 1283 1283 1122 1122 1440 1440 1123 1123 1436 1436 1444 1444 1123 1123 1440 1440 1448 1448 1123 1123 1444 1444 1452 1452 1123 1123 1448 1448 1456 1456 1123 1123 1452 1452 1460 1460 1123 1123 1456 1456 1464 1464 1123 1123 1460 1460 1468 1468 1123 1123 1464 1464 1472 1472 1123 1123 1468 1468 1476 1476 1123 1123 1472 1472 1480 1480 1123 1123 1476 1476 1484 1484 1123 1123 1480 1480 1123 1123 1484 1484 1488 1488 1492 1492 1123 1123 1488 1488 1496 1496 1123 1123 1492 1492 1500 1500 1123 1123 1496 1496 1504 1504 1123 1123 1500 1500 1508 1508 1123 1123 1504 1504 1512 1512 1123 1123 1508 1508 1123 1123 1512 1512 1516 1516 1520 1520 1123 1123 1516 1516 1524 1524 1123 1123 1520 1520 1527 1527 1123 1123 1524 1524 1123 1123 1527 1527 1531 1531 1535 1535 1123 1123 1531 1531 1123 1123 1535 1535 1182 1182 1123 1123 1182 1182 1121 1121 1183 1183 1121 1121 1182 1182 1183 1183 1187 1187 1121 1121 1191 1191 1121 1121 1187 1187 1191 1191 1195 1195 1121 1121 1202 1202 1121 1121 1195 1195 1206 1206 1121 1121 1202 1202 1206 1206 1210 1210 1121 1121 1214 1214 1121 1121 1210 1210 1218 1218 1121 1121 1214 1214 1222 1222 1121 1121 1218 1218 1226 1226 1121 1121 1222 1222 1230 1230 1121 1121 1226 1226 1234 1234 1121 1121 1230 1230 1234 1234 1238 1238 1121 1121 1242 1242 1121 1121 1238 1238 1246 1246 1121 1121 1242 1242 1250 1250 1121 1121 1246 1246 1254 1254 1121 1121 1250 1250 1258 1258 1121 1121 1254 1254 1262 1262 1121 1121 1258 1258 1266 1266 1121 1121 1262 1262 1270 1270 1121 1121 1266 1266 1274 1274 1121 1121 1270 1270 1278 1278 1121 1121 1274 1274 1282 1282 1121 1121 1278 1278 1286 1286 1121 1121 1282 1282 1436 1436 1123 1123 1431 1431 1288 1288 1121 1121 1286 1286 1389 1389 1772 1772 1391 1391 1387 1387 1771 1771 1389 1389 1772 1772 1389 1389 1771 1771 1773 1773 1391 1391 1772 1772 1391 1391 1773 1773 1393 1393 1771 1771 1387 1387 1770 1770 1385 1385 1770 1770 1387 1387 1774 1774 1393 1393 1773 1773 1393 1393 1774 1774 1395 1395 1770 1770 1385 1385 1769 1769 1383 1383 1769 1769 1385 1385 1395 1395 1775 1775 1397 1397 1775 1775 1395 1395 1774 1774 1768 1768 1769 1769 1383 1383 1381 1381 1768 1768 1383 1383 1776 1776 1397 1397 1775 1775 1399 1399 1397 1397 1776 1776 1768 1768 1381 1381 1767 1767 1379 1379 1767 1767 1381 1381 1777 1777 1399 1399 1776 1776 1399 1399 1777 1777 1401 1401 1767 1767 1379 1379 1766 1766 1377 1377 1766 1766 1379 1379 1777 1777 1778 1778 1401 1401 1401 1401 1778 1778 1403 1403 1766 1766 1377 1377 1765 1765 1375 1375 1765 1765 1377 1377 1779 1779 1403 1403 1778 1778 1403 1403 1779 1779 1405 1405 1765 1765 1375 1375 1764 1764 1373 1373 1764 1764 1375 1375 1780 1780 1405 1405 1779 1779 1405 1405 1780 1780 1407 1407 1764 1764 1373 1373 1763 1763 1371 1371 1763 1763 1373 1373 1407 1407 1781 1781 1409 1409 1781 1781 1407 1407 1780 1780 1763 1763 1371 1371 1762 1762 1369 1369 1762 1762 1371 1371 1782 1782 1409 1409 1781 1781 1411 1411 1409 1409 1782 1782 1762 1762 1369 1369 1761 1761 1367 1367 1761 1761 1369 1369 1782 1782 1783 1783 1411 1411 1411 1411 1783 1783 1413 1413 1365 1365 1760 1760 1367 1367 1761 1761 1367 1367 1760 1760 1784 1784 1413 1413 1783 1783 1413 1413 1784 1784 1414 1414 1760 1760 1365 1365 1759 1759 1363 1363 1759 1759 1365 1365 1785 1785 1414 1414 1784 1784 1416 1416 1414 1414 1785 1785 1361 1361 1758 1758 1363 1363 1759 1759 1363 1363 1758 1758 1785 1785 1786 1786 1416 1416 1417 1417 1416 1416 1786 1786 1758 1758 1361 1361 1757 1757 1359 1359 1757 1757 1361 1361 1786 1786 1787 1787 1417 1417 1420 1420 1417 1417 1787 1787 1356 1356 1756 1756 1359 1359 1757 1757 1359 1359 1756 1756 1787 1787 1788 1788 1420 1420 1422 1422 1420 1420 1788 1788 1756 1756 1356 1356 1755 1755 1354 1354 1755 1755 1356 1356 1788 1788 1789 1789 1422 1422 1423 1423 1422 1422 1789 1789 1352 1352 1754 1754 1354 1354 1755 1755 1354 1354 1754 1754 1426 1426 1423 1423 1790 1790 1789 1789 1790 1790 1423 1423 1350 1350 1753 1753 1352 1352 1754 1754 1352 1352 1753 1753 1426 1426 1791 1791 1427 1427 1791 1791 1426 1426 1790 1790 1348 1348 1752 1752 1350 1350 1753 1753 1350 1350 1752 1752 1792 1792 1427 1427 1791 1791 1427 1427 1792 1792 1432 1432 1752 1752 1348 1348 1751 1751 1346 1346 1751 1751 1348 1348 1792 1792 1793 1793 1432 1432 1432 1432 1793 1793 1435 1435 1751 1751 1346 1346 1750 1750 1435 1435 1794 1794 1439 1439 1794 1794 1435 1435 1793 1793 1750 1750 1346 1346 1749 1749 1342 1342 1749 1749 1344 1344 1344 1344 1749 1749 1346 1346 1439 1439 1795 1795 1443 1443 1795 1795 1439 1439 1794 1794 1749 1749 1342 1342 1748 1748 1340 1340 1748 1748 1342 1342 1443 1443 1796 1796 1447 1447 1796 1796 1443 1443 1795 1795 1748 1748 1340 1340 1747 1747 1447 1447 1797 1797 1451 1451 1797 1797 1447 1447 1796 1796 1747 1747 1340 1340 1746 1746 1336 1336 1746 1746 1338 1338 1338 1338 1746 1746 1340 1340 1451 1451 1798 1798 1455 1455 1797 1797 1798 1798 1451 1451 1746 1746 1336 1336 1745 1745 1334 1334 1745 1745 1336 1336 1799 1799 1455 1455 1798 1798 1455 1455 1799 1799 1459 1459 1334 1334 1744 1744 1745 1745 1459 1459 1800 1800 1463 1463 1800 1800 1459 1459 1799 1799 1332 1332 1743 1743 1334 1334 1744 1744 1334 1334 1743 1743 1330 1330 1743 1743 1332 1332 1463 1463 1801 1801 1467 1467 1801 1801 1463 1463 1800 1800 1743 1743 1330 1330 1742 1742 1467 1467 1802 1802 1471 1471 1802 1802 1467 1467 1801 1801 1328 1328 1742 1742 1330 1330 1742 1742 1328 1328 1741 1741 1471 1471 1803 1803 1475 1475 1803 1803 1471 1471 1802 1802 1326 1326 1741 1741 1328 1328 1741 1741 1326 1326 1740 1740 1804 1804 1475 1475 1803 1803 1475 1475 1804 1804 1479 1479 1805 1805 1479 1479 1804 1804 1740 1740 1324 1324 1739 1739 1324 1324 1740 1740 1326 1326 1479 1479 1805 1805 1483 1483 1739 1739 1322 1322 1738 1738 1322 1322 1739 1739 1324 1324 1483 1483 1805 1805 1487 1487 1807 1807 1487 1487 1806 1806 1806 1806 1487 1487 1805 1805 1738 1738 1320 1320 1737 1737 1320 1320 1738 1738 1322 1322 1487 1487 1807 1807 1491 1491 1491 1491 1807 1807 1808 1808 1737 1737 1318 1318 1736 1736 1320 1320 1318 1318 1737 1737 1809 1809 1495 1495 1808 1808 1491 1491 1808 1808 1495 1495 1736 1736 1316 1316 1735 1735 1316 1316 1736 1736 1318 1318 1495 1495 1809 1809 1499 1499 1735 1735 1314 1314 1734 1734 1316 1316 1314 1314 1735 1735 1811 1811 1503 1503 1810 1810 1810 1810 1503 1503 1809 1809 1499 1499 1809 1809 1503 1503 1734 1734 1312 1312 1733 1733 1733 1733 1312 1312 1732 1732 1312 1312 1734 1734 1314 1314 1812 1812 1507 1507 1811 1811 1503 1503 1811 1811 1507 1507 1310 1310 1732 1732 1312 1312 1507 1507 1812 1812 1511 1511 1732 1732 1308 1308 1731 1731 1308 1308 1732 1732 1310 1310 1814 1814 1515 1515 1813 1813 1813 1813 1515 1515 1812 1812 1511 1511 1812 1812 1515 1515 1731 1731 1306 1306 1730 1730 1308 1308 1306 1306 1731 1731 1815 1815 1519 1519 1814 1814 1515 1515 1814 1814 1519 1519 1730 1730 1304 1304 1729 1729 1306 1306 1304 1304 1730 1730 1519 1519 1815 1815 1523 1523 1816 1816 1523 1523 1815 1815 1729 1729 1302 1302 1728 1728 1302 1302 1729 1729 1304 1304 1817 1817 1528 1528 1816 1816 1523 1523 1816 1816 1528 1528 1728 1728 1299 1299 1727 1727 1302 1302 1299 1299 1728 1728 1528 1528 1817 1817 1532 1532 1726 1726 1727 1727 1297 1297 1299 1299 1297 1297 1727 1727 1532 1532 1817 1817 1536 1536 1818 1818 1536 1536 1817 1817 1725 1725 1726 1726 1295 1295 1297 1297 1295 1295 1726 1726 1694 1694 1180 1180 1818 1818 1693 1693 1180 1180 1694 1694 1536 1536 1818 1818 1180 1180 1724 1724 1725 1725 1293 1293 1295 1295 1293 1293 1725 1725 1180 1180 1693 1693 1181 1181 1695 1695 1181 1181 1693 1693 1724 1724 1291 1291 1723 1723 1293 1293 1291 1291 1724 1724 1696 1696 1186 1186 1695 1695 1181 1181 1695 1695 1186 1186 1289 1289 1723 1723 1291 1291 1722 1722 1723 1723 1289 1289 1186 1186 1696 1696 1190 1190 1697 1697 1190 1190 1696 1696 1722 1722 1287 1287 1721 1721 1289 1289 1287 1287 1722 1722 1190 1190 1697 1697 1194 1194 1698 1698 1194 1194 1697 1697 1720 1720 1721 1721 1285 1285 1285 1285 1721 1721 1287 1287 1194 1194 1698 1698 1198 1198 1720 1720 1281 1281 1719 1719 1281 1281 1720 1720 1285 1285 1700 1700 1201 1201 1699 1699 1699 1699 1201 1201 1698 1698 1198 1198 1698 1698 1201 1201 1281 1281 1277 1277 1719 1719 1719 1719 1277 1277 1718 1718 1201 1201 1700 1700 1205 1205 1701 1701 1205 1205 1700 1700 1718 1718 1273 1273 1717 1717 1273 1273 1718 1718 1277 1277 1205 1205 1701 1701 1209 1209 1717 1717 1269 1269 1716 1716 1269 1269 1717 1717 1273 1273 1209 1209 1701 1701 1213 1213 1703 1703 1213 1213 1702 1702 1702 1702 1213 1213 1701 1701 1715 1715 1716 1716 1265 1265 1265 1265 1716 1716 1269 1269 1213 1213 1703 1703 1217 1217 1261 1261 1715 1715 1265 1265 1715 1715 1261 1261 1714 1714 1217 1217 1703 1703 1221 1221 1705 1705 1221 1221 1704 1704 1704 1704 1221 1221 1703 1703 1257 1257 1714 1714 1261 1261 1714 1714 1257 1257 1713 1713 1221 1221 1705 1705 1225 1225 1713 1713 1253 1253 1712 1712 1257 1257 1253 1253 1713 1713 1225 1225 1705 1705 1229 1229 1706 1706 1229 1229 1705 1705 1249 1249 1712 1712 1253 1253 1712 1712 1249 1249 1711 1711 1708 1708 1233 1233 1707 1707 1707 1707 1233 1233 1706 1706 1229 1229 1706 1706 1233 1233 1711 1711 1245 1245 1710 1710 1245 1245 1711 1711 1249 1249 1233 1233 1708 1708 1237 1237 1709 1709 1237 1237 1708 1708 1710 1710 1241 1241 1709 1709 1241 1241 1710 1710 1245 1245 1237 1237 1709 1709 1241 1241 2112 2112 270 270 936 936 969 969 968 968 2113 2113 968 968 2114 2114 2113 2113 2115 2115 2116 2116 1294 1294 1294 1294 2117 2117 2118 2118 2115 2115 1294 1294 2118 2118 1323 1323 270 270 1321 1321 2119 2119 270 270 2120 2120 2121 2121 2122 2122 1298 1298 1298 1298 1300 1300 2123 2123 2121 2121 1298 1298 2123 2123 1119 1119 1240 1240 968 968 2124 2124 2123 2123 1300 1300 1300 1300 1301 1301 2125 2125 2124 2124 1300 1300 2125 2125 2126 2126 270 270 2119 2119 2120 2120 270 270 2127 2127 2128 2128 2129 2129 1296 1296 1296 1296 1298 1298 2122 2122 2128 2128 1296 1296 2122 2122 2130 2130 2131 2131 1303 1303 1303 1303 1305 1305 2132 2132 2130 2130 1303 1303 2132 2132 2133 2133 270 270 2134 2134 1117 1117 1240 1240 1119 1119 2135 2135 2132 2132 1305 1305 1305 1305 1307 1307 2136 2136 2135 2135 1305 1305 2136 2136 2137 2137 270 270 2133 2133 1115 1115 1240 1240 1117 1117 1044 1044 1478 1478 1046 1046 1113 1113 1236 1236 1115 1115 2138 2138 2136 2136 1307 1307 1307 1307 1309 1309 2139 2139 2138 2138 1307 1307 2139 2139 2140 2140 270 270 2141 2141 270 270 2137 2137 2141 2141 1111 1111 1236 1236 1113 1113 212 212 1327 1327 210 210 1109 1109 1236 1236 1111 1111 2142 2142 270 270 2140 2140 2143 2143 2139 2139 1309 1309 1309 1309 1311 1311 2144 2144 2145 2145 2143 2143 1309 1309 1309 1309 2144 2144 2145 2145 1107 1107 1236 1236 1109 1109 2146 2146 2147 2147 123 123 1400 1400 1402 1402 2148 2148 1400 1400 2148 2148 2149 2149 2150 2150 2146 2146 123 123 1400 1400 2149 2149 2151 2151 2150 2150 123 123 1400 1400 1400 1400 2151 2151 2150 2150 1105 1105 1236 1236 1107 1107 2152 2152 2144 2144 1311 1311 270 270 2142 2142 2153 2153 270 270 2153 2153 2154 2154 2152 2152 1311 1311 1313 1313 2155 2155 2152 2152 1313 1313 1313 1313 270 270 2154 2154 1313 1313 2154 2154 2155 2155 1103 1103 1236 1236 1105 1105 2156 2156 2157 2157 968 968 1260 1260 1264 1264 2158 2158 1260 1260 2158 2158 2159 2159 2160 2160 2156 2156 968 968 1260 1260 2159 2159 2161 2161 2160 2160 968 968 1260 1260 1260 1260 2161 2161 2160 2160 1101 1101 1236 1236 1103 1103 1315 1315 270 270 1313 1313 1099 1099 1236 1236 1101 1101 1327 1327 226 226 1325 1325 1097 1097 1236 1236 1099 1099 1317 1317 270 270 1315 1315 1094 1094 1236 1236 1097 1097 1394 1394 123 123 1392 1392 1092 1092 1236 1236 1094 1094 1319 1319 270 270 1317 1317 1090 1090 1236 1236 1092 1092 990 990 1470 1470 992 992 1088 1088 1236 1236 1090 1090 1396 1396 123 123 1394 1394 1086 1086 1236 1236 1088 1088 1252 1252 968 968 1248 1248 1084 1084 1236 1236 1086 1086 1466 1466 574 574 1462 1462 1082 1082 1236 1236 1084 1084 230 230 1325 1325 228 228 1080 1080 1236 1236 1082 1082 1474 1474 992 992 1470 1470 1078 1078 1236 1236 1080 1080 1325 1325 264 264 1323 1323 1076 1076 1232 1232 1078 1078 1025 1025 1474 1474 1028 1028 1074 1074 1232 1232 1076 1076 2134 2134 270 270 2126 2126 2162 2162 2125 2125 1301 1301 1301 1301 1303 1303 2131 2131 2162 2162 1301 1301 2131 2131 1072 1072 1232 1232 1074 1074 1244 1244 968 968 1240 1240 1070 1070 1232 1232 1072 1072 262 262 1325 1325 259 259 1068 1068 1232 1232 1070 1070 257 257 1325 1325 255 255 1065 1065 1232 1232 1068 1068 222 222 1327 1327 220 220 1063 1063 1232 1232 1065 1065 1256 1256 968 968 1252 1252 1061 1061 1232 1232 1063 1063 1034 1034 1478 1478 1036 1036 1017 1017 1474 1474 1019 1019 1337 1337 8 8 1335 1335 1335 1335 8 8 1333 1333 1333 1333 8 8 1331 1331 1331 1331 8 8 1329 1329 1329 1329 8 8 1327 1327 206 206 1327 1327 8 8 208 208 1327 1327 206 206 1015 1015 1474 1474 1017 1017 255 255 1325 1325 253 253 1390 1390 117 117 1388 1388 233 233 1325 1325 230 230 1023 1023 1474 1474 1025 1025 237 237 1325 1325 235 235 1013 1013 1474 1474 1015 1015 1036 1036 1478 1478 1038 1038 220 220 1327 1327 218 218 1001 1001 1474 1474 1003 1003 239 239 1325 1325 237 237 994 994 1474 1474 996 996 243 243 1325 1325 241 241 1398 1398 123 123 1396 1396 1057 1057 1232 1232 1059 1059 2114 2114 968 968 2163 2163 2164 2164 2165 2165 1292 1292 1292 1292 1294 1294 2116 2116 2164 2164 1292 1292 2116 2116 2163 2163 968 968 2166 2166 2167 2167 2168 2168 1290 1290 1290 1290 1292 1292 2165 2165 2167 2167 1290 1290 2165 2165 2166 2166 968 968 2169 2169 2170 2170 2171 2171 1284 1284 1284 1284 1290 1290 2168 2168 2170 2170 1284 1284 2168 2168 2169 2169 968 968 2172 2172 2173 2173 2174 2174 1280 1280 1280 1280 1284 1284 2171 2171 2173 2173 1280 1280 2171 2171 2172 2172 968 968 2175 2175 2176 2176 2177 2177 1276 1276 1276 1276 1280 1280 2174 2174 2176 2176 1276 1276 2174 2174 2175 2175 968 968 2178 2178 2179 2179 2180 2180 1272 1272 1272 1272 1276 1276 2177 2177 2179 2179 1272 1272 2177 2177 2178 2178 968 968 2181 2181 968 968 2182 2182 2181 2181 2183 2183 2184 2184 1268 1268 1268 1268 1272 1272 2180 2180 2183 2183 1268 1268 2180 2180 2182 2182 968 968 2157 2157 2185 2185 2158 2158 1264 1264 1264 1264 1268 1268 2184 2184 2186 2186 2185 2185 1264 1264 1264 1264 2184 2184 2186 2186 1055 1055 1232 1232 1057 1057 268 268 1323 1323 266 266 259 259 1325 1325 257 257 266 266 1323 1323 264 264 992 992 1474 1474 994 994 1042 1042 1478 1478 1044 1044 214 214 1327 1327 212 212 1048 1048 1478 1478 1050 1050 1232 1232 1055 1055 1228 1228 1228 1228 1055 1055 1224 1224 1224 1224 1055 1055 1220 1220 1220 1220 1055 1055 1216 1216 65 65 1386 1386 67 67 2187 2187 2188 2188 8 8 1337 1337 1339 1339 2189 2189 1337 1337 2189 2189 2190 2190 2187 2187 8 8 1337 1337 2187 2187 1337 1337 2190 2190 2191 2191 2189 2189 1339 1339 1339 1339 1341 1341 2192 2192 2193 2193 2191 2191 1339 1339 1339 1339 2192 2192 2193 2193 2194 2194 8 8 2195 2195 8 8 2188 2188 2195 2195 2196 2196 2192 2192 1341 1341 1341 1341 1343 1343 2197 2197 2198 2198 2196 2196 1341 1341 1341 1341 2197 2197 2198 2198 2199 2199 8 8 2200 2200 8 8 2194 2194 2200 2200 2201 2201 2202 2202 1208 1208 1055 1055 2203 2203 2204 2204 2201 2201 1208 1208 1212 1212 1212 1212 1055 1055 2204 2204 2201 2201 1212 1212 2204 2204 2205 2205 8 8 2199 2199 2206 2206 2197 2197 1343 1343 1343 1343 1345 1345 2207 2207 2206 2206 1343 1343 2207 2207 2203 2203 1055 1055 2208 2208 1055 1055 2209 2209 2208 2208 2210 2210 2211 2211 1204 1204 1204 1204 1208 1208 2202 2202 2212 2212 2210 2210 1204 1204 1204 1204 2202 2202 2212 2212 2213 2213 8 8 2205 2205 2214 2214 2207 2207 1345 1345 1345 1345 1347 1347 2215 2215 2214 2214 1345 1345 2215 2215 2209 2209 1055 1055 2216 2216 1055 1055 2217 2217 2216 2216 2218 2218 2219 2219 1200 1200 1200 1200 1204 1204 2211 2211 2218 2218 1200 1200 2211 2211 999 999 1474 1474 1001 1001 2217 2217 1055 1055 2220 2220 2221 2221 2222 2222 1197 1197 1197 1197 1200 1200 2219 2219 2223 2223 2221 2221 1197 1197 1197 1197 2219 2219 2223 2223 2224 2224 8 8 2225 2225 2226 2226 2227 2227 1349 1349 1349 1349 1351 1351 2228 2228 2226 2226 1349 1349 2228 2228 2220 2220 1055 1055 2229 2229 2230 2230 2231 2231 1193 1193 1193 1193 1197 1197 2222 2222 2230 2230 1193 1193 2222 2222 2232 2232 8 8 2224 2224 2233 2233 2228 2228 1351 1351 1351 1351 1353 1353 2234 2234 2233 2233 1351 1351 2234 2234 2229 2229 1055 1055 2235 2235 2236 2236 2237 2237 1189 1189 1189 1189 1193 1193 2231 2231 2236 2236 1189 1189 2231 2231 2238 2238 8 8 2232 2232 2234 2234 1353 1353 1355 1355 2234 2234 1355 1355 2239 2239 2235 2235 1055 1055 2240 2240 2241 2241 2242 2242 1185 1185 1185 1185 1189 1189 2237 2237 2241 2241 1185 1185 2237 2237 2243 2243 8 8 2238 2238 2244 2244 2239 2239 1355 1355 1355 1355 1357 1357 2245 2245 2244 2244 1355 1355 2245 2245 2240 2240 1055 1055 2246 2246 2247 2247 2248 2248 1179 1179 1179 1179 1185 1185 2242 2242 2247 2247 1179 1179 2242 2242 1052 1052 2249 2249 2250 2250 1052 1052 2250 2250 1147 1147 2251 2251 1055 1055 2252 2252 1055 1055 1144 1144 2252 2252 2253 2253 2254 2254 1177 1177 1177 1177 2255 2255 2256 2256 2253 2253 1177 1177 2256 2256 1179 1179 2248 2248 2257 2257 1179 1179 2257 2257 1176 1176 2246 2246 1055 1055 2258 2258 2259 2259 26 26 2260 2260 26 26 25 25 2260 2260 8 8 2243 2243 2261 2261 8 8 2261 2261 56 56 2262 2262 2245 2245 1357 1357 1357 1357 2263 2263 2264 2264 2262 2262 1357 1357 2264 2264 2265 2265 2255 2255 1177 1177 1177 1177 1176 1176 2257 2257 2265 2265 1177 1177 2257 2257 2258 2258 1055 1055 2251 2251 2249 2249 1052 1052 2266 2266 2267 2267 2268 2268 1534 1534 1534 1534 1177 1177 2254 2254 2267 2267 1534 1534 2254 2254 2269 2269 26 26 2259 2259 2270 2270 2263 2263 1357 1357 1357 1357 1358 1358 2271 2271 2270 2270 1357 1357 2271 2271 1360 1360 2272 2272 2271 2271 1360 1360 2271 2271 1358 1358 2273 2273 26 26 2269 2269 2266 2266 1052 1052 2274 2274 2275 2275 1530 1530 1534 1534 2275 2275 1534 1534 2268 2268 2276 2276 26 26 2273 2273 2277 2277 2272 2272 1360 1360 1360 1360 1362 1362 2278 2278 2277 2277 1360 1360 2278 2278 2274 2274 1052 1052 2279 2279 2280 2280 2281 2281 1526 1526 1526 1526 1530 1530 2275 2275 2280 2280 1526 1526 2275 2275 2282 2282 26 26 2276 2276 2283 2283 2278 2278 1362 1362 1362 1362 1364 1364 2284 2284 2283 2283 1362 1362 2284 2284 2279 2279 1052 1052 2285 2285 2286 2286 2287 2287 1522 1522 1522 1522 1526 1526 2281 2281 2286 2286 1522 1522 2281 2281 2288 2288 26 26 2282 2282 2289 2289 2284 2284 1364 1364 1364 1364 1366 1366 2290 2290 2289 2289 1364 1364 2290 2290 2285 2285 1052 1052 2291 2291 2292 2292 2293 2293 1518 1518 1518 1518 1522 1522 2287 2287 2292 2292 1518 1518 2287 2287 2294 2294 26 26 2288 2288 2295 2295 2290 2290 1366 1366 1366 1366 1368 1368 2296 2296 2295 2295 1366 1366 2296 2296 2291 2291 1052 1052 2297 2297 2298 2298 2299 2299 1514 1514 1514 1514 1518 1518 2293 2293 2298 2298 1514 1514 2293 2293 2300 2300 26 26 2294 2294 2301 2301 2296 2296 1368 1368 1368 1368 1370 1370 2302 2302 2303 2303 2301 2301 1368 1368 1368 1368 2302 2302 2303 2303 2297 2297 1052 1052 2304 2304 2305 2305 2306 2306 1510 1510 1510 1510 1514 1514 2299 2299 2305 2305 1510 1510 2299 2299 2307 2307 26 26 2308 2308 26 26 2300 2300 2308 2308 2309 2309 2302 2302 1370 1370 1370 1370 1372 1372 2310 2310 2309 2309 1370 1370 2310 2310 2304 2304 1052 1052 2311 2311 1052 1052 2312 2312 2311 2311 2313 2313 2314 2314 1506 1506 1506 1506 1510 1510 2306 2306 2315 2315 2313 2313 1506 1506 1506 1506 2306 2306 2315 2315 2316 2316 26 26 2317 2317 26 26 2307 2307 2317 2317 2318 2318 2310 2310 1372 1372 1372 1372 1374 1374 2319 2319 2320 2320 2318 2318 1372 1372 1372 1372 2319 2319 2320 2320 2312 2312 1052 1052 2321 2321 1052 1052 2322 2322 2321 2321 2323 2323 2324 2324 1502 1502 1502 1502 1506 1506 2314 2314 2325 2325 2323 2323 1502 1502 1502 1502 2314 2314 2325 2325 2326 2326 2319 2319 1374 1374 26 26 2316 2316 2327 2327 2326 2326 1374 1374 1376 1376 1376 1376 26 26 2327 2327 2326 2326 1376 1376 2327 2327 2328 2328 2322 2322 1052 1052 1498 1498 1502 1502 2324 2324 1498 1498 2324 2324 2329 2329 2328 2328 1052 1052 1498 1498 2328 2328 1498 1498 2329 2329 1378 1378 26 26 1376 1376 1498 1498 1052 1052 1494 1494 1380 1380 26 26 1378 1378 1494 1494 1052 1052 1490 1490 1382 1382 26 26 1380 1380 1490 1490 1052 1052 1486 1486 1384 1384 26 26 1382 1382 1486 1486 1052 1052 1482 1482 1386 1386 26 26 1384 1384 1482 1482 1052 1052 1478 1478 253 253 1325 1325 251 251 1050 1050 1478 1478 1052 1052 1011 1011 1474 1474 1013 1013 26 26 1386 1386 59 59 1388 1388 80 80 1386 1386 1007 1007 1474 1474 1009 1009 216 216 1327 1327 214 214 1003 1003 1474 1474 1005 1005 270 270 1323 1323 268 268 249 249 1325 1325 247 247 1240 1240 1115 1115 1236 1236 226 226 1327 1327 224 224 241 241 1325 1325 239 239 1030 1030 1478 1478 1032 1032 1040 1040 1478 1478 1042 1042 1028 1028 1474 1474 1030 1030 2330 2330 123 123 2147 2147 2331 2331 2148 2148 1402 1402 1402 1402 1404 1404 2332 2332 2333 2333 2331 2331 1402 1402 1402 1402 2332 2332 2333 2333 235 235 1325 1325 233 233 2334 2334 123 123 2335 2335 123 123 2330 2330 2335 2335 2336 2336 2332 2332 1404 1404 1404 1404 1406 1406 2337 2337 2336 2336 1404 1404 2337 2337 1019 1019 1474 1474 1021 1021 2338 2338 123 123 2334 2334 2339 2339 2337 2337 1406 1406 1406 1406 1408 1408 2340 2340 2339 2339 1406 1406 2340 2340 251 251 1325 1325 249 249 2341 2341 2340 2340 1408 1408 1408 1408 1410 1410 2342 2342 2341 2341 1408 1408 2342 2342 2343 2343 123 123 2338 2338 1005 1005 1474 1474 1007 1007 2344 2344 123 123 2343 2343 2345 2345 2342 2342 1410 1410 1410 1410 1412 1412 2346 2346 2345 2345 1410 1410 2346 2346 210 210 1327 1327 208 208 2347 2347 123 123 2344 2344 2348 2348 2346 2346 1412 1412 1412 1412 1415 1415 2349 2349 2348 2348 1412 1412 2349 2349 1009 1009 1474 1474 1011 1011 2350 2350 123 123 2347 2347 2351 2351 2349 2349 1415 1415 1415 1415 1418 1418 2352 2352 2351 2351 1415 1415 2352 2352 1260 1260 968 968 1256 1256 2353 2353 123 123 2350 2350 2354 2354 2352 2352 1418 1418 1418 1418 1419 1419 2355 2355 2354 2354 1418 1418 2355 2355 228 228 1325 1325 226 226 1059 1059 1232 1232 1061 1061 2356 2356 2215 2215 1347 1347 1347 1347 1349 1349 2227 2227 2356 2356 1347 1347 2227 2227 2225 2225 8 8 2213 2213 247 247 1325 1325 245 245 2357 2357 574 574 2358 2358 2359 2359 2360 2360 1430 1430 1430 1430 1434 1434 2361 2361 2359 2359 1430 1430 2361 2361 59 59 1386 1386 61 61 2362 2362 574 574 2363 2363 2364 2364 2365 2365 1425 1425 1425 1425 1428 1428 2366 2366 2364 2364 1425 1425 2366 2366 61 61 1386 1386 63 63 218 218 1327 1327 216 216 67 67 1386 1386 70 70 224 224 1327 1327 222 222 70 70 1386 1386 72 72 1032 1032 1478 1478 1034 1034 72 72 1386 1386 74 74 1046 1046 1478 1478 1048 1048 74 74 1386 1386 76 76 264 264 1325 1325 262 262 76 76 1386 1386 78 78 1392 1392 123 123 1390 1390 78 78 1386 1386 80 80 2367 2367 574 574 2368 2368 574 574 2369 2369 2368 2368 1421 1421 2370 2370 2371 2371 1421 1421 2371 2371 1419 1419 80 80 1388 1388 82 82 1478 1478 1030 1030 1474 1474 82 82 1388 1388 84 84 988 988 1470 1470 990 990 84 84 1388 1388 86 86 574 574 1470 1470 988 988 86 86 1388 1388 88 88 1236 1236 1078 1078 1232 1232 88 88 1388 1388 90 90 1248 1248 968 968 1244 1244 90 90 1388 1388 92 92 1470 1470 574 574 1466 1466 92 92 1388 1388 94 94 1321 1321 270 270 1319 1319 94 94 1388 1388 96 96 1462 1462 574 574 1458 1458 96 96 1388 1388 99 99 1038 1038 1478 1478 1040 1040 99 99 1388 1388 101 101 1458 1458 574 574 1454 1454 101 101 1388 1388 103 103 996 996 1474 1474 999 999 103 103 1388 1388 105 105 1454 1454 574 574 1450 1450 105 105 1388 1388 107 107 1400 1400 123 123 1398 1398 107 107 1388 1388 109 109 2372 2372 2373 2373 1446 1446 574 574 2374 2374 2375 2375 574 574 2375 2375 2376 2376 2372 2372 1446 1446 1450 1450 2377 2377 2372 2372 1450 1450 1450 1450 574 574 2376 2376 1450 1450 2376 2376 2377 2377 109 109 1388 1388 111 111 1021 1021 1474 1474 1023 1023 111 111 1388 1388 113 113 2374 2374 574 574 2378 2378 2379 2379 2380 2380 1442 1442 1442 1442 1446 1446 2373 2373 2381 2381 2379 2379 1442 1442 1442 1442 2373 2373 2381 2381 113 113 1388 1388 115 115 245 245 1325 1325 243 243 115 115 1388 1388 117 117 2378 2378 574 574 2382 2382 574 574 2383 2383 2382 2382 2384 2384 2385 2385 1438 1438 1438 1438 1442 1442 2380 2380 2384 2384 1438 1438 2380 2380 117 117 1390 1390 119 119 2383 2383 574 574 2357 2357 2386 2386 2361 2361 1434 1434 1434 1434 1438 1438 2385 2385 2386 2386 1434 1434 2385 2385 119 119 1390 1390 121 121 2358 2358 574 574 2362 2362 2387 2387 2366 2366 1428 1428 1428 1428 1430 1430 2360 2360 2387 2387 1428 1428 2360 2360 121 121 1390 1390 123 123 2363 2363 574 574 2388 2388 2389 2389 2390 2390 1424 1424 1424 1424 1425 1425 2365 2365 2389 2389 1424 1424 2365 2365 2127 2127 270 270 2391 2391 270 270 2112 2112 2391 2391 1296 1296 2129 2129 2117 2117 1296 1296 2117 2117 1294 1294 2392 2392 2370 2370 1421 1421 1421 1421 1424 1424 2390 2390 2392 2392 1421 1421 2390 2390 2388 2388 574 574 2367 2367 63 63 1386 1386 65 65 2393 2393 2355 2355 1419 1419 1419 1419 2371 2371 2394 2394 2393 2393 1419 1419 2394 2394 570 570 123 123 2395 2395 123 123 2353 2353 2395 2395 2369 2369 574 574 573 573 1216 1216 1055 1055 1212 1212 2396 2396 2397 2397 2398 2398 2399 2399 2400 2400 2401 2401 2402 2402 953 953 950 950 2403 2403 2404 2404 957 957 2403 2403 957 957 954 954 2404 2404 2405 2405 2406 2406 2406 2406 2407 2407 2408 2408 2408 2408 2409 2409 2399 2399 2402 2402 950 950 949 949 2410 2410 2402 2402 949 949 2410 2410 949 949 946 946 2410 2410 946 946 945 945 2411 2411 2410 2410 945 945 2411 2411 945 945 943 943 953 953 2402 2402 2403 2403 953 953 2403 2403 954 954 2402 2402 2412 2412 2403 2403 2402 2402 2410 2410 2412 2412 2410 2410 2413 2413 2412 2412 2410 2410 2411 2411 2413 2413 2411 2411 2414 2414 2413 2413 2404 2404 2403 2403 2405 2405 2403 2403 2415 2415 2405 2405 2403 2403 2412 2412 2415 2415 2412 2412 2416 2416 2415 2415 2412 2412 2413 2413 2416 2416 2413 2413 2417 2417 2416 2416 2413 2413 2414 2414 2417 2417 2414 2414 2418 2418 2417 2417 2406 2406 2405 2405 2407 2407 2405 2405 2419 2419 2407 2407 2405 2405 2415 2415 2419 2419 2415 2415 2420 2420 2419 2419 2415 2415 2416 2416 2420 2420 2416 2416 2421 2421 2420 2420 2416 2416 2417 2417 2421 2421 2417 2417 2422 2422 2421 2421 2417 2417 2418 2418 2422 2422 2418 2418 2423 2423 2422 2422 2408 2408 2407 2407 2409 2409 2407 2407 2424 2424 2409 2409 2407 2407 2419 2419 2424 2424 2419 2419 2425 2425 2424 2424 2419 2419 2420 2420 2425 2425 2420 2420 2426 2426 2425 2425 2420 2420 2421 2421 2426 2426 2421 2421 2427 2427 2426 2426 2421 2421 2422 2422 2427 2427 2422 2422 2428 2428 2427 2427 2422 2422 2423 2423 2428 2428 2423 2423 2396 2396 2428 2428 2399 2399 2409 2409 2400 2400 2409 2409 2429 2429 2400 2400 2409 2409 2424 2424 2429 2429 2424 2424 2430 2430 2429 2429 2424 2424 2425 2425 2430 2430 2425 2425 2431 2431 2430 2430 2425 2425 2426 2426 2431 2431 2426 2426 2432 2432 2431 2431 2426 2426 2427 2427 2432 2432 2427 2427 2433 2433 2432 2432 2427 2427 2428 2428 2433 2433 2428 2428 2434 2434 2433 2433 2428 2428 2396 2396 2434 2434 2396 2396 2398 2398 2434 2434 2411 2411 943 943 942 942 2411 2411 2435 2435 2414 2414 2414 2414 2436 2436 2418 2418 2418 2418 2437 2437 2423 2423 2423 2423 2438 2438 2396 2396 2435 2435 2411 2411 942 942 2435 2435 942 942 939 939 2435 2435 939 939 938 938 2435 2435 2436 2436 2414 2414 2435 2435 2439 2439 2436 2436 937 937 971 971 2439 2439 2439 2439 2435 2435 938 938 937 937 2439 2439 938 938 2439 2439 971 971 974 974 2436 2436 2437 2437 2418 2418 2436 2436 2440 2440 2437 2437 2436 2436 2439 2439 2440 2440 2439 2439 2441 2441 2440 2440 2439 2439 974 974 977 977 2439 2439 977 977 2441 2441 2441 2441 977 977 978 978 2437 2437 2438 2438 2423 2423 2437 2437 2442 2442 2438 2438 2440 2440 2442 2442 2437 2437 2440 2440 2443 2443 2442 2442 2440 2440 2441 2441 2443 2443 982 982 2443 2443 2441 2441 982 982 2441 2441 981 981 2441 2441 978 978 981 981 2438 2438 2397 2397 2396 2396 2438 2438 2444 2444 2397 2397 2442 2442 2444 2444 2438 2438 2442 2442 2445 2445 2444 2444 2442 2442 2443 2443 2445 2445 2443 2443 2446 2446 2445 2445 2443 2443 982 982 985 985 2443 2443 985 985 2446 2446 2446 2446 985 985 986 986 2404 2404 958 958 957 957 2447 2447 962 962 961 961 961 961 958 958 2404 2404 961 961 2404 2404 2447 2447 2404 2404 2406 2406 2447 2447 2447 2447 965 965 962 962 2447 2447 2448 2448 964 964 2447 2447 964 964 965 965 2406 2406 2448 2448 2447 2447 2406 2406 2408 2408 2448 2448 2449 2449 960 960 963 963 963 963 964 964 2448 2448 963 963 2448 2448 2449 2449 2448 2448 2450 2450 2449 2449 2408 2408 2450 2450 2448 2448 2408 2408 2399 2399 2450 2450 2449 2449 959 959 960 960 2449 2449 2451 2451 956 956 2449 2449 956 956 959 959 2450 2450 2451 2451 2449 2449 2450 2450 2452 2452 2451 2451 2399 2399 2452 2452 2450 2450 2399 2399 2401 2401 2452 2452 2401 2401 2400 2400 2453 2453 2453 2453 2454 2454 2455 2455 2455 2455 2456 2456 2457 2457 2457 2457 2458 2458 2459 2459 2131 2131 2130 2130 2459 2459 2459 2459 2460 2460 2162 2162 2459 2459 2162 2162 2131 2131 2400 2400 2454 2454 2453 2453 2400 2400 2429 2429 2454 2454 2454 2454 2456 2456 2455 2455 2454 2454 2461 2461 2456 2456 2429 2429 2461 2461 2454 2454 2429 2429 2430 2430 2461 2461 2456 2456 2458 2458 2457 2457 2456 2456 2462 2462 2458 2458 2461 2461 2462 2462 2456 2456 2461 2461 2463 2463 2462 2462 2430 2430 2463 2463 2461 2461 2430 2430 2431 2431 2463 2463 2458 2458 2460 2460 2459 2459 2458 2458 2464 2464 2460 2460 2462 2462 2464 2464 2458 2458 2462 2462 2465 2465 2464 2464 2463 2463 2465 2465 2462 2462 2463 2463 2466 2466 2465 2465 2431 2431 2466 2466 2463 2463 2431 2431 2432 2432 2466 2466 2460 2460 2124 2124 2125 2125 2460 2460 2125 2125 2162 2162 2123 2123 2124 2124 2460 2460 2460 2460 2467 2467 2121 2121 2460 2460 2121 2121 2123 2123 2464 2464 2467 2467 2460 2460 2464 2464 2468 2468 2467 2467 2465 2465 2468 2468 2464 2464 2465 2465 2469 2469 2468 2468 2466 2466 2469 2469 2465 2465 2466 2466 2470 2470 2469 2469 2432 2432 2470 2470 2466 2466 2432 2432 2433 2433 2470 2470 2121 2121 2467 2467 2122 2122 2467 2467 2128 2128 2122 2122 2129 2129 2128 2128 2467 2467 2467 2467 2471 2471 2118 2118 2117 2117 2129 2129 2467 2467 2467 2467 2118 2118 2117 2117 2468 2468 2471 2471 2467 2467 2468 2468 2472 2472 2471 2471 2469 2469 2472 2472 2468 2468 2469 2469 2473 2473 2472 2472 2470 2470 2473 2473 2469 2469 2470 2470 2474 2474 2473 2473 2433 2433 2474 2474 2470 2470 2433 2433 2434 2434 2474 2474 2115 2115 2118 2118 2471 2471 2116 2116 2115 2115 2471 2471 2471 2471 2475 2475 2164 2164 2471 2471 2164 2164 2116 2116 2472 2472 2475 2475 2471 2471 2472 2472 2476 2476 2475 2475 2473 2473 2476 2476 2472 2472 2473 2473 2477 2477 2476 2476 2474 2474 2477 2477 2473 2473 2474 2474 2478 2478 2477 2477 2434 2434 2478 2478 2474 2474 2434 2434 2398 2398 2478 2478 2398 2398 2397 2397 2479 2479 2479 2479 2480 2480 2481 2481 2481 2481 2482 2482 2483 2483 2483 2483 2484 2484 2485 2485 2485 2485 2486 2486 2161 2161 2485 2485 2161 2161 2159 2159 2397 2397 2480 2480 2479 2479 2397 2397 2444 2444 2480 2480 2480 2480 2482 2482 2481 2481 2480 2480 2487 2487 2482 2482 2444 2444 2487 2487 2480 2480 2444 2444 2445 2445 2487 2487 2482 2482 2484 2484 2483 2483 2482 2482 2488 2488 2484 2484 2487 2487 2488 2488 2482 2482 2487 2487 2489 2489 2488 2488 2445 2445 2489 2489 2487 2487 2445 2445 2446 2446 2489 2489 2484 2484 2486 2486 2485 2485 2484 2484 2490 2490 2486 2486 2488 2488 2490 2490 2484 2484 2488 2488 2491 2491 2490 2490 2489 2489 2491 2491 2488 2488 2489 2489 2492 2492 2491 2491 2446 2446 2492 2492 2489 2489 2446 2446 986 986 984 984 2446 2446 984 984 2492 2492 2160 2160 2161 2161 2486 2486 2486 2486 2493 2493 2156 2156 2486 2486 2156 2156 2160 2160 2490 2490 2493 2493 2486 2486 2490 2490 2494 2494 2493 2493 2491 2491 2494 2494 2490 2490 2491 2491 979 979 976 976 2491 2491 976 976 2494 2494 979 979 2491 2491 2492 2492 979 979 2492 2492 980 980 2492 2492 983 983 980 980 2492 2492 984 984 983 983 2157 2157 2156 2156 2493 2493 2493 2493 2181 2181 2182 2182 2157 2157 2493 2493 2182 2182 2178 2178 2181 2181 2493 2493 2493 2493 2495 2495 2113 2113 2493 2493 2113 2113 2114 2114 2175 2175 2178 2178 2493 2493 2172 2172 2175 2175 2493 2493 2493 2493 2114 2114 2163 2163 2493 2493 2163 2163 2166 2166 2169 2169 2172 2172 2493 2493 2493 2493 2166 2166 2169 2169 2494 2494 2495 2495 2493 2493 2494 2494 975 975 973 973 2494 2494 973 973 2495 2495 2494 2494 976 976 975 975 969 969 2113 2113 2495 2495 969 969 2495 2495 970 970 2495 2495 966 966 970 970 2495 2495 973 973 967 967 2495 2495 967 967 966 966 2496 2496 947 947 948 948 2496 2496 948 948 951 951 951 951 952 952 2497 2497 951 951 2497 2497 2496 2496 2497 2497 952 952 955 955 955 955 956 956 2451 2451 955 955 2451 2451 2497 2497 2498 2498 935 935 940 940 2498 2498 940 940 941 941 941 941 944 944 2499 2499 941 941 2499 2499 2498 2498 2496 2496 2499 2499 944 944 2496 2496 944 944 947 947 2500 2500 2499 2499 2496 2496 2497 2497 2500 2500 2496 2496 2501 2501 2500 2500 2497 2497 2451 2451 2501 2501 2497 2497 2452 2452 2501 2501 2451 2451 2112 2112 936 936 935 935 935 935 2498 2498 2391 2391 2112 2112 935 935 2391 2391 2127 2127 2391 2391 2498 2498 2498 2498 2502 2502 2141 2141 2498 2498 2141 2141 2137 2137 2120 2120 2127 2127 2498 2498 2119 2119 2120 2120 2498 2498 2498 2498 2137 2137 2133 2133 2498 2498 2133 2133 2134 2134 2126 2126 2119 2119 2498 2498 2498 2498 2134 2134 2126 2126 2499 2499 2502 2502 2498 2498 2503 2503 2502 2502 2499 2499 2500 2500 2503 2503 2499 2499 2504 2504 2503 2503 2500 2500 2501 2501 2504 2504 2500 2500 2505 2505 2504 2504 2501 2501 2452 2452 2505 2505 2501 2501 2401 2401 2505 2505 2452 2452 2398 2398 2479 2479 2478 2478 2478 2478 2506 2506 2477 2477 2477 2477 2507 2507 2476 2476 2476 2476 2508 2508 2475 2475 2475 2475 2167 2167 2165 2165 2475 2475 2165 2165 2164 2164 2478 2478 2479 2479 2506 2506 2479 2479 2481 2481 2506 2506 2477 2477 2506 2506 2507 2507 2506 2506 2509 2509 2507 2507 2506 2506 2481 2481 2509 2509 2481 2481 2483 2483 2509 2509 2476 2476 2507 2507 2508 2508 2507 2507 2510 2510 2508 2508 2507 2507 2509 2509 2510 2510 2509 2509 2511 2511 2510 2510 2509 2509 2483 2483 2511 2511 2483 2483 2485 2485 2511 2511 2168 2168 2167 2167 2475 2475 2475 2475 2508 2508 2170 2170 2475 2475 2170 2170 2168 2168 2170 2170 2508 2508 2173 2173 2170 2170 2173 2173 2171 2171 2174 2174 2173 2173 2508 2508 2508 2508 2510 2510 2176 2176 2508 2508 2176 2176 2174 2174 2176 2176 2510 2510 2179 2179 2176 2176 2179 2179 2177 2177 2180 2180 2179 2179 2510 2510 2510 2510 2511 2511 2183 2183 2510 2510 2183 2183 2180 2180 2511 2511 2186 2186 2184 2184 2511 2511 2184 2184 2183 2183 2511 2511 2485 2485 2185 2185 2511 2511 2185 2185 2186 2186 2185 2185 2485 2485 2158 2158 2485 2485 2159 2159 2158 2158 2401 2401 2453 2453 2505 2505 2505 2505 2512 2512 2504 2504 2504 2504 2513 2513 2503 2503 2503 2503 2514 2514 2502 2502 2140 2140 2141 2141 2502 2502 2502 2502 2153 2153 2142 2142 2140 2140 2502 2502 2142 2142 2505 2505 2453 2453 2512 2512 2453 2453 2455 2455 2512 2512 2512 2512 2513 2513 2504 2504 2512 2512 2515 2515 2513 2513 2512 2512 2455 2455 2515 2515 2455 2455 2457 2457 2515 2515 2513 2513 2514 2514 2503 2503 2513 2513 2516 2516 2514 2514 2513 2513 2515 2515 2516 2516 2515 2515 2517 2517 2516 2516 2515 2515 2457 2457 2517 2517 2457 2457 2459 2459 2517 2517 2153 2153 2502 2502 2514 2514 2153 2153 2514 2514 2154 2154 2154 2154 2514 2514 2155 2155 2155 2155 2514 2514 2516 2516 2155 2155 2516 2516 2152 2152 2152 2152 2516 2516 2145 2145 2152 2152 2145 2145 2144 2144 2516 2516 2517 2517 2143 2143 2516 2516 2143 2143 2145 2145 2143 2143 2517 2517 2139 2139 2517 2517 2138 2138 2139 2139 2136 2136 2138 2138 2517 2517 2517 2517 2459 2459 2135 2135 2517 2517 2135 2135 2136 2136 2459 2459 2130 2130 2132 2132 2459 2459 2132 2132 2135 2135 2518 2518 2519 2519 2520 2520 2521 2521 2522 2522 2523 2523 1153 1153 2524 2524 1151 1151 1150 1150 2525 2525 2526 2526 1150 1150 2526 2526 1146 1146 2526 2526 2527 2527 2528 2528 2528 2528 2529 2529 2530 2530 2530 2530 2531 2531 2521 2521 2524 2524 1153 1153 1154 1154 1157 1157 2532 2532 2524 2524 1157 1157 2524 2524 1154 1154 2532 2532 1157 1157 1158 1158 1161 1161 2533 2533 2532 2532 1161 1161 2532 2532 1158 1158 2524 2524 2525 2525 1150 1150 2524 2524 1150 1150 1151 1151 2524 2524 2534 2534 2525 2525 2532 2532 2534 2534 2524 2524 2532 2532 2535 2535 2534 2534 2533 2533 2535 2535 2532 2532 2533 2533 2536 2536 2535 2535 2525 2525 2527 2527 2526 2526 2525 2525 2537 2537 2527 2527 2534 2534 2537 2537 2525 2525 2534 2534 2538 2538 2537 2537 2535 2535 2538 2538 2534 2534 2535 2535 2539 2539 2538 2538 2536 2536 2539 2539 2535 2535 2536 2536 2540 2540 2539 2539 2527 2527 2529 2529 2528 2528 2527 2527 2541 2541 2529 2529 2537 2537 2541 2541 2527 2527 2537 2537 2542 2542 2541 2541 2538 2538 2542 2542 2537 2537 2538 2538 2543 2543 2542 2542 2539 2539 2543 2543 2538 2538 2539 2539 2544 2544 2543 2543 2540 2540 2544 2544 2539 2539 2540 2540 2545 2545 2544 2544 2529 2529 2531 2531 2530 2530 2529 2529 2546 2546 2531 2531 2541 2541 2546 2546 2529 2529 2541 2541 2547 2547 2546 2546 2542 2542 2547 2547 2541 2541 2542 2542 2548 2548 2547 2547 2543 2543 2548 2548 2542 2542 2543 2543 2549 2549 2548 2548 2544 2544 2549 2549 2543 2543 2544 2544 2550 2550 2549 2549 2545 2545 2550 2550 2544 2544 2545 2545 2520 2520 2550 2550 2531 2531 2522 2522 2521 2521 2531 2531 2551 2551 2522 2522 2546 2546 2551 2551 2531 2531 2546 2546 2552 2552 2551 2551 2547 2547 2552 2552 2546 2546 2547 2547 2553 2553 2552 2552 2548 2548 2553 2553 2547 2547 2548 2548 2554 2554 2553 2553 2549 2549 2554 2554 2548 2548 2549 2549 2555 2555 2554 2554 2550 2550 2555 2555 2549 2549 2550 2550 2556 2556 2555 2555 2520 2520 2556 2556 2550 2550 2520 2520 2519 2519 2556 2556 2533 2533 1161 1161 1162 1162 2557 2557 2536 2536 2533 2533 2558 2558 2540 2540 2536 2536 2559 2559 2545 2545 2540 2540 2560 2560 2520 2520 2545 2545 1165 1165 2557 2557 2533 2533 1165 1165 2533 2533 1162 1162 2557 2557 1165 1165 1166 1166 2557 2557 2558 2558 2536 2536 2557 2557 2561 2561 2558 2558 2557 2557 1166 1166 1169 1169 2557 2557 1169 1169 2561 2561 2561 2561 1169 1169 1170 1170 2558 2558 2559 2559 2540 2540 2562 2562 2559 2559 2558 2558 2558 2558 2561 2561 2562 2562 2561 2561 2563 2563 2562 2562 2561 2561 1170 1170 1173 1173 2561 2561 1173 1173 2563 2563 2563 2563 1173 1173 1174 1174 2559 2559 2560 2560 2545 2545 2564 2564 2560 2560 2559 2559 2562 2562 2564 2564 2559 2559 2562 2562 2565 2565 2564 2564 2562 2562 2563 2563 2565 2565 1171 1171 2565 2565 2563 2563 1171 1171 2563 2563 1172 1172 2563 2563 1174 1174 1172 1172 2560 2560 2518 2518 2520 2520 2566 2566 2518 2518 2560 2560 2564 2564 2566 2566 2560 2560 2564 2564 2567 2567 2566 2566 2564 2564 2565 2565 2567 2567 2565 2565 2568 2568 2567 2567 2565 2565 1171 1171 1168 1168 2565 2565 1168 1168 2568 2568 2568 2568 1168 1168 1167 1167 2526 2526 1128 1128 1127 1127 2526 2526 1127 1127 1146 1146 2569 2569 1131 1131 1130 1130 1130 1130 1128 1128 2526 2526 1130 1130 2526 2526 2569 2569 2526 2526 2528 2528 2569 2569 2569 2569 1134 1134 1131 1131 2569 2569 2570 2570 1135 1135 2569 2569 1135 1135 1134 1134 2528 2528 2570 2570 2569 2569 2528 2528 2530 2530 2570 2570 2571 2571 1139 1139 1138 1138 1138 1138 1135 1135 2570 2570 1138 1138 2570 2570 2571 2571 2570 2570 2572 2572 2571 2571 2530 2530 2572 2572 2570 2570 2530 2530 2521 2521 2572 2572 2571 2571 1142 1142 1139 1139 2571 2571 2573 2573 1141 1141 2571 2571 1141 1141 1142 1142 2572 2572 2573 2573 2571 2571 2572 2572 2574 2574 2573 2573 2521 2521 2574 2574 2572 2572 2521 2521 2523 2523 2574 2574 2522 2522 2575 2575 2523 2523 2576 2576 2577 2577 2575 2575 2578 2578 2579 2579 2577 2577 2580 2580 2581 2581 2579 2579 2231 2231 2230 2230 2581 2581 2581 2581 2582 2582 2236 2236 2231 2231 2581 2581 2236 2236 2522 2522 2576 2576 2575 2575 2551 2551 2576 2576 2522 2522 2576 2576 2578 2578 2577 2577 2583 2583 2578 2578 2576 2576 2551 2551 2583 2583 2576 2576 2552 2552 2583 2583 2551 2551 2578 2578 2580 2580 2579 2579 2584 2584 2580 2580 2578 2578 2583 2583 2584 2584 2578 2578 2585 2585 2584 2584 2583 2583 2552 2552 2585 2585 2583 2583 2553 2553 2585 2585 2552 2552 2580 2580 2582 2582 2581 2581 2586 2586 2582 2582 2580 2580 2584 2584 2586 2586 2580 2580 2587 2587 2586 2586 2584 2584 2585 2585 2587 2587 2584 2584 2588 2588 2587 2587 2585 2585 2553 2553 2588 2588 2585 2585 2554 2554 2588 2588 2553 2553 2237 2237 2236 2236 2582 2582 2237 2237 2582 2582 2241 2241 2242 2242 2241 2241 2582 2582 2582 2582 2589 2589 2247 2247 2242 2242 2582 2582 2247 2247 2586 2586 2589 2589 2582 2582 2590 2590 2589 2589 2586 2586 2587 2587 2590 2590 2586 2586 2591 2591 2590 2590 2587 2587 2588 2588 2591 2591 2587 2587 2592 2592 2591 2591 2588 2588 2554 2554 2592 2592 2588 2588 2555 2555 2592 2592 2554 2554 2248 2248 2247 2247 2589 2589 2589 2589 2265 2265 2257 2257 2248 2248 2589 2589 2257 2257 2255 2255 2265 2265 2589 2589 2589 2589 2593 2593 2256 2256 2255 2255 2589 2589 2256 2256 2590 2590 2593 2593 2589 2589 2594 2594 2593 2593 2590 2590 2591 2591 2594 2594 2590 2590 2595 2595 2594 2594 2591 2591 2592 2592 2595 2595 2591 2591 2596 2596 2595 2595 2592 2592 2555 2555 2596 2596 2592 2592 2556 2556 2596 2596 2555 2555 2256 2256 2593 2593 2253 2253 2254 2254 2253 2253 2593 2593 2593 2593 2597 2597 2267 2267 2254 2254 2593 2593 2267 2267 2594 2594 2597 2597 2593 2593 2598 2598 2597 2597 2594 2594 2595 2595 2598 2598 2594 2594 2599 2599 2598 2598 2595 2595 2596 2596 2599 2599 2595 2595 2600 2600 2599 2599 2596 2596 2556 2556 2600 2600 2596 2596 2519 2519 2600 2600 2556 2556 2518 2518 2601 2601 2519 2519 2602 2602 2603 2603 2601 2601 2604 2604 2605 2605 2603 2603 2606 2606 2607 2607 2605 2605 2324 2324 2323 2323 2607 2607 2607 2607 2608 2608 2329 2329 2607 2607 2329 2329 2324 2324 2518 2518 2602 2602 2601 2601 2566 2566 2602 2602 2518 2518 2602 2602 2604 2604 2603 2603 2609 2609 2604 2604 2602 2602 2566 2566 2609 2609 2602 2602 2566 2566 2567 2567 2609 2609 2604 2604 2606 2606 2605 2605 2604 2604 2610 2610 2606 2606 2609 2609 2610 2610 2604 2604 2609 2609 2611 2611 2610 2610 2567 2567 2611 2611 2609 2609 2567 2567 2568 2568 2611 2611 2606 2606 2608 2608 2607 2607 2606 2606 2612 2612 2608 2608 2610 2610 2612 2612 2606 2606 2610 2610 2613 2613 2612 2612 2611 2611 2613 2613 2610 2610 2611 2611 2614 2614 2613 2613 2568 2568 2614 2614 2611 2611 2568 2568 1167 1167 1164 1164 2568 2568 1164 1164 2614 2614 2328 2328 2329 2329 2608 2608 2322 2322 2328 2328 2608 2608 2608 2608 2615 2615 2321 2321 2608 2608 2321 2321 2322 2322 2612 2612 2615 2615 2608 2608 2612 2612 2616 2616 2615 2615 2613 2613 2616 2616 2612 2612 2613 2613 1159 1159 1156 1156 2613 2613 1156 1156 2616 2616 1159 1159 2613 2613 2614 2614 1159 1159 2614 2614 1160 1160 2614 2614 1163 1163 1160 1160 2614 2614 1164 1164 1163 1163 2615 2615 2311 2311 2312 2312 2615 2615 2312 2312 2321 2321 2304 2304 2311 2311 2615 2615 2615 2615 2617 2617 2250 2250 2615 2615 2250 2250 2249 2249 2297 2297 2304 2304 2615 2615 2291 2291 2297 2297 2615 2615 2615 2615 2249 2249 2266 2266 2615 2615 2266 2266 2274 2274 2285 2285 2291 2291 2615 2615 2615 2615 2274 2274 2279 2279 2615 2615 2279 2279 2285 2285 2616 2616 2617 2617 2615 2615 2616 2616 1155 1155 1152 1152 2616 2616 1152 1152 2617 2617 2616 2616 1156 1156 1155 1155 1147 1147 2250 2250 2617 2617 1147 1147 2617 2617 1148 1148 2617 2617 1149 1149 1148 1148 2617 2617 1152 1152 1149 1149 2618 2618 1132 1132 1133 1133 2618 2618 1133 1133 1136 1136 1136 1136 1137 1137 2619 2619 1136 1136 2619 2619 2618 2618 2619 2619 1137 1137 1140 1140 1140 1140 1141 1141 2573 2573 1140 1140 2573 2573 2619 2619 2620 2620 1143 1143 1145 1145 2620 2620 1145 1145 1126 1126 2620 2620 1126 1126 1125 1125 1125 1125 1129 1129 2621 2621 1125 1125 2621 2621 2620 2620 2618 2618 2621 2621 1129 1129 2618 2618 1129 1129 1132 1132 2622 2622 2621 2621 2618 2618 2619 2619 2622 2622 2618 2618 2623 2623 2622 2622 2619 2619 2573 2573 2623 2623 2619 2619 2574 2574 2623 2623 2573 2573 1144 1144 1143 1143 2620 2620 1144 1144 2620 2620 2252 2252 2251 2251 2252 2252 2620 2620 2620 2620 2624 2624 2216 2216 2620 2620 2216 2216 2217 2217 2258 2258 2251 2251 2620 2620 2246 2246 2258 2258 2620 2620 2620 2620 2217 2217 2220 2220 2620 2620 2220 2220 2229 2229 2240 2240 2246 2246 2620 2620 2620 2620 2229 2229 2235 2235 2620 2620 2235 2235 2240 2240 2621 2621 2624 2624 2620 2620 2625 2625 2624 2624 2621 2621 2622 2622 2625 2625 2621 2621 2626 2626 2625 2625 2622 2622 2623 2623 2626 2626 2622 2622 2627 2627 2626 2626 2623 2623 2574 2574 2627 2627 2623 2623 2523 2523 2627 2627 2574 2574 2519 2519 2601 2601 2600 2600 2600 2600 2628 2628 2599 2599 2599 2599 2629 2629 2598 2598 2598 2598 2630 2630 2597 2597 2268 2268 2267 2267 2597 2597 2597 2597 2280 2280 2275 2275 2268 2268 2597 2597 2275 2275 2601 2601 2628 2628 2600 2600 2601 2601 2603 2603 2628 2628 2628 2628 2629 2629 2599 2599 2628 2628 2631 2631 2629 2629 2603 2603 2631 2631 2628 2628 2603 2603 2605 2605 2631 2631 2629 2629 2630 2630 2598 2598 2629 2629 2632 2632 2630 2630 2631 2631 2632 2632 2629 2629 2631 2631 2633 2633 2632 2632 2605 2605 2633 2633 2631 2631 2605 2605 2607 2607 2633 2633 2281 2281 2280 2280 2597 2597 2597 2597 2630 2630 2286 2286 2281 2281 2597 2597 2286 2286 2286 2286 2630 2630 2287 2287 2630 2630 2292 2292 2287 2287 2293 2293 2292 2292 2630 2630 2630 2630 2632 2632 2298 2298 2293 2293 2630 2630 2298 2298 2298 2298 2632 2632 2305 2305 2298 2298 2305 2305 2299 2299 2306 2306 2305 2305 2632 2632 2632 2632 2633 2633 2315 2315 2306 2306 2632 2632 2315 2315 2315 2315 2633 2633 2313 2313 2314 2314 2313 2313 2633 2633 2633 2633 2607 2607 2325 2325 2314 2314 2633 2633 2325 2325 2323 2323 2325 2325 2607 2607 2523 2523 2575 2575 2627 2627 2627 2627 2634 2634 2626 2626 2626 2626 2635 2635 2625 2625 2625 2625 2636 2636 2624 2624 2209 2209 2216 2216 2624 2624 2209 2209 2624 2624 2208 2208 2575 2575 2634 2634 2627 2627 2575 2575 2577 2577 2634 2634 2634 2634 2635 2635 2626 2626 2634 2634 2637 2637 2635 2635 2577 2577 2637 2637 2634 2634 2577 2577 2579 2579 2637 2637 2635 2635 2636 2636 2625 2625 2635 2635 2638 2638 2636 2636 2637 2637 2638 2638 2635 2635 2637 2637 2639 2639 2638 2638 2579 2579 2639 2639 2637 2637 2579 2579 2581 2581 2639 2639 2203 2203 2208 2208 2624 2624 2624 2624 2636 2636 2204 2204 2203 2203 2624 2624 2204 2204 2204 2204 2636 2636 2201 2201 2202 2202 2201 2201 2636 2636 2636 2636 2638 2638 2212 2212 2202 2202 2636 2636 2212 2212 2212 2212 2638 2638 2210 2210 2211 2211 2210 2210 2638 2638 2638 2638 2639 2639 2218 2218 2211 2211 2638 2638 2218 2218 2218 2218 2639 2639 2223 2223 2218 2218 2223 2223 2219 2219 2223 2223 2639 2639 2581 2581 2223 2223 2581 2581 2221 2221 2222 2222 2221 2221 2581 2581 2222 2222 2581 2581 2230 2230 2640 2640 2641 2641 2642 2642 2643 2643 2644 2644 2645 2645 589 589 2646 2646 592 592 593 593 2647 2647 2648 2648 593 593 2648 2648 596 596 2648 2648 2649 2649 2650 2650 2650 2650 2651 2651 2652 2652 2652 2652 2653 2653 2643 2643 589 589 588 588 2646 2646 585 585 2654 2654 2646 2646 585 585 2646 2646 588 588 2654 2654 585 585 584 584 582 582 2655 2655 2654 2654 582 582 2654 2654 584 584 2646 2646 2647 2647 593 593 2646 2646 593 593 592 592 2646 2646 2656 2656 2647 2647 2654 2654 2656 2656 2646 2646 2654 2654 2657 2657 2656 2656 2655 2655 2657 2657 2654 2654 2655 2655 2658 2658 2657 2657 2647 2647 2649 2649 2648 2648 2647 2647 2659 2659 2649 2649 2656 2656 2659 2659 2647 2647 2656 2656 2660 2660 2659 2659 2657 2657 2660 2660 2656 2656 2657 2657 2661 2661 2660 2660 2658 2658 2661 2661 2657 2657 2658 2658 2662 2662 2661 2661 2649 2649 2651 2651 2650 2650 2649 2649 2663 2663 2651 2651 2659 2659 2663 2663 2649 2649 2659 2659 2664 2664 2663 2663 2660 2660 2664 2664 2659 2659 2660 2660 2665 2665 2664 2664 2661 2661 2665 2665 2660 2660 2661 2661 2666 2666 2665 2665 2662 2662 2666 2666 2661 2661 2662 2662 2667 2667 2666 2666 2651 2651 2653 2653 2652 2652 2651 2651 2668 2668 2653 2653 2663 2663 2668 2668 2651 2651 2663 2663 2669 2669 2668 2668 2664 2664 2669 2669 2663 2663 2664 2664 2670 2670 2669 2669 2665 2665 2670 2670 2664 2664 2665 2665 2671 2671 2670 2670 2666 2666 2671 2671 2665 2665 2666 2666 2672 2672 2671 2671 2667 2667 2672 2672 2666 2666 2667 2667 2642 2642 2672 2672 2653 2653 2644 2644 2643 2643 2653 2653 2673 2673 2644 2644 2668 2668 2673 2673 2653 2653 2668 2668 2674 2674 2673 2673 2669 2669 2674 2674 2668 2668 2669 2669 2675 2675 2674 2674 2670 2670 2675 2675 2669 2669 2670 2670 2676 2676 2675 2675 2671 2671 2676 2676 2670 2670 2671 2671 2677 2677 2676 2676 2672 2672 2677 2677 2671 2671 2672 2672 2678 2678 2677 2677 2642 2642 2678 2678 2672 2672 2642 2642 2641 2641 2678 2678 2655 2655 582 582 581 581 2679 2679 2658 2658 2655 2655 2680 2680 2662 2662 2658 2658 2681 2681 2667 2667 2662 2662 2682 2682 2642 2642 2667 2667 578 578 2679 2679 2655 2655 578 578 2655 2655 581 581 578 578 577 577 2679 2679 2679 2679 2680 2680 2658 2658 2679 2679 2683 2683 2680 2680 576 576 605 605 2683 2683 2683 2683 2679 2679 577 577 2683 2683 577 577 576 576 605 605 607 607 2683 2683 2680 2680 2681 2681 2662 2662 2684 2684 2681 2681 2680 2680 2683 2683 2684 2684 2680 2680 2683 2683 2685 2685 2684 2684 2685 2685 2683 2683 607 607 2685 2685 607 607 610 610 610 610 611 611 2685 2685 2681 2681 2682 2682 2667 2667 2686 2686 2682 2682 2681 2681 2684 2684 2686 2686 2681 2681 2684 2684 2687 2687 2686 2686 2685 2685 2687 2687 2684 2684 2687 2687 2685 2685 614 614 2687 2687 614 614 615 615 611 611 614 614 2685 2685 2682 2682 2640 2640 2642 2642 2688 2688 2640 2640 2682 2682 2686 2686 2688 2688 2682 2682 2686 2686 2689 2689 2688 2688 2687 2687 2689 2689 2686 2686 2687 2687 2690 2690 2689 2689 2690 2690 2687 2687 615 615 2690 2690 615 615 618 618 618 618 619 619 2690 2690 596 596 2648 2648 597 597 600 600 2691 2691 601 601 2648 2648 2691 2691 600 600 2648 2648 600 600 597 597 2648 2648 2650 2650 2691 2691 601 601 2691 2691 604 604 2691 2691 2692 2692 603 603 2691 2691 603 603 604 604 2691 2691 2650 2650 2692 2692 2650 2650 2652 2652 2692 2692 602 602 2693 2693 599 599 2692 2692 2693 2693 602 602 2692 2692 602 602 603 603 2692 2692 2694 2694 2693 2693 2692 2692 2652 2652 2694 2694 2652 2652 2643 2643 2694 2694 599 599 2693 2693 598 598 2693 2693 2695 2695 595 595 2693 2693 595 595 598 598 2693 2693 2694 2694 2695 2695 2694 2694 2696 2696 2695 2695 2694 2694 2643 2643 2696 2696 2643 2643 2645 2645 2696 2696 2644 2644 2697 2697 2645 2645 2698 2698 2699 2699 2697 2697 2700 2700 2701 2701 2699 2699 2702 2702 2703 2703 2701 2701 2360 2360 2359 2359 2703 2703 2703 2703 2704 2704 2387 2387 2360 2360 2703 2703 2387 2387 2644 2644 2698 2698 2697 2697 2673 2673 2698 2698 2644 2644 2698 2698 2700 2700 2699 2699 2705 2705 2700 2700 2698 2698 2673 2673 2705 2705 2698 2698 2674 2674 2705 2705 2673 2673 2700 2700 2702 2702 2701 2701 2706 2706 2702 2702 2700 2700 2705 2705 2706 2706 2700 2700 2707 2707 2706 2706 2705 2705 2674 2674 2707 2707 2705 2705 2675 2675 2707 2707 2674 2674 2702 2702 2704 2704 2703 2703 2708 2708 2704 2704 2702 2702 2706 2706 2708 2708 2702 2702 2709 2709 2708 2708 2706 2706 2707 2707 2709 2709 2706 2706 2710 2710 2709 2709 2707 2707 2675 2675 2710 2710 2707 2707 2676 2676 2710 2710 2675 2675 2387 2387 2704 2704 2364 2364 2387 2387 2364 2364 2366 2366 2365 2365 2364 2364 2704 2704 2704 2704 2711 2711 2389 2389 2365 2365 2704 2704 2389 2389 2708 2708 2711 2711 2704 2704 2712 2712 2711 2711 2708 2708 2709 2709 2712 2712 2708 2708 2713 2713 2712 2712 2709 2709 2710 2710 2713 2713 2709 2709 2714 2714 2713 2713 2710 2710 2676 2676 2714 2714 2710 2710 2677 2677 2714 2714 2676 2676 2390 2390 2389 2389 2711 2711 2390 2390 2711 2711 2392 2392 2370 2370 2392 2392 2711 2711 2711 2711 2715 2715 2394 2394 2371 2371 2370 2370 2711 2711 2711 2711 2394 2394 2371 2371 2712 2712 2715 2715 2711 2711 2716 2716 2715 2715 2712 2712 2713 2713 2716 2716 2712 2712 2717 2717 2716 2716 2713 2713 2714 2714 2717 2717 2713 2713 2718 2718 2717 2717 2714 2714 2677 2677 2718 2718 2714 2714 2678 2678 2718 2718 2677 2677 2394 2394 2715 2715 2393 2393 2355 2355 2393 2393 2715 2715 2715 2715 2719 2719 2354 2354 2355 2355 2715 2715 2354 2354 2716 2716 2719 2719 2715 2715 2720 2720 2719 2719 2716 2716 2717 2717 2720 2720 2716 2716 2721 2721 2720 2720 2717 2717 2718 2718 2721 2721 2717 2717 2722 2722 2721 2721 2718 2718 2678 2678 2722 2722 2718 2718 2641 2641 2722 2722 2678 2678 2640 2640 2723 2723 2641 2641 2724 2724 2725 2725 2723 2723 2726 2726 2727 2727 2725 2725 2728 2728 2729 2729 2727 2727 2149 2149 2729 2729 2730 2730 2149 2149 2730 2730 2151 2151 2640 2640 2724 2724 2723 2723 2688 2688 2724 2724 2640 2640 2724 2724 2726 2726 2725 2725 2731 2731 2726 2726 2724 2724 2688 2688 2731 2731 2724 2724 2689 2689 2731 2731 2688 2688 2726 2726 2728 2728 2727 2727 2732 2732 2728 2728 2726 2726 2731 2731 2732 2732 2726 2726 2733 2733 2732 2732 2731 2731 2689 2689 2733 2733 2731 2731 2690 2690 2733 2733 2689 2689 2728 2728 2730 2730 2729 2729 2734 2734 2730 2730 2728 2728 2732 2732 2734 2734 2728 2728 2735 2735 2734 2734 2732 2732 2733 2733 2735 2735 2732 2732 2736 2736 2735 2735 2733 2733 2690 2690 2736 2736 2733 2733 2736 2736 2690 2690 619 619 2736 2736 619 619 617 617 2151 2151 2730 2730 2150 2150 2150 2150 2730 2730 2737 2737 2150 2150 2737 2737 2146 2146 2734 2734 2737 2737 2730 2730 2738 2738 2737 2737 2734 2734 2735 2735 2738 2738 2734 2734 2738 2738 2735 2735 612 612 2738 2738 612 612 609 609 2735 2735 2736 2736 613 613 2735 2735 613 613 612 612 616 616 613 613 2736 2736 617 617 616 616 2736 2736 2147 2147 2146 2146 2737 2737 2737 2737 2335 2335 2330 2330 2147 2147 2737 2737 2330 2330 2334 2334 2335 2335 2737 2737 2737 2737 2739 2739 2395 2395 2737 2737 2395 2395 2353 2353 2338 2338 2334 2334 2737 2737 2343 2343 2338 2338 2737 2737 2737 2737 2353 2353 2350 2350 2737 2737 2350 2350 2347 2347 2344 2344 2343 2343 2737 2737 2737 2737 2347 2347 2344 2344 2738 2738 2739 2739 2737 2737 2739 2739 2738 2738 608 608 2739 2739 608 608 606 606 609 609 608 608 2738 2738 571 571 570 570 2395 2395 571 571 2395 2395 2739 2739 568 568 571 571 2739 2739 2739 2739 606 606 569 569 2739 2739 569 569 568 568 587 587 2740 2740 586 586 590 590 2740 2740 587 587 2741 2741 2740 2740 590 590 2741 2741 590 590 591 591 594 594 2741 2741 591 591 2695 2695 2741 2741 594 594 2695 2695 594 594 595 595 579 579 2742 2742 572 572 580 580 2742 2742 579 579 2743 2743 2742 2742 580 580 2743 2743 580 580 583 583 2740 2740 2743 2743 583 583 2740 2740 583 583 586 586 2740 2740 2744 2744 2743 2743 2741 2741 2744 2744 2740 2740 2741 2741 2745 2745 2744 2744 2695 2695 2745 2745 2741 2741 2695 2695 2696 2696 2745 2745 2369 2369 573 573 572 572 572 572 2742 2742 2368 2368 572 572 2368 2368 2369 2369 2367 2367 2368 2368 2742 2742 2742 2742 2746 2746 2382 2382 2742 2742 2382 2382 2383 2383 2388 2388 2367 2367 2742 2742 2363 2363 2388 2388 2742 2742 2742 2742 2383 2383 2357 2357 2742 2742 2357 2357 2358 2358 2362 2362 2363 2363 2742 2742 2742 2742 2358 2358 2362 2362 2743 2743 2746 2746 2742 2742 2743 2743 2747 2747 2746 2746 2744 2744 2747 2747 2743 2743 2744 2744 2748 2748 2747 2747 2745 2745 2748 2748 2744 2744 2745 2745 2749 2749 2748 2748 2696 2696 2749 2749 2745 2745 2696 2696 2645 2645 2749 2749 2641 2641 2723 2723 2722 2722 2722 2722 2750 2750 2721 2721 2721 2721 2751 2751 2720 2720 2720 2720 2752 2752 2719 2719 2354 2354 2719 2719 2352 2352 2719 2719 2351 2351 2352 2352 2723 2723 2750 2750 2722 2722 2723 2723 2725 2725 2750 2750 2750 2750 2751 2751 2721 2721 2750 2750 2753 2753 2751 2751 2725 2725 2753 2753 2750 2750 2725 2725 2727 2727 2753 2753 2751 2751 2752 2752 2720 2720 2751 2751 2754 2754 2752 2752 2753 2753 2754 2754 2751 2751 2753 2753 2755 2755 2754 2754 2727 2727 2755 2755 2753 2753 2727 2727 2729 2729 2755 2755 2349 2349 2351 2351 2719 2719 2719 2719 2752 2752 2348 2348 2349 2349 2719 2719 2348 2348 2346 2346 2348 2348 2752 2752 2346 2346 2752 2752 2345 2345 2342 2342 2345 2345 2752 2752 2752 2752 2754 2754 2341 2341 2342 2342 2752 2752 2341 2341 2340 2340 2341 2341 2754 2754 2340 2340 2754 2754 2339 2339 2337 2337 2339 2339 2754 2754 2754 2754 2755 2755 2336 2336 2337 2337 2754 2754 2336 2336 2336 2336 2755 2755 2333 2333 2336 2336 2333 2333 2332 2332 2333 2333 2755 2755 2729 2729 2333 2333 2729 2729 2331 2331 2148 2148 2331 2331 2729 2729 2148 2148 2729 2729 2149 2149 2645 2645 2697 2697 2749 2749 2749 2749 2756 2756 2748 2748 2748 2748 2757 2757 2747 2747 2747 2747 2758 2758 2746 2746 2378 2378 2382 2382 2746 2746 2746 2746 2375 2375 2374 2374 2378 2378 2746 2746 2374 2374 2697 2697 2756 2756 2749 2749 2697 2697 2699 2699 2756 2756 2748 2748 2756 2756 2757 2757 2756 2756 2759 2759 2757 2757 2699 2699 2759 2759 2756 2756 2699 2699 2701 2701 2759 2759 2747 2747 2757 2757 2758 2758 2757 2757 2760 2760 2758 2758 2759 2759 2760 2760 2757 2757 2759 2759 2761 2761 2760 2760 2701 2701 2761 2761 2759 2759 2701 2701 2703 2703 2761 2761 2746 2746 2758 2758 2376 2376 2746 2746 2376 2376 2375 2375 2377 2377 2376 2376 2758 2758 2758 2758 2760 2760 2372 2372 2758 2758 2372 2372 2377 2377 2760 2760 2381 2381 2373 2373 2760 2760 2373 2373 2372 2372 2381 2381 2760 2760 2761 2761 2381 2381 2761 2761 2379 2379 2380 2380 2379 2379 2761 2761 2380 2380 2761 2761 2384 2384 2385 2385 2384 2384 2761 2761 2761 2761 2703 2703 2386 2386 2385 2385 2761 2761 2386 2386 2386 2386 2703 2703 2361 2361 2703 2703 2359 2359 2361 2361 2762 2762 2763 2763 2764 2764 2765 2765 2766 2766 2767 2767 2768 2768 42 42 39 39 2769 2769 2770 2770 46 46 2769 2769 46 46 43 43 2770 2770 2771 2771 2772 2772 2772 2772 2773 2773 2774 2774 2774 2774 2775 2775 2765 2765 38 38 2768 2768 39 39 2776 2776 2768 2768 38 38 2776 2776 38 38 35 35 2776 2776 35 35 34 34 2777 2777 2776 2776 34 34 2777 2777 34 34 32 32 42 42 2768 2768 2769 2769 42 42 2769 2769 43 43 2768 2768 2778 2778 2769 2769 2768 2768 2776 2776 2778 2778 2776 2776 2779 2779 2778 2778 2776 2776 2777 2777 2779 2779 2777 2777 2780 2780 2779 2779 2770 2770 2769 2769 2771 2771 2769 2769 2781 2781 2771 2771 2769 2769 2778 2778 2781 2781 2778 2778 2782 2782 2781 2781 2778 2778 2779 2779 2782 2782 2779 2779 2783 2783 2782 2782 2779 2779 2780 2780 2783 2783 2780 2780 2784 2784 2783 2783 2772 2772 2771 2771 2773 2773 2771 2771 2785 2785 2773 2773 2771 2771 2781 2781 2785 2785 2781 2781 2786 2786 2785 2785 2781 2781 2782 2782 2786 2786 2782 2782 2787 2787 2786 2786 2782 2782 2783 2783 2787 2787 2783 2783 2788 2788 2787 2787 2783 2783 2784 2784 2788 2788 2784 2784 2789 2789 2788 2788 2774 2774 2773 2773 2775 2775 2773 2773 2790 2790 2775 2775 2773 2773 2785 2785 2790 2790 2785 2785 2791 2791 2790 2790 2785 2785 2786 2786 2791 2791 2786 2786 2792 2792 2791 2791 2786 2786 2787 2787 2792 2792 2787 2787 2793 2793 2792 2792 2787 2787 2788 2788 2793 2793 2788 2788 2794 2794 2793 2793 2788 2788 2789 2789 2794 2794 2789 2789 2762 2762 2794 2794 2765 2765 2775 2775 2766 2766 2775 2775 2795 2795 2766 2766 2775 2775 2790 2790 2795 2795 2790 2790 2796 2796 2795 2795 2790 2790 2791 2791 2796 2796 2791 2791 2797 2797 2796 2796 2791 2791 2792 2792 2797 2797 2792 2792 2798 2798 2797 2797 2792 2792 2793 2793 2798 2798 2793 2793 2799 2799 2798 2798 2793 2793 2794 2794 2799 2799 2794 2794 2800 2800 2799 2799 2794 2794 2762 2762 2800 2800 2762 2762 2764 2764 2800 2800 2777 2777 32 32 31 31 2777 2777 2801 2801 2780 2780 2780 2780 2802 2802 2784 2784 2784 2784 2803 2803 2789 2789 2789 2789 2804 2804 2762 2762 2801 2801 2777 2777 31 31 2801 2801 31 31 28 28 28 28 27 27 2801 2801 2801 2801 2802 2802 2780 2780 2801 2801 2805 2805 2802 2802 7 7 6 6 2805 2805 2805 2805 2801 2801 27 27 2805 2805 27 27 7 7 6 6 11 11 2805 2805 2802 2802 2803 2803 2784 2784 2802 2802 2806 2806 2803 2803 2805 2805 2806 2806 2802 2802 2805 2805 2807 2807 2806 2806 2807 2807 2805 2805 11 11 2807 2807 11 11 14 14 14 14 15 15 2807 2807 2803 2803 2804 2804 2789 2789 2803 2803 2808 2808 2804 2804 2806 2806 2808 2808 2803 2803 2806 2806 2809 2809 2808 2808 2807 2807 2809 2809 2806 2806 2809 2809 2807 2807 18 18 2809 2809 18 18 19 19 15 15 18 18 2807 2807 2804 2804 2763 2763 2762 2762 2804 2804 2810 2810 2763 2763 2808 2808 2810 2810 2804 2804 2808 2808 2811 2811 2810 2810 2809 2809 2811 2811 2808 2808 2809 2809 2812 2812 2811 2811 2812 2812 2809 2809 19 19 2812 2812 19 19 22 22 22 22 23 23 2812 2812 46 46 2770 2770 47 47 50 50 2813 2813 51 51 2770 2770 2813 2813 50 50 2770 2770 50 50 47 47 2770 2770 2772 2772 2813 2813 51 51 2813 2813 54 54 2813 2813 2814 2814 53 53 2813 2813 53 53 54 54 2813 2813 2772 2772 2814 2814 2772 2772 2774 2774 2814 2814 52 52 2815 2815 49 49 2814 2814 2815 2815 52 52 2814 2814 52 52 53 53 2814 2814 2816 2816 2815 2815 2814 2814 2774 2774 2816 2816 2774 2774 2765 2765 2816 2816 49 49 2815 2815 48 48 2815 2815 2817 2817 45 45 2815 2815 45 45 48 48 2815 2815 2816 2816 2817 2817 2816 2816 2818 2818 2817 2817 2816 2816 2765 2765 2818 2818 2765 2765 2767 2767 2818 2818 2767 2767 2766 2766 2819 2819 2819 2819 2820 2820 2821 2821 2821 2821 2822 2822 2823 2823 2823 2823 2824 2824 2825 2825 2290 2290 2295 2295 2825 2825 2825 2825 2826 2826 2289 2289 2825 2825 2289 2289 2290 2290 2766 2766 2820 2820 2819 2819 2766 2766 2795 2795 2820 2820 2820 2820 2822 2822 2821 2821 2820 2820 2827 2827 2822 2822 2795 2795 2827 2827 2820 2820 2795 2795 2796 2796 2827 2827 2822 2822 2824 2824 2823 2823 2822 2822 2828 2828 2824 2824 2827 2827 2828 2828 2822 2822 2827 2827 2829 2829 2828 2828 2796 2796 2829 2829 2827 2827 2796 2796 2797 2797 2829 2829 2824 2824 2826 2826 2825 2825 2824 2824 2830 2830 2826 2826 2828 2828 2830 2830 2824 2824 2828 2828 2831 2831 2830 2830 2829 2829 2831 2831 2828 2828 2829 2829 2832 2832 2831 2831 2797 2797 2832 2832 2829 2829 2797 2797 2798 2798 2832 2832 2289 2289 2826 2826 2283 2283 2289 2289 2283 2283 2284 2284 2278 2278 2283 2283 2826 2826 2826 2826 2833 2833 2277 2277 2826 2826 2277 2277 2278 2278 2830 2830 2833 2833 2826 2826 2830 2830 2834 2834 2833 2833 2831 2831 2834 2834 2830 2830 2831 2831 2835 2835 2834 2834 2832 2832 2835 2835 2831 2831 2832 2832 2836 2836 2835 2835 2798 2798 2836 2836 2832 2832 2798 2798 2799 2799 2836 2836 2272 2272 2277 2277 2833 2833 2833 2833 2270 2270 2271 2271 2272 2272 2833 2833 2271 2271 2263 2263 2270 2270 2833 2833 2833 2833 2837 2837 2264 2264 2833 2833 2264 2264 2263 2263 2834 2834 2837 2837 2833 2833 2834 2834 2838 2838 2837 2837 2835 2835 2838 2838 2834 2834 2835 2835 2839 2839 2838 2838 2836 2836 2839 2839 2835 2835 2836 2836 2840 2840 2839 2839 2799 2799 2840 2840 2836 2836 2799 2799 2800 2800 2840 2840 2262 2262 2264 2264 2837 2837 2245 2245 2262 2262 2837 2837 2837 2837 2841 2841 2244 2244 2837 2837 2244 2244 2245 2245 2838 2838 2841 2841 2837 2837 2838 2838 2842 2842 2841 2841 2839 2839 2842 2842 2838 2838 2839 2839 2843 2843 2842 2842 2840 2840 2843 2843 2839 2839 2840 2840 2844 2844 2843 2843 2800 2800 2844 2844 2840 2840 2800 2800 2764 2764 2844 2844 2764 2764 2763 2763 2845 2845 2845 2845 2846 2846 2847 2847 2847 2847 2848 2848 2849 2849 2849 2849 2850 2850 2851 2851 2189 2189 2191 2191 2851 2851 2851 2851 2852 2852 2190 2190 2189 2189 2851 2851 2190 2190 2763 2763 2846 2846 2845 2845 2763 2763 2810 2810 2846 2846 2846 2846 2848 2848 2847 2847 2846 2846 2853 2853 2848 2848 2810 2810 2853 2853 2846 2846 2811 2811 2853 2853 2810 2810 2848 2848 2850 2850 2849 2849 2854 2854 2850 2850 2848 2848 2853 2853 2854 2854 2848 2848 2855 2855 2854 2854 2853 2853 2811 2811 2855 2855 2853 2853 2812 2812 2855 2855 2811 2811 2850 2850 2852 2852 2851 2851 2856 2856 2852 2852 2850 2850 2854 2854 2856 2856 2850 2850 2857 2857 2856 2856 2854 2854 2855 2855 2857 2857 2854 2854 2858 2858 2857 2857 2855 2855 2812 2812 2858 2858 2855 2855 2858 2858 2812 2812 23 23 2858 2858 23 23 21 21 2190 2190 2852 2852 2187 2187 2188 2188 2187 2187 2852 2852 2852 2852 2859 2859 2195 2195 2188 2188 2852 2852 2195 2195 2856 2856 2859 2859 2852 2852 2860 2860 2859 2859 2856 2856 2857 2857 2860 2860 2856 2856 2860 2860 2857 2857 16 16 2860 2860 16 16 13 13 2857 2857 2858 2858 17 17 2857 2857 17 17 16 16 20 20 17 17 2858 2858 21 21 20 20 2858 2858 2195 2195 2859 2859 2194 2194 2859 2859 2200 2200 2194 2194 2199 2199 2200 2200 2859 2859 2859 2859 2861 2861 2261 2261 2859 2859 2261 2261 2243 2243 2205 2205 2199 2199 2859 2859 2213 2213 2205 2205 2859 2859 2859 2859 2243 2243 2238 2238 2859 2859 2238 2238 2232 2232 2225 2225 2213 2213 2859 2859 2859 2859 2232 2232 2224 2224 2859 2859 2224 2224 2225 2225 2860 2860 2861 2861 2859 2859 2861 2861 2860 2860 12 12 2861 2861 12 12 10 10 13 13 12 12 2860 2860 57 57 56 56 2261 2261 57 57 2261 2261 2861 2861 55 55 57 57 2861 2861 2861 2861 10 10 9 9 2861 2861 9 9 55 55 37 37 2862 2862 36 36 40 40 2862 2862 37 37 2863 2863 2862 2862 40 40 2863 2863 40 40 41 41 44 44 2863 2863 41 41 2817 2817 2863 2863 44 44 2817 2817 44 44 45 45 29 29 2864 2864 24 24 30 30 2864 2864 29 29 2865 2865 2864 2864 30 30 2865 2865 30 30 33 33 2862 2862 2865 2865 33 33 2862 2862 33 33 36 36 2862 2862 2866 2866 2865 2865 2863 2863 2866 2866 2862 2862 2863 2863 2867 2867 2866 2866 2817 2817 2867 2867 2863 2863 2817 2817 2818 2818 2867 2867 24 24 2864 2864 2260 2260 24 24 2260 2260 25 25 2259 2259 2260 2260 2864 2864 2864 2864 2868 2868 2308 2308 2864 2864 2308 2308 2300 2300 2269 2269 2259 2259 2864 2864 2273 2273 2269 2269 2864 2864 2864 2864 2300 2300 2294 2294 2864 2864 2294 2294 2288 2288 2276 2276 2273 2273 2864 2864 2864 2864 2288 2288 2282 2282 2864 2864 2282 2282 2276 2276 2865 2865 2868 2868 2864 2864 2865 2865 2869 2869 2868 2868 2866 2866 2869 2869 2865 2865 2866 2866 2870 2870 2869 2869 2867 2867 2870 2870 2866 2866 2867 2867 2871 2871 2870 2870 2818 2818 2871 2871 2867 2867 2818 2818 2767 2767 2871 2871 2764 2764 2845 2845 2844 2844 2844 2844 2872 2872 2843 2843 2843 2843 2873 2873 2842 2842 2842 2842 2874 2874 2841 2841 2239 2239 2244 2244 2841 2841 2841 2841 2233 2233 2234 2234 2239 2239 2841 2841 2234 2234 2844 2844 2845 2845 2872 2872 2845 2845 2847 2847 2872 2872 2843 2843 2872 2872 2873 2873 2872 2872 2875 2875 2873 2873 2872 2872 2847 2847 2875 2875 2847 2847 2849 2849 2875 2875 2842 2842 2873 2873 2874 2874 2873 2873 2876 2876 2874 2874 2873 2873 2875 2875 2876 2876 2875 2875 2877 2877 2876 2876 2875 2875 2849 2849 2877 2877 2849 2849 2851 2851 2877 2877 2228 2228 2233 2233 2841 2841 2841 2841 2874 2874 2226 2226 2841 2841 2226 2226 2228 2228 2874 2874 2356 2356 2227 2227 2874 2874 2227 2227 2226 2226 2215 2215 2356 2356 2874 2874 2874 2874 2876 2876 2214 2214 2874 2874 2214 2214 2215 2215 2876 2876 2206 2206 2207 2207 2876 2876 2207 2207 2214 2214 2197 2197 2206 2206 2876 2876 2876 2876 2877 2877 2198 2198 2876 2876 2198 2198 2197 2197 2196 2196 2198 2198 2877 2877 2192 2192 2196 2196 2877 2877 2877 2877 2851 2851 2193 2193 2877 2877 2193 2193 2192 2192 2193 2193 2851 2851 2191 2191 2767 2767 2819 2819 2871 2871 2871 2871 2878 2878 2870 2870 2870 2870 2879 2879 2869 2869 2869 2869 2880 2880 2868 2868 2308 2308 2868 2868 2307 2307 2868 2868 2317 2317 2307 2307 2871 2871 2819 2819 2878 2878 2819 2819 2821 2821 2878 2878 2870 2870 2878 2878 2879 2879 2878 2878 2881 2881 2879 2879 2878 2878 2821 2821 2881 2881 2821 2821 2823 2823 2881 2881 2869 2869 2879 2879 2880 2880 2879 2879 2882 2882 2880 2880 2879 2879 2881 2881 2882 2882 2881 2881 2883 2883 2882 2882 2881 2881 2823 2823 2883 2883 2823 2823 2825 2825 2883 2883 2316 2316 2317 2317 2868 2868 2868 2868 2880 2880 2327 2327 2868 2868 2327 2327 2316 2316 2326 2326 2327 2327 2880 2880 2319 2319 2326 2326 2880 2880 2880 2880 2882 2882 2320 2320 2880 2880 2320 2320 2319 2319 2318 2318 2320 2320 2882 2882 2310 2310 2318 2318 2882 2882 2882 2882 2883 2883 2309 2309 2882 2882 2309 2309 2310 2310 2883 2883 2303 2303 2302 2302 2883 2883 2302 2302 2309 2309 2883 2883 2825 2825 2301 2301 2883 2883 2301 2301 2303 2303 2301 2301 2825 2825 2295 2295 2301 2301 2295 2295 2296 2296 2884 2884 2885 2885 2886 2886 2884 2884 2886 2886 2887 2887 2888 2888 2887 2887 2889 2889 2888 2888 2884 2884 2887 2887 2890 2890 2889 2889 2891 2891 2890 2890 2888 2888 2889 2889 2892 2892 2891 2891 2893 2893 2892 2892 2890 2890 2891 2891 2894 2894 2892 2892 2893 2893 2895 2895 2893 2893 2896 2896 2895 2895 2894 2894 2893 2893 2897 2897 2896 2896 2898 2898 2897 2897 2895 2895 2896 2896 2899 2899 2898 2898 2900 2900 2899 2899 2897 2897 2898 2898 2901 2901 2900 2900 2902 2902 2901 2901 2899 2899 2900 2900 2903 2903 2902 2902 2904 2904 2903 2903 2901 2901 2902 2902 2905 2905 2904 2904 2906 2906 2905 2905 2903 2903 2904 2904 2907 2907 2905 2905 2906 2906 2908 2908 2906 2906 2909 2909 2908 2908 2907 2907 2906 2906 2910 2910 2909 2909 2911 2911 2910 2910 2908 2908 2909 2909 2912 2912 2910 2910 2911 2911 2913 2913 2912 2912 2911 2911 2914 2914 2911 2911 2915 2915 2914 2914 2913 2913 2911 2911 2916 2916 2914 2914 2915 2915 2916 2916 2915 2915 2917 2917 2918 2918 2916 2916 2917 2917 2886 2886 2885 2885 2919 2919 2920 2920 2919 2919 2921 2921 2920 2920 2886 2886 2919 2919 2922 2922 2921 2921 2923 2923 2922 2922 2920 2920 2921 2921 2924 2924 2922 2922 2923 2923 2925 2925 2926 2926 2927 2927 2928 2928 2929 2929 2926 2926 2930 2930 2926 2926 2925 2925 2931 2931 2928 2928 2926 2926 2927 2927 2932 2932 2933 2933 2933 2933 2932 2932 2934 2934 2935 2935 2932 2932 2936 2936 2936 2936 2932 2932 2929 2929 2926 2926 2932 2932 2927 2927 2929 2929 2932 2932 2926 2926 2934 2934 2937 2937 2938 2938 2938 2938 2937 2937 2939 2939 2940 2940 2937 2937 2941 2941 2941 2941 2937 2937 2935 2935 2932 2932 2937 2937 2934 2934 2935 2935 2937 2937 2932 2932 2937 2937 2942 2942 2939 2939 2939 2939 2942 2942 2943 2943 2940 2940 2942 2942 2937 2937 2944 2944 2942 2942 2945 2945 2945 2945 2942 2942 2940 2940 2943 2943 2946 2946 2947 2947 2947 2947 2946 2946 2948 2948 2942 2942 2946 2946 2943 2943 2949 2949 2946 2946 2944 2944 2944 2944 2946 2946 2942 2942 2948 2948 2950 2950 2951 2951 2951 2951 2950 2950 2952 2952 2949 2949 2950 2950 2946 2946 2953 2953 2950 2950 2954 2954 2954 2954 2950 2950 2949 2949 2946 2946 2950 2950 2948 2948 2953 2953 2955 2955 2950 2950 2952 2952 2955 2955 2956 2956 2956 2956 2955 2955 2957 2957 2950 2950 2955 2955 2952 2952 2958 2958 2955 2955 2959 2959 2959 2959 2955 2955 2953 2953 2958 2958 2960 2960 2955 2955 2957 2957 2960 2960 2961 2961 2961 2961 2960 2960 2962 2962 2963 2963 2960 2960 2964 2964 2964 2964 2960 2960 2958 2958 2955 2955 2960 2960 2957 2957 2962 2962 2965 2965 2966 2966 2966 2966 2965 2965 2967 2967 2968 2968 2965 2965 2969 2969 2969 2969 2965 2965 2963 2963 2960 2960 2965 2965 2962 2962 2963 2963 2965 2965 2960 2960 2967 2967 2970 2970 2971 2971 2971 2971 2970 2970 2972 2972 2973 2973 2970 2970 2974 2974 2968 2968 2974 2974 2970 2970 2968 2968 2970 2970 2965 2965 2965 2965 2970 2970 2967 2967 2970 2970 2975 2975 2972 2972 2972 2972 2975 2975 2976 2976 2977 2977 2975 2975 2973 2973 2973 2973 2975 2975 2970 2970 2975 2975 2978 2978 2976 2976 2976 2976 2978 2978 2979 2979 2979 2979 2978 2978 2980 2980 2981 2981 2978 2978 2982 2982 2982 2982 2978 2978 2977 2977 2977 2977 2978 2978 2975 2975 2978 2978 2983 2983 2980 2980 2980 2980 2983 2983 2984 2984 2981 2981 2983 2983 2978 2978 2984 2984 2983 2983 2985 2985 2986 2986 2983 2983 2987 2987 2987 2987 2983 2983 2981 2981 2985 2985 2988 2988 2989 2989 2989 2989 2988 2988 2930 2930 2931 2931 2988 2988 2990 2990 2990 2990 2988 2988 2986 2986 2986 2986 2988 2988 2983 2983 2930 2930 2988 2988 2926 2926 2926 2926 2988 2988 2931 2931 2983 2983 2988 2988 2985 2985 2991 2991 2992 2992 2993 2993 2994 2994 2995 2995 2992 2992 2996 2996 2992 2992 2991 2991 2997 2997 2994 2994 2992 2992 2993 2993 2998 2998 2999 2999 2999 2999 2998 2998 3000 3000 3001 3001 2998 2998 3002 3002 3002 3002 2998 2998 2995 2995 2992 2992 2998 2998 2993 2993 2995 2995 2998 2998 2992 2992 3000 3000 3003 3003 3004 3004 3004 3004 3003 3003 3005 3005 3006 3006 3003 3003 3007 3007 3007 3007 3003 3003 3001 3001 2998 2998 3003 3003 3000 3000 3001 3001 3003 3003 2998 2998 3003 3003 3008 3008 3005 3005 3005 3005 3008 3008 3009 3009 3006 3006 3008 3008 3003 3003 3010 3010 3008 3008 3011 3011 3011 3011 3008 3008 3006 3006 3009 3009 3012 3012 3013 3013 3013 3013 3012 3012 3014 3014 3008 3008 3012 3012 3009 3009 3015 3015 3012 3012 3010 3010 3010 3010 3012 3012 3008 3008 3014 3014 3016 3016 3017 3017 3017 3017 3016 3016 3018 3018 3015 3015 3016 3016 3012 3012 3019 3019 3016 3016 3020 3020 3020 3020 3016 3016 3015 3015 3012 3012 3016 3016 3014 3014 3019 3019 3021 3021 3016 3016 3018 3018 3021 3021 3022 3022 3022 3022 3021 3021 3023 3023 3024 3024 3021 3021 3025 3025 3025 3025 3021 3021 3019 3019 3016 3016 3021 3021 3018 3018 3024 3024 3026 3026 3021 3021 3023 3023 3026 3026 3027 3027 3027 3027 3026 3026 3028 3028 3029 3029 3026 3026 3030 3030 3030 3030 3026 3026 3024 3024 3021 3021 3026 3026 3023 3023 3028 3028 3031 3031 3032 3032 3032 3032 3031 3031 3033 3033 3034 3034 3031 3031 3035 3035 3035 3035 3031 3031 3029 3029 3026 3026 3031 3031 3028 3028 3029 3029 3031 3031 3026 3026 3033 3033 3036 3036 3037 3037 3037 3037 3036 3036 3038 3038 3039 3039 3036 3036 3040 3040 3034 3034 3040 3040 3036 3036 3034 3034 3036 3036 3031 3031 3031 3031 3036 3036 3033 3033 3036 3036 3041 3041 3038 3038 3038 3038 3041 3041 3042 3042 3043 3043 3041 3041 3044 3044 3044 3044 3041 3041 3039 3039 3039 3039 3041 3041 3036 3036 3041 3041 3045 3045 3042 3042 3042 3042 3045 3045 3046 3046 3046 3046 3045 3045 3047 3047 3048 3048 3045 3045 3043 3043 3043 3043 3045 3045 3041 3041 3045 3045 3049 3049 3047 3047 3048 3048 3049 3049 3045 3045 3047 3047 3049 3049 3050 3050 3050 3050 3049 3049 3051 3051 3052 3052 3049 3049 3053 3053 3053 3053 3049 3049 3048 3048 2996 2996 3054 3054 2992 2992 3051 3051 3054 3054 3055 3055 3055 3055 3054 3054 2996 2996 3049 3049 3054 3054 3051 3051 2997 2997 3054 3054 3056 3056 3056 3056 3054 3054 3052 3052 3052 3052 3054 3054 3049 3049 2992 2992 3054 3054 2997 2997 3057 3057 3058 3058 3059 3059 3060 2284 3061 3060 3062 2284 3061 3060 3063 3061 3064 3062 3065 3063 3066 3064 3067 3065 3068 3066 3069 3067 3070 3068 3071 3069 3072 3070 3061 3060 3069 3067 3073 3071 3074 3072 3075 3073 3076 3074 3077 3075 3067 3065 3070 3068 3074 3072 3074 3072 3078 3076 3067 3065 3074 3072 3079 3077 3080 3078 3078 3076 3065 3063 3067 3065 3074 3072 3080 3078 3081 3079 3082 3080 3083 3081 3075 3073 3078 3076 3074 3072 3081 3079 3081 3079 3077 3075 3078 3076 3081 3079 3082 3080 3077 3075 3082 3080 3075 3073 3077 3075 3084 3082 3085 3083 3086 3084 3076 3074 3087 3085 3077 3075 3076 3074 3088 3086 3087 3085 3083 3081 3089 3087 3075 3073 3070 3068 3069 3067 3074 3072 3075 3073 3086 3084 3076 3074 3084 3082 3086 3084 3075 3073 3086 3084 3090 3088 3076 3074 3086 3084 3091 3089 3090 3088 3092 3090 3093 3091 3094 3092 3095 3093 3096 3094 3097 3095 3098 3096 3099 3097 3096 3094 3097 3095 3099 3097 3100 3098 3099 3097 3097 3095 3096 3094 3101 3099 3097 3095 3100 3098 3102 3100 3103 3101 3099 3097 3100 3098 3104 3102 3105 3103 3103 3101 3104 3102 3099 3097 3106 3104 3100 3098 3107 3105 3104 3102 3100 3098 3099 3097 3107 3105 3100 3098 3105 3103 3105 3103 3104 3102 3108 3106 3105 3103 3108 3106 3093 3091 3109 3107 3110 3108 3108 3106 3093 3091 3110 3108 3094 3092 3111 3109 3110 3108 3109 3107 3110 3108 3093 3091 3108 3106 3112 3110 3113 3111 3094 3092 3114 3112 3092 3090 3094 3092 3115 3113 3112 3110 3110 3108 3067 3065 3116 3114 3070 3068 3117 3115 3112 3110 3115 3113 3112 3110 3094 3092 3110 3108 3118 3116 3113 3111 3112 3110 2925 2925 2927 2927 3119 3117 3119 3117 2927 2927 3120 3118 3120 3118 2933 2933 3121 3119 2927 2927 2933 2933 3120 3118 3121 3119 2934 2934 3122 3120 2933 2933 2934 2934 3121 3119 3122 3120 2938 2938 3123 3121 2934 2934 2938 2938 3122 3120 3123 3121 2939 2939 3124 3122 2938 2938 2939 2939 3123 3121 3124 3122 2943 2943 3125 3123 2939 2939 2943 2943 3124 3122 3125 3123 2947 2947 3126 3124 2943 2943 2947 2947 3125 3123 3126 3124 2948 2948 3127 3125 2947 2947 2948 2948 3126 3124 3127 3125 2951 2951 3128 3126 2948 2948 2951 2951 3127 3125 3128 3126 2952 2952 3129 3127 2951 2951 2952 2952 3128 3126 3129 3127 2956 2956 3130 3128 2952 2952 2956 2956 3129 3127 2956 2956 2957 2957 3130 3128 3130 3128 2957 2957 3131 3129 2957 2957 2961 2961 3131 3129 3131 3129 2961 2961 3132 3130 3132 3130 2962 2962 3133 3131 2961 2961 2962 2962 3132 3130 3133 3131 2966 2966 3134 3132 2962 2962 2966 2966 3133 3131 3134 3132 2967 2967 3135 3133 2966 2966 2967 2967 3134 3132 3135 3133 2971 2971 3136 3134 2967 2967 2971 2971 3135 3133 3136 3134 2972 2972 3137 3135 2971 2971 2972 2972 3136 3134 3137 3135 2976 2976 3138 3136 2972 2972 2976 2976 3137 3135 3138 3136 2979 2979 3139 3137 2976 2976 2979 2979 3138 3136 3139 3137 2980 2980 3140 3138 2979 2979 2980 2980 3139 3137 3140 3138 2984 2984 3141 3139 2980 2980 2984 2984 3140 3138 3141 3139 2985 2985 3142 3140 2984 2984 2985 2985 3141 3139 3142 3140 2989 2989 3143 3141 2985 2985 2989 2989 3142 3140 3143 3141 2930 2930 3144 3142 2989 2989 2930 2930 3143 3141 3144 3142 2925 2925 3119 3117 2930 2930 2925 2925 3144 3142 3145 3143 2991 2991 3146 3144 3146 3144 2993 2993 3147 3145 2991 2991 2993 2993 3146 3144 3147 3145 2999 2999 3148 3146 2993 2993 2999 2999 3147 3145 3148 3146 3000 3000 3149 3147 2999 2999 3000 3000 3148 3146 3149 3147 3004 3004 3150 3148 3000 3000 3004 3004 3149 3147 3150 3148 3005 3005 3151 3149 3004 3004 3005 3005 3150 3148 3151 3149 3009 3009 3152 3150 3005 3005 3009 3009 3151 3149 3152 3150 3013 3013 3153 3151 3009 3009 3013 3013 3152 3150 3153 3151 3014 3014 3154 3152 3013 3013 3014 3014 3153 3151 3154 3152 3017 3017 3155 3153 3014 3014 3017 3017 3154 3152 3155 3153 3018 3018 3156 3154 3017 3017 3018 3018 3155 3153 3018 3018 3022 3022 3156 3154 3156 3154 3022 3022 3157 3155 3022 3022 3023 3023 3157 3155 3157 3155 3023 3023 3158 3156 3158 3156 3027 3027 3159 3157 3023 3023 3027 3027 3158 3156 3159 3157 3028 3028 3160 3158 3027 3027 3028 3028 3159 3157 3160 3158 3032 3032 3161 3159 3028 3028 3032 3032 3160 3158 3161 3159 3033 3033 3162 3160 3032 3032 3033 3033 3161 3159 3033 3033 3037 3037 3162 3160 3162 3160 3038 3038 3163 3161 3163 3161 3038 3038 3164 3162 3037 3037 3038 3038 3162 3160 3164 3162 3042 3042 3165 3163 3038 3038 3042 3042 3164 3162 3042 3042 3046 3046 3165 3163 3165 3163 3047 3047 3166 3164 3046 3046 3047 3047 3165 3163 3166 3164 3050 3050 3167 3165 3047 3047 3050 3050 3166 3164 3167 3165 3051 3051 3168 3166 3050 3050 3051 3051 3167 3165 3168 3166 3055 3055 3169 3167 3051 3051 3055 3055 3168 3166 3169 3167 2996 2996 3170 3168 3055 3055 2996 2996 3169 3167 3170 3168 2991 2991 3145 3143 2996 2996 2991 2991 3170 3168 3171 3169 3172 3170 3173 3171 3174 3172 3175 3173 3172 3170 3176 3174 3172 3170 3171 3169 3177 3175 3178 3176 3172 3170 3178 3176 3179 3177 3172 3170 3179 3177 3174 3172 3172 3170 3180 3178 3181 3179 3182 3180 3182 3180 3181 3179 3183 3181 3183 3181 3181 3179 3175 3173 3173 3171 3181 3179 3184 3182 3184 3182 3181 3179 3185 3183 3172 3170 3181 3179 3173 3171 3175 3173 3181 3179 3172 3170 3186 3184 3187 3185 3188 3186 3180 3178 3187 3185 3181 3179 3188 3186 3187 3185 3180 3178 3185 3183 3187 3185 3189 3187 3189 3187 3187 3185 3190 3188 3181 3179 3187 3185 3185 3183 3191 3189 3192 3190 3193 3191 3193 3191 3192 3190 3186 3184 3190 3188 3192 3190 3194 3192 3186 3184 3192 3190 3187 3185 3187 3185 3192 3190 3190 3188 3195 3193 3196 3194 3197 3195 3197 3195 3196 3194 3191 3189 3191 3189 3196 3194 3192 3190 3194 3192 3196 3194 3198 3196 3198 3196 3196 3194 3199 3197 3192 3190 3196 3194 3194 3192 3200 3198 3201 3199 3195 3193 3199 3197 3201 3199 3202 3200 3202 3200 3201 3199 3203 3201 3195 3193 3201 3199 3196 3194 3204 3202 3201 3199 3205 3203 3205 3203 3201 3199 3206 3204 3206 3204 3201 3199 3207 3205 3207 3205 3201 3199 3200 3198 3196 3194 3201 3199 3199 3197 3203 3201 3208 3206 3209 3207 3209 3207 3208 3206 3210 3208 3204 3202 3208 3206 3201 3199 3211 3209 3208 3206 3204 3202 3201 3199 3208 3206 3203 3201 3208 3206 3212 3210 3210 3208 3210 3208 3212 3210 3213 3211 3213 3211 3212 3210 3214 3212 3215 3213 3212 3210 3216 3214 3216 3214 3212 3210 3211 3209 3211 3209 3212 3210 3208 3206 3214 3212 3217 3215 3218 3216 3218 3216 3217 3215 3219 3217 3220 3218 3217 3215 3221 3219 3221 3219 3217 3215 3215 3213 3212 3210 3217 3215 3214 3212 3215 3213 3217 3215 3212 3210 3219 3217 3222 3220 3223 3221 3223 3221 3222 3220 3224 3222 3225 3223 3222 3220 3226 3224 3226 3224 3222 3220 3220 3218 3217 3215 3222 3220 3219 3217 3220 3218 3222 3220 3217 3215 3225 3223 3227 3225 3222 3220 3224 3222 3227 3225 3228 3226 3229 3227 3227 3225 3230 3228 3230 3228 3227 3225 3225 3223 3222 3220 3227 3225 3224 3222 3227 3225 3231 3229 3228 3226 3229 3227 3231 3229 3227 3225 3228 3226 3231 3229 3232 3230 3232 3230 3231 3229 3233 3231 3234 3232 3231 3229 3235 3233 3235 3233 3231 3229 3229 3227 3233 3231 3236 3234 3237 3235 3237 3235 3236 3234 3238 3236 3231 3229 3236 3234 3233 3231 3239 3237 3236 3234 3240 3238 3240 3238 3236 3234 3234 3232 3234 3232 3236 3234 3231 3229 3239 3237 3241 3239 3236 3234 3176 3174 3241 3239 3172 3170 3236 3234 3241 3239 3238 3236 3238 3236 3241 3239 3242 3240 3242 3240 3241 3239 3176 3174 3177 3175 3241 3239 3243 3241 3243 3241 3241 3239 3239 3237 3172 3170 3241 3239 3177 3175 3244 3242 3171 3169 3245 3243 3245 3243 3173 3171 3246 3244 3171 3169 3173 3171 3245 3243 3246 3244 3184 3182 3247 3245 3173 3171 3184 3182 3246 3244 3247 3245 3185 3183 3248 3246 3184 3182 3185 3183 3247 3245 3248 3246 3189 3187 3249 3247 3185 3183 3189 3187 3248 3246 3249 3247 3190 3188 3250 3248 3189 3187 3190 3188 3249 3247 3250 3248 3194 3192 3251 3249 3190 3188 3194 3192 3250 3248 3251 3249 3198 3196 3252 3250 3194 3192 3198 3196 3251 3249 3252 3250 3199 3197 3253 3251 3198 3196 3199 3197 3252 3250 3253 3251 3202 3200 3254 3252 3199 3197 3202 3200 3253 3251 3254 3252 3203 3201 3255 3253 3202 3200 3203 3201 3254 3252 3203 3201 3209 3207 3255 3253 3255 3253 3209 3207 3256 3254 3209 3207 3210 3208 3256 3254 3256 3254 3210 3208 3257 3255 3257 3255 3213 3211 3258 3256 3210 3208 3213 3211 3257 3255 3258 3256 3214 3212 3259 3257 3213 3211 3214 3212 3258 3256 3259 3257 3218 3216 3260 3258 3214 3212 3218 3216 3259 3257 3260 3258 3219 3217 3261 3259 3218 3216 3219 3217 3260 3258 3219 3217 3223 3221 3261 3259 3261 3259 3224 3222 3262 3260 3262 3260 3224 3222 3263 3261 3223 3221 3224 3222 3261 3259 3263 3261 3228 3226 3264 3262 3224 3222 3228 3226 3263 3261 3228 3226 3232 3230 3264 3262 3264 3262 3233 3231 3265 3263 3232 3230 3233 3231 3264 3262 3265 3263 3237 3235 3266 3264 3233 3231 3237 3235 3265 3263 3266 3264 3238 3236 3267 3265 3237 3235 3238 3236 3266 3264 3267 3265 3242 3240 3268 3266 3238 3236 3242 3240 3267 3265 3268 3266 3176 3174 3269 3267 3242 3240 3176 3174 3268 3266 3269 3267 3171 3169 3244 3242 3176 3174 3171 3169 3269 3267 3270 3268 3271 3269 3272 3270 3273 3271 3274 3272 3271 3269 3274 3272 3275 3273 3271 3269 3275 3273 3276 3274 3271 3269 3276 3274 3277 3275 3271 3269 3278 3276 3271 3269 3270 3268 3279 3277 3273 3271 3271 3269 3280 3278 3281 3279 3282 3280 3282 3280 3281 3279 3277 3275 3272 3270 3281 3279 3283 3281 3283 3281 3281 3279 3284 3282 3271 3269 3281 3279 3272 3270 3277 3275 3281 3279 3271 3269 3285 3283 3286 3284 3287 3285 3287 3285 3286 3284 3280 3278 3284 3282 3286 3284 3288 3286 3288 3286 3286 3284 3289 3287 3281 3279 3286 3284 3284 3282 3280 3278 3286 3284 3281 3279 3286 3284 3290 3288 3289 3287 3291 3289 3290 3288 3292 3290 3292 3290 3290 3288 3285 3283 3285 3283 3290 3288 3286 3284 3289 3287 3290 3288 3293 3291 3294 3292 3295 3293 3296 3294 3296 3294 3295 3293 3291 3289 3293 3291 3295 3293 3297 3295 3297 3295 3295 3293 3298 3296 3290 3288 3295 3293 3293 3291 3291 3289 3295 3293 3290 3288 3295 3293 3299 3297 3298 3296 3300 3298 3299 3297 3301 3299 3301 3299 3299 3297 3294 3292 3298 3296 3299 3297 3302 3300 3302 3300 3299 3297 3303 3301 3294 3292 3299 3297 3295 3293 3304 3302 3305 3303 3306 3304 3306 3304 3305 3303 3300 3298 3300 3298 3305 3303 3299 3297 3303 3301 3305 3303 3307 3305 3307 3305 3305 3303 3308 3306 3299 3297 3305 3303 3303 3301 3309 3307 3310 3308 3311 3309 3311 3309 3310 3308 3304 3302 3308 3306 3310 3308 3312 3310 3312 3310 3310 3308 3313 3311 3304 3302 3310 3308 3305 3303 3305 3303 3310 3308 3308 3306 3314 3312 3315 3313 3316 3314 3316 3314 3315 3313 3309 3307 3313 3311 3315 3313 3317 3315 3317 3315 3315 3313 3318 3316 3310 3308 3315 3313 3313 3311 3309 3307 3315 3313 3310 3308 3319 3317 3320 3318 3321 3319 3320 3318 3314 3312 3321 3319 3318 3316 3320 3318 3322 3320 3322 3320 3320 3318 3323 3321 3314 3312 3320 3318 3315 3313 3315 3313 3320 3318 3318 3316 3324 3322 3325 3323 3326 3324 3326 3324 3325 3323 3319 3317 3320 3318 3325 3323 3323 3321 3323 3321 3325 3323 3327 3325 3327 3325 3325 3323 3328 3326 3319 3317 3325 3323 3320 3318 3329 3327 3330 3328 3331 3329 3331 3329 3330 3328 3324 3322 3324 3322 3330 3328 3325 3323 3328 3326 3330 3328 3332 3330 3325 3323 3330 3328 3328 3326 3333 3331 3334 3332 3329 3327 3329 3327 3334 3332 3330 3328 3332 3330 3334 3332 3335 3333 3335 3333 3334 3332 3336 3334 3337 3335 3334 3332 3333 3331 3330 3328 3334 3332 3332 3330 3334 3332 3338 3336 3336 3334 3337 3335 3338 3336 3334 3332 3336 3334 3338 3336 3339 3337 3339 3337 3338 3336 3278 3276 3279 3277 3338 3336 3340 3338 3340 3338 3338 3336 3341 3339 3341 3339 3338 3336 3342 3340 3342 3340 3338 3336 3337 3335 3278 3276 3338 3336 3271 3269 3271 3269 3338 3336 3279 3277 3270 3268 3272 3270 3343 3341 3343 3341 3272 3270 3344 3342 3344 3342 3283 3281 3345 3343 3272 3270 3283 3281 3344 3342 3345 3343 3284 3282 3346 3344 3283 3281 3284 3282 3345 3343 3346 3344 3288 3286 3347 3345 3284 3282 3288 3286 3346 3344 3347 3345 3289 3287 3348 3346 3288 3286 3289 3287 3347 3345 3348 3346 3293 3291 3349 3347 3289 3287 3293 3291 3348 3346 3349 3347 3297 3295 3350 3348 3293 3291 3297 3295 3349 3347 3350 3348 3298 3296 3351 3349 3297 3295 3298 3296 3350 3348 3351 3349 3302 3300 3352 3350 3298 3296 3302 3300 3351 3349 3352 3350 3303 3301 3353 3351 3302 3300 3303 3301 3352 3350 3353 3351 3307 3305 3354 3352 3303 3301 3307 3305 3353 3351 3307 3305 3308 3306 3354 3352 3354 3352 3308 3306 3355 3353 3308 3306 3312 3310 3355 3353 3355 3353 3312 3310 3356 3354 3356 3354 3313 3311 3357 3355 3312 3310 3313 3311 3356 3354 3357 3355 3317 3315 3358 3356 3313 3311 3317 3315 3357 3355 3358 3356 3318 3316 3359 3357 3317 3315 3318 3316 3358 3356 3359 3357 3322 3320 3360 3358 3318 3316 3322 3320 3359 3357 3360 3358 3323 3321 3361 3359 3322 3320 3323 3321 3360 3358 3361 3359 3327 3325 3362 3360 3323 3321 3327 3325 3361 3359 3362 3360 3328 3326 3363 3361 3327 3325 3328 3326 3362 3360 3363 3361 3332 3330 3364 3362 3328 3326 3332 3330 3363 3361 3364 3362 3335 3333 3365 3363 3332 3330 3335 3333 3364 3362 3365 3363 3336 3334 3366 3364 3335 3333 3336 3334 3365 3363 3366 3364 3339 3337 3367 3365 3336 3334 3339 3337 3366 3364 3367 3365 3278 3276 3368 3366 3339 3337 3278 3276 3367 3365 3368 3366 3270 3268 3343 3341 3278 3276 3270 3268 3368 3366 3369 3367 3370 3368 3371 3369 3369 3367 3371 3369 3372 3370 3373 3371 3374 3372 3375 3373 3373 3371 3372 3370 3374 3372 3373 3371 3369 3367 3372 3370 3376 3374 3375 3373 3377 3375 3376 3374 3373 3371 3375 3373 3378 3376 3377 3375 3379 3377 3378 3376 3376 3374 3377 3375 3380 3378 3379 3377 3381 3379 3380 3378 3378 3376 3379 3377 3382 3380 3381 3379 3383 3381 3382 3380 3380 3378 3381 3379 3384 3382 3383 3381 3385 3383 3384 3382 3382 3380 3383 3381 3386 3384 3385 3383 3387 3385 3386 3384 3384 3382 3385 3383 3388 3386 3387 3385 3389 3387 3388 3386 3386 3384 3387 3385 3390 3388 3389 3387 3391 3389 3390 3388 3388 3386 3389 3387 3392 3390 3391 3389 3393 3391 3392 3390 3390 3388 3391 3389 3394 3392 3392 3390 3393 3391 3394 3392 3393 3391 3395 3393 3396 3394 3394 3392 3395 3393 3396 3394 3395 3393 3397 3395 3398 3396 3396 3394 3397 3395 3398 3396 3397 3395 3399 3397 3400 3398 3398 3396 3399 3397 3400 3398 3399 3397 3401 3399 3402 3400 3401 3399 3403 3401 3402 3400 3400 3398 3401 3399 3404 3402 3402 3400 3403 3401 3404 3402 3403 3401 3405 3403 3406 3404 3404 3402 3405 3403 3407 3405 3408 3406 3409 3407 3407 3405 3405 3403 3408 3406 3407 3405 3406 3404 3405 3403 3410 3408 3409 3407 3411 3409 3410 3408 3407 3405 3409 3407 3412 3410 3411 3409 3413 3411 3412 3410 3410 3408 3411 3409 3414 3412 3413 3411 3415 3413 3414 3412 3412 3410 3413 3411 3416 3414 3415 3413 3417 3415 3416 3414 3414 3412 3415 3413 3418 3416 3416 3414 3417 3415 3419 3417 3420 3418 3371 3369 3419 3417 3417 3415 3420 3418 3419 3417 3418 3416 3417 3415 3370 3368 3419 3417 3371 3369 3418 3416 3419 3417 3370 3368 3388 3386 3384 3382 3386 3384 3416 3414 3370 3368 3369 3367 3416 3414 3369 3367 3373 3371 3416 3414 3418 3416 3370 3368 3414 3412 3373 3371 3376 3374 3414 3412 3376 3374 3378 3376 3414 3412 3416 3414 3373 3371 3412 3410 3414 3412 3378 3376 3394 3392 3390 3388 3392 3390 3410 3408 3378 3376 3380 3378 3410 3408 3412 3410 3378 3376 3407 3405 3380 3378 3382 3380 3407 3405 3382 3380 3384 3382 3407 3405 3410 3408 3380 3378 3404 3402 3406 3404 3407 3405 3404 3402 3407 3405 3384 3382 3404 3402 3384 3382 3388 3386 3402 3400 3396 3394 3398 3396 3402 3400 3398 3396 3400 3398 3402 3400 3388 3386 3390 3388 3402 3400 3394 3392 3396 3394 3402 3400 3404 3402 3388 3386 3402 3400 3390 3388 3394 3392 3421 3419 3422 3420 3423 3421 3421 3419 3423 3421 3424 3422 3425 3423 3424 3422 3426 3424 3425 3423 3421 3419 3424 3422 3427 3425 3426 3424 3428 3426 3427 3425 3425 3423 3426 3424 3429 3427 3428 3426 3430 3428 3429 3427 3427 3425 3428 3426 3431 3429 3430 3428 3432 3430 3431 3429 3429 3427 3430 3428 3433 3431 3432 3430 3434 3432 3433 3431 3431 3429 3432 3430 3435 3433 3434 3432 3436 3434 3435 3433 3433 3431 3434 3432 3437 3435 3436 3434 3438 3436 3437 3435 3435 3433 3436 3434 3439 3437 3438 3436 3440 3438 3439 3437 3437 3435 3438 3436 3441 3439 3440 3438 3442 3440 3441 3439 3439 3437 3440 3438 3443 3441 3441 3439 3442 3440 3443 3441 3444 3442 3445 3443 3443 3441 3442 3440 3444 3442 3446 3444 3443 3441 3445 3443 3447 3445 3446 3444 3445 3443 3447 3445 3445 3443 3448 3446 3449 3447 3447 3445 3448 3446 3449 3447 3448 3446 3450 3448 3451 3449 3449 3447 3450 3448 3451 3449 3450 3448 3452 3450 3453 3451 3452 3450 3454 3452 3453 3451 3451 3449 3452 3450 3455 3453 3454 3452 3456 3454 3455 3453 3453 3451 3454 3452 3457 3455 3455 3453 3456 3454 3457 3455 3456 3454 3458 3456 3459 3457 3458 3456 3460 3458 3459 3457 3457 3455 3458 3456 3461 3459 3460 3458 3462 3460 3461 3459 3459 3457 3460 3458 3463 3461 3462 3460 3464 3462 3463 3461 3461 3459 3462 3460 3465 3463 3464 3462 3466 3464 3465 3463 3463 3461 3464 3462 3467 3465 3466 3464 3468 3466 3467 3465 3465 3463 3466 3464 3469 3467 3470 3468 3471 3469 3469 3467 3468 3466 3470 3468 3469 3467 3467 3465 3468 3466 3472 3470 3471 3469 3423 3421 3472 3470 3469 3467 3471 3469 3422 3420 3472 3470 3423 3421 3431 3429 3427 3425 3429 3427 3469 3467 3472 3470 3422 3420 3469 3467 3422 3420 3421 3419 3441 3439 3435 3433 3437 3435 3441 3439 3437 3435 3439 3437 3465 3463 3467 3465 3469 3467 3465 3463 3421 3419 3425 3423 3465 3463 3425 3423 3427 3425 3465 3463 3469 3467 3421 3419 3461 3459 3463 3461 3465 3463 3461 3459 3427 3425 3431 3429 3461 3459 3465 3463 3427 3425 3447 3445 3441 3439 3443 3441 3447 3445 3443 3441 3446 3444 3457 3455 3459 3457 3461 3459 3457 3455 3431 3429 3433 3431 3457 3455 3461 3459 3431 3429 3451 3449 3447 3445 3449 3447 3451 3449 3441 3439 3447 3445 3455 3453 3433 3431 3435 3433 3455 3453 3457 3455 3433 3431 3453 3451 3435 3433 3441 3439 3453 3451 3455 3453 3435 3433 3453 3451 3441 3439 3451 3449 2923 2923 3473 3471 3474 3472 2923 2923 3474 3472 2924 2924 3475 3473 3476 3474 3477 3475 3478 3476 3477 3475 3479 3477 3478 3476 3475 3473 3477 3475 3480 3478 3479 3477 3474 3472 3480 3478 3478 3476 3479 3477 3473 3471 3480 3478 3474 3472 3481 3479 3482 3480 3483 3481 3481 3479 3483 3481 3484 3482 3485 3483 3484 3482 3486 3484 3485 3483 3481 3479 3484 3482 3487 3485 3485 3483 3486 3484 3488 3486 3487 3485 3486 3484 3489 3487 3486 3484 3490 3488 3489 3487 3488 3486 3486 3484 3491 3489 3490 3488 3492 3490 3491 3489 3489 3487 3490 3488 3493 3491 3491 3489 3492 3490 3494 3492 3492 3490 3495 3493 3494 3492 3493 3491 3492 3490 3496 3494 3495 3493 3497 3495 3496 3494 3494 3492 3495 3493 3498 3496 3497 3495 3499 3497 3498 3496 3496 3494 3497 3495 3500 3498 3499 3497 3501 3499 3500 3498 3498 3496 3499 3497 3502 3500 3501 3499 3503 3501 3502 3500 3500 3498 3501 3499 3504 3502 3503 3501 3505 3503 3504 3502 3502 3500 3503 3501 3506 3504 3504 3502 3505 3503 3507 3505 3505 3503 3508 3506 3507 3505 3506 3504 3505 3503 3509 3507 3508 3506 3510 3508 3509 3507 3507 3505 3508 3506 3511 3509 3510 3508 3512 3510 3511 3509 3509 3507 3510 3508 3513 3511 3511 3509 3512 3510 3513 3511 3512 3510 3476 3474 3475 3473 3513 3511 3476 3474 3483 3481 3482 3480 3514 3512 3515 3513 3514 3512 3516 3514 3515 3513 3483 3481 3514 3512 3517 3515 3516 3514 3518 3516 3517 3515 3515 3513 3516 3514 3519 3517 3517 3515 3518 3516 3518 3516 3520 3518 3521 3519 3518 3516 3521 3519 3519 3517 2918 2918 2917 2917 3522 3520 3523 3521 3522 3520 3524 3522 3523 3521 2918 2918 3522 3520 3525 3523 3524 3522 3521 3519 3525 3523 3523 3521 3524 3522 3520 3518 3525 3523 3521 3519 3517 3515 3483 3481 3515 3513 3519 3517 3483 3481 3517 3515 3088 3086 3495 3493 3492 3490 3088 3086 3076 3074 3495 3493 3090 3088 3495 3493 3076 3074 3087 3085 3088 3086 3492 3490 3091 3089 3497 3495 3495 3493 3091 3089 3495 3493 3090 3088 3247 3245 3486 3484 3484 3482 3077 3075 3492 3490 3490 3488 3077 3075 3087 3085 3492 3490 3248 3246 3486 3484 3247 3245 3246 3244 3247 3245 3484 3482 3086 3084 3497 3495 3091 3089 3249 3247 3490 3488 3486 3484 3249 3247 3486 3484 3248 3246 3245 3243 3484 3482 3483 3481 3245 3243 3483 3481 3519 3517 3245 3243 3246 3244 3484 3482 3085 3083 3499 3497 3497 3495 3085 3083 3497 3495 3086 3084 3250 3248 3077 3075 3490 3488 3250 3248 3078 3076 3077 3075 3250 3248 3490 3488 3249 3247 3244 3242 3245 3243 3519 3517 3084 3082 3499 3497 3085 3083 3251 3249 3078 3076 3250 3248 3251 3249 3065 3063 3078 3076 3269 3267 3244 3242 3519 3517 3075 3073 3499 3497 3084 3082 3252 3250 3066 3064 3065 3063 3252 3250 3065 3063 3251 3249 3089 3087 3499 3497 3075 3073 3089 3087 3501 3499 3499 3497 3268 3266 3269 3267 3519 3517 3253 3251 3066 3064 3252 3250 3253 3251 3116 3114 3067 3065 3253 3251 3067 3065 3066 3064 3267 3265 3268 3266 3519 3517 3254 3252 3116 3114 3253 3251 3428 3426 3079 3077 3074 3072 3428 3426 3074 3072 3073 3071 3430 3428 3428 3426 3073 3071 3430 3428 3073 3071 3069 3067 3426 3424 3079 3077 3428 3426 3426 3424 3080 3078 3079 3077 3432 3430 3430 3428 3069 3067 3432 3430 3069 3067 3068 3066 3424 3422 3080 3078 3426 3424 3424 3422 3081 3079 3080 3078 3434 3432 3432 3430 3068 3066 3434 3432 3068 3066 3070 3068 3434 3432 3070 3068 3116 3114 3423 3421 3083 3081 3082 3080 3423 3421 3082 3080 3081 3079 3423 3421 3081 3079 3424 3422 3436 3434 3116 3114 3254 3252 3436 3434 3434 3432 3116 3114 3436 3434 3254 3252 3255 3253 3471 3469 3501 3499 3089 3087 3471 3469 3083 3081 3423 3421 3471 3469 3089 3087 3083 3081 3438 3436 3436 3434 3255 3253 3438 3436 3255 3253 3256 3254 3470 3468 3503 3501 3501 3499 3470 3468 3501 3499 3471 3469 3440 3438 3438 3436 3256 3254 3440 3438 3256 3254 3257 3255 3468 3466 3503 3501 3470 3468 3442 3440 3257 3255 3258 3256 3442 3440 3440 3438 3257 3255 3466 3464 3503 3501 3468 3466 3505 3503 3503 3501 3466 3464 3444 3442 3258 3256 3259 3257 3444 3442 3442 3440 3258 3256 3445 3443 3444 3442 3259 3257 3445 3443 3259 3257 3260 3258 3448 3446 3445 3443 3260 3258 3521 3519 3267 3265 3519 3517 3522 3520 3521 3519 3524 3522 2917 2917 3521 3519 3522 3520 3168 3166 3462 3460 3460 3458 3353 3351 3266 3264 3267 3265 3167 3165 3460 3458 3458 3456 3167 3165 3168 3166 3460 3458 3352 3350 3353 3351 3267 3265 3352 3350 3267 3265 3521 3519 3169 3167 3462 3460 3168 3166 3169 3167 3464 3462 3462 3460 3354 3352 3266 3264 3353 3351 3354 3352 3265 3263 3266 3264 3166 3164 3458 3456 3456 3454 3166 3164 3167 3165 3458 3456 3351 3349 3352 3350 3521 3519 3170 3168 3464 3462 3169 3167 3170 3168 3466 3464 3464 3462 3170 3168 3505 3503 3466 3464 3355 3353 3264 3262 3265 3263 3355 3353 3265 3263 3354 3352 3165 3163 3456 3454 3454 3452 3165 3163 3166 3164 3456 3454 3350 3348 3351 3349 3521 3519 3145 3143 3508 3506 3505 3503 3145 3143 3505 3503 3170 3168 3356 3354 3264 3262 3355 3353 3356 3354 3263 3261 3264 3262 3164 3162 3454 3452 3452 3450 3164 3162 3165 3163 3454 3452 3349 3347 3350 3348 3521 3519 3146 3144 3508 3506 3145 3143 3357 3355 3263 3261 3356 3354 3357 3355 3262 3260 3263 3261 3163 3161 3452 3450 3450 3448 3163 3161 3164 3162 3452 3450 3348 3346 2917 2917 2915 2915 3348 3346 3521 3519 2917 2917 3348 3346 3349 3347 3521 3519 3147 3145 3510 3508 3508 3506 3147 3145 3508 3506 3146 3144 3358 3356 3261 3259 3262 3260 3358 3356 3262 3260 3357 3355 3162 3160 3450 3448 3448 3446 3162 3160 3163 3161 3450 3448 3347 3345 3348 3346 2915 2915 3148 3146 3510 3508 3147 3145 3359 3357 3260 3258 3261 3259 3359 3357 3261 3259 3358 3356 3161 3159 3448 3446 3260 3258 3161 3159 3162 3160 3448 3446 3526 3524 3527 3525 3161 3159 3359 3357 3528 3526 3529 3527 3359 3357 3529 3527 3530 3528 3531 3529 3526 3524 3161 3159 3532 3530 3531 3529 3161 3159 3359 3357 3530 3528 3533 3531 3359 3357 3533 3531 3534 3532 3535 3533 3532 3530 3161 3159 3536 3534 3535 3533 3161 3159 3359 3357 3534 3532 3537 3535 3359 3357 3537 3535 3538 3536 3539 3537 3536 3534 3161 3159 3540 3538 3539 3537 3161 3159 3359 3357 3538 3536 3541 3539 3359 3357 3541 3539 3542 3540 3543 3541 3540 3538 3161 3159 3544 3542 3543 3541 3161 3159 3359 3357 3542 3540 3545 3543 3359 3357 3545 3543 3546 3544 3547 3545 3544 3542 3161 3159 3548 3546 3547 3545 3161 3159 3359 3357 3546 3544 3549 3547 3359 3357 3549 3547 3550 3548 3551 3549 3548 3546 3161 3159 3552 3550 3551 3549 3161 3159 3359 3357 3550 3548 3553 3551 3359 3357 3553 3551 3554 3552 3555 3553 3552 3550 3161 3159 3556 3554 3555 3553 3161 3159 3359 3357 3554 3552 3557 3555 3359 3357 3557 3555 3558 3556 3559 3557 3556 3554 3161 3159 3560 3558 3559 3557 3161 3159 3260 3258 3359 3357 3558 3556 3260 3258 3558 3556 3561 3559 3560 3558 3161 3159 3260 3258 3562 3560 3560 3558 3260 3258 3260 3258 3561 3559 3563 3561 3260 3258 3563 3561 3564 3562 3565 3563 3562 3560 3260 3258 3566 3564 3565 3563 3260 3258 3260 3258 3564 3562 3567 3565 3260 3258 3567 3565 3568 3566 3569 3567 3566 3564 3260 3258 3570 3568 3569 3567 3260 3258 3260 3258 3568 3566 3571 3569 3260 3258 3571 3569 3572 3570 3573 3571 3570 3568 3260 3258 3574 3572 3573 3571 3260 3258 3260 3258 3572 3570 3575 3573 3260 3258 3575 3573 3576 3574 3577 3575 3574 3572 3260 3258 3578 3576 3577 3575 3260 3258 3260 3258 3576 3574 3579 3577 3260 3258 3579 3577 3580 3578 3581 3579 3578 3576 3260 3258 3582 3580 3581 3579 3260 3258 3260 3258 3580 3578 3583 3581 3260 3258 3583 3581 3584 3582 3585 3583 3582 3580 3260 3258 3586 3584 3585 3583 3260 3258 3260 3258 3584 3582 3587 3585 3260 3258 3587 3585 3588 3586 3589 3587 3586 3584 3260 3258 3590 3588 3589 3587 3260 3258 3260 3258 3588 3586 3591 3589 3260 3258 3591 3589 3590 3588 3149 3147 3510 3508 3148 3146 2911 2911 3345 3343 3346 3344 2911 2911 3346 3344 3347 3345 2911 2911 3347 3345 2915 2915 3512 3510 3510 3508 3149 3147 3512 3510 3149 3147 3150 3148 2909 2909 3345 3343 2911 2911 2909 2909 3344 3342 3345 3343 3476 3474 3512 3510 3150 3148 3375 3373 3362 3360 3363 3361 3377 3375 3375 3373 3363 3361 3377 3375 3363 3361 3364 3362 3374 3372 3362 3360 3375 3373 3374 3372 3361 3359 3362 3360 3474 3472 3477 3475 3476 3474 3474 3472 3479 3477 3477 3475 3474 3472 3150 3148 3151 3149 3474 3472 3151 3149 3152 3150 3474 3472 3152 3150 3153 3151 3474 3472 3153 3151 3154 3152 3474 3472 3476 3474 3150 3148 3379 3377 3377 3375 3364 3362 3379 3377 3364 3362 3365 3363 3372 3370 3361 3359 3374 3372 3372 3370 3360 3358 3361 3359 3381 3379 3379 3377 3365 3363 3381 3379 3365 3363 3366 3364 3371 3369 3359 3357 3360 3358 3371 3369 3360 3358 3372 3370 3063 3061 3366 3364 3367 3365 3592 3590 3367 3365 3368 3366 3592 3590 3063 3061 3367 3365 3072 3070 3383 3381 3381 3379 3072 3070 3381 3379 3366 3364 3072 3070 3366 3364 3063 3061 3593 3591 3368 3366 3343 3341 3593 3591 3592 3590 3368 3366 3071 3069 3383 3381 3072 3070 3594 3592 3593 3591 3343 3341 3061 3060 3385 3383 3383 3381 3061 3060 3383 3381 3071 3069 3595 3593 3344 3342 2909 2909 3595 3593 3343 3341 3344 3342 3595 3593 3594 3592 3343 3341 2906 2906 3595 3593 2909 2909 3060 2284 3385 3383 3061 3060 3387 3385 3385 3383 3060 2284 3596 3594 3595 3593 2906 2906 3062 2284 3387 3385 3060 2284 3597 3595 3596 3594 2906 2906 3389 3387 3387 3385 3062 2284 3064 3062 3389 3387 3062 2284 3598 3596 3389 3387 3064 3062 3391 3389 3389 3387 3598 3596 3599 3597 3391 3389 3598 3596 3135 3133 3359 3357 3371 3369 3600 3598 3528 3526 3359 3357 3161 3159 3527 3525 3601 3599 3161 3159 3601 3599 3602 3600 3603 3601 3600 3598 3359 3357 3604 3602 3603 3601 3359 3357 3161 3159 3602 3600 3605 3603 3161 3159 3605 3603 3606 3604 3607 3605 3604 3602 3359 3357 3608 3606 3607 3605 3359 3357 3161 3159 3606 3604 3609 3607 3161 3159 3609 3607 3610 3608 3611 3609 3608 3606 3359 3357 3612 3610 3611 3609 3359 3357 3161 3159 3610 3608 3613 3611 3161 3159 3613 3611 3614 3612 3615 3613 3612 3610 3359 3357 3616 3614 3615 3613 3359 3357 3161 3159 3614 3612 3617 3615 3161 3159 3617 3615 3618 3616 3619 3617 3616 3614 3359 3357 3620 3618 3619 3617 3359 3357 3161 3159 3618 3616 3621 3619 3161 3159 3621 3619 3622 3620 3623 3621 3620 3618 3359 3357 3624 3622 3623 3621 3359 3357 3161 3159 3622 3620 3625 3623 3161 3159 3625 3623 3626 3624 3627 3625 3624 3622 3359 3357 3628 3626 3627 3625 3359 3357 3161 3159 3626 3624 3629 3627 3161 3159 3629 3627 3630 3628 3631 3629 3628 3626 3359 3357 3632 3630 3631 3629 3359 3357 3135 3133 3161 3159 3630 3628 3135 3133 3630 3628 3633 3631 3632 3630 3359 3357 3135 3133 3634 3632 3632 3630 3135 3133 3135 3133 3633 3631 3635 3633 3135 3133 3635 3633 3636 3634 3637 3635 3634 3632 3135 3133 3638 3636 3637 3635 3135 3133 3135 3133 3636 3634 3639 3637 3135 3133 3639 3637 3640 3638 3641 3639 3638 3636 3135 3133 3642 3640 3641 3639 3135 3133 3135 3133 3640 3638 3643 3641 3135 3133 3643 3641 3644 3642 3645 3643 3642 3640 3135 3133 3646 3644 3645 3643 3135 3133 3135 3133 3644 3642 3647 3645 3135 3133 3647 3645 3648 3646 3649 3647 3646 3644 3135 3133 3650 3648 3649 3647 3135 3133 3135 3133 3648 3646 3651 3649 3135 3133 3651 3649 3652 3650 3653 3651 3650 3648 3135 3133 3654 3652 3653 3651 3135 3133 3135 3133 3652 3650 3655 3653 3135 3133 3655 3653 3656 3654 3657 3655 3654 3652 3135 3133 3658 3656 3657 3655 3135 3133 3135 3133 3656 3654 3659 3657 3135 3133 3659 3657 3660 3658 3661 3659 3658 3656 3135 3133 3662 3660 3661 3659 3135 3133 3135 3133 3660 3658 3663 3661 3135 3133 3663 3661 3662 3660 3135 3133 3371 3369 3420 3418 3136 3134 3160 3158 3161 3159 3136 3134 3161 3159 3135 3133 3393 3391 3391 3389 3599 3597 3134 3132 3135 3133 3420 3418 3134 3132 3420 3418 3417 3415 3664 3662 3393 3391 3599 3597 3137 3135 3160 3158 3136 3134 3137 3135 3159 3157 3160 3158 3133 3131 3134 3132 3417 3415 3133 3131 3417 3415 3415 3413 3138 3136 3159 3157 3137 3135 3138 3136 3158 3156 3159 3157 3395 3393 3664 3662 3665 3663 3395 3393 3393 3391 3664 3662 3666 3664 3395 3393 3665 3663 3132 3130 3415 3413 3413 3411 3132 3130 3133 3131 3415 3413 3397 3395 3666 3664 3667 3665 3397 3395 3395 3393 3666 3664 3139 3137 3157 3155 3158 3156 3139 3137 3158 3156 3138 3136 3131 3129 3413 3411 3411 3409 3131 3129 3132 3130 3413 3411 2904 2904 3597 3595 2906 2906 2904 2904 3668 3666 3669 3667 2904 2904 3669 3667 3670 3668 2904 2904 3670 3668 3597 3595 3140 3138 3157 3155 3139 3137 3140 3138 3156 3154 3157 3155 3130 3128 3411 3409 3409 3407 3130 3128 3131 3129 3411 3409 3141 3139 3156 3154 3140 3138 3141 3139 3155 3153 3156 3154 3129 3127 3409 3407 3408 3406 3129 3127 3130 3128 3409 3407 3142 3140 3154 3152 3155 3153 3142 3140 3474 3472 3154 3152 3142 3140 3155 3153 3141 3139 3128 3126 3129 3127 3408 3406 3128 3126 3408 3406 3405 3403 3127 3125 3405 3403 3403 3401 3127 3125 3128 3126 3405 3403 3126 3124 3127 3125 3403 3401 2902 2902 3668 3666 2904 2904 2902 2902 3671 3669 3672 3670 2902 2902 3672 3670 3668 3666 2900 2900 3671 3669 2902 2902 2900 2900 3667 3665 3673 3671 2900 2900 3673 3671 3674 3672 2900 2900 3674 3672 3671 3669 2898 2898 3399 3397 3397 3395 2898 2898 3397 3395 3667 3665 2898 2898 3667 3665 2900 2900 2896 2896 3403 3401 3401 3399 2896 2896 3401 3399 3399 3397 2896 2896 3399 3397 2898 2898 2893 2893 3403 3401 2896 2896 2893 2893 3126 3124 3403 3401 2893 2893 3125 3123 3126 3124 2924 2924 3142 3140 3143 3141 2924 2924 3143 3141 3144 3142 2924 2924 3144 3142 3119 3117 2924 2924 3119 3117 3120 3118 2924 2924 3474 3472 3142 3140 2920 2920 2922 2922 2924 2924 2886 2886 2924 2924 3120 3118 2886 2886 2920 2920 2924 2924 2891 2891 3124 3122 3125 3123 2891 2891 3125 3123 2893 2893 2887 2887 3120 3118 3121 3119 2887 2887 3121 3119 3122 3120 2887 2887 2886 2886 3120 3118 2889 2889 2887 2887 3122 3120 2889 2889 3122 3120 3123 3121 2889 2889 3123 3121 3124 3122 2889 2889 3124 3122 2891 2891 3011 3011 3006 3006 3473 3471 3675 3673 3676 3674 2903 2903 2895 2895 2897 2897 2949 2949 2905 2905 3677 3675 2903 2903 3676 3674 2901 2901 2903 2903 2907 2907 3678 3676 2905 2905 3676 3674 3679 3677 2901 2901 3680 3678 2899 2899 2901 2901 3019 3019 2986 2986 2987 2987 2953 2953 2954 2954 3681 3679 2897 2897 3682 3680 2954 2954 3279 3277 3683 3681 3684 3682 3110 3108 3111 3109 3494 3492 3274 3272 3273 3271 2907 2907 2910 2910 2912 2912 3282 3280 2949 2949 2944 2944 2895 2895 3115 3113 3494 3492 3496 3494 2897 2897 2899 2899 3682 3680 3685 3683 3677 3675 2905 2905 2899 2899 3686 3684 3682 3680 3687 3685 2954 2954 3682 3680 3688 3686 3689 3687 3314 3312 3314 3312 3690 3688 3691 3689 3688 3686 3314 3312 3691 3689 3692 3690 3693 3691 3034 3034 3034 3034 3694 3692 3695 3693 3692 3690 3034 3034 3695 3693 3696 3694 3697 3695 2968 2968 2968 2968 3698 3696 3699 3697 2968 2968 3699 3697 3700 3698 3701 3699 3696 3694 2968 2968 2968 2968 3700 3698 3701 3699 3679 3677 3680 3678 2901 2901 2908 2908 2910 2910 3282 3280 3024 3024 2981 2981 2982 2982 3684 3682 2907 2907 3273 3271 2890 2890 2940 2940 2941 2941 2913 2913 2914 2914 3287 3285 3273 3271 3279 3277 3684 3682 3111 3109 3493 3491 3494 3492 3306 3304 3300 3298 3234 3232 3341 3339 3702 3700 3703 3701 2907 2907 2908 2908 3277 3275 3704 3702 2959 2959 3705 3703 2890 2890 2892 2892 2940 2940 3706 3704 3337 3335 3333 3331 2949 2949 2897 2897 2954 2954 2959 2959 2953 2953 3707 3705 3707 3705 2953 2953 3681 3679 3703 3701 3708 3706 3340 3338 3525 3523 3520 3518 3523 3521 3340 3338 3341 3339 3703 3701 3705 3703 2959 2959 3707 3705 3684 3682 3678 3676 2907 2907 3709 3707 3706 3704 3333 3331 3279 3277 3708 3706 3683 3681 2914 2914 2916 2916 3285 3283 3275 3273 2907 2907 3276 3274 2945 2945 2894 2894 2895 2895 3341 3339 3342 3340 3710 3708 3475 3473 3478 3476 3480 3478 2888 2888 2890 2890 2941 2941 3276 3274 2907 2907 3277 3275 2944 2944 2945 2945 2895 2895 3058 3058 3057 3057 3331 3329 2888 2888 2941 2941 2935 2935 3277 3275 2908 2908 3282 3280 3096 3094 3095 3093 3204 3202 3706 3704 3710 3708 3337 3335 3200 3198 3195 3193 3103 3101 2892 2892 2894 2894 2945 2945 3282 3280 2912 2912 3280 3278 3518 3516 3178 3176 3177 3175 3059 3059 3709 3707 3329 3327 3180 3178 3182 3180 3485 3483 2995 2995 3509 3507 3002 3002 3197 3195 3191 3189 3109 3107 2935 2935 2936 2936 2884 2884 3280 3278 2913 2913 3287 3285 3235 3233 3229 3227 3311 3309 3708 3706 3279 3277 3340 3338 2918 2918 3520 3518 3292 3290 2936 2936 2929 2929 2884 2884 3331 3329 3057 3057 3329 3327 3287 3285 2914 2914 3285 3283 2919 2919 2885 2885 2921 2921 2958 2958 3704 3702 3331 3329 3687 3685 3681 3679 2954 2954 2921 2921 2885 2885 2923 2923 3057 3057 3059 3059 3329 3327 3098 3096 3096 3094 3205 3203 3491 3489 3193 3191 3186 3184 2923 2923 2885 2885 2929 2929 2958 2958 3331 3329 3324 3322 3292 3290 3520 3518 3291 3289 2958 2958 3324 3322 2964 2964 2923 2923 2929 2929 2928 2928 2964 2964 3324 3322 3326 3324 3291 3289 3520 3518 3296 3294 2964 2964 3326 3324 2963 2963 2923 2923 2928 2928 2931 2931 3296 3294 3520 3518 3294 3292 2963 2963 3326 3324 3319 3317 3711 3709 3712 3710 2969 2969 2963 2963 3319 3317 3713 3711 2963 2963 3713 3711 3714 3712 3711 3709 2969 2969 2963 2963 3715 3713 3711 3709 2963 2963 2963 2963 3714 3712 3716 3714 2963 2963 3716 3714 3717 3715 3718 3716 3715 3713 2963 2963 2963 2963 3717 3715 3719 3717 2963 2963 3719 3717 3718 3716 2923 2923 2931 2931 2990 2990 3294 3292 3520 3518 3301 3299 3720 3718 3721 3719 2969 2969 2969 2969 3712 3710 3722 3720 3723 3721 3720 3718 2969 2969 2969 2969 3722 3720 3723 3721 3724 3722 3713 3711 3319 3317 3319 3317 3321 3319 3725 3723 3319 3317 3725 3723 3726 3724 3727 3725 3724 3722 3319 3317 3728 3726 3727 3725 3319 3317 3319 3317 3726 3724 3729 3727 3319 3317 3729 3727 3730 3728 3731 3729 3728 3726 3319 3317 3319 3317 3730 3728 3732 3730 3319 3317 3732 3730 3731 3729 3321 3319 3733 3731 3734 3732 3321 3319 3734 3732 3725 3723 3735 3733 3736 3734 2968 2968 2968 2968 2969 2969 3721 3719 2968 2968 3721 3719 3737 3735 3738 3736 3735 3733 2968 2968 3739 3737 3738 3736 2968 2968 2968 2968 3737 3735 3740 3738 2968 2968 3740 3738 3739 3737 2986 2986 3020 3020 2990 2990 3518 3516 3174 3172 3179 3177 3741 3739 3698 3696 2968 2968 3741 3739 2968 2968 3736 3734 3742 3740 3733 3731 3321 3319 3321 3319 3314 3312 3689 3687 3321 3319 3689 3687 3743 3741 3744 3742 3742 3740 3321 3319 3321 3319 3743 3741 3745 3743 3321 3319 3745 3743 3744 3742 3746 3744 3747 3745 3226 3224 3226 3224 3748 3746 3749 3747 3226 3224 3749 3747 3750 3748 3751 3749 3746 3744 3226 3224 3226 3224 3750 3748 3751 3749 3752 3750 3034 3034 3753 3751 3034 3034 3693 3691 3753 3751 3754 3752 3690 3688 3314 3312 3314 3312 3755 3753 3756 3754 3754 3752 3314 3312 3756 3754 3025 3025 3019 3019 2987 2987 3757 3755 3758 3756 3225 3223 3225 3223 3759 3757 3760 3758 3757 3755 3225 3223 3760 3758 3761 3759 3762 3760 3314 3312 3316 3314 3763 3761 3764 3762 3316 3314 3764 3762 3765 3763 3761 3759 3314 3312 3316 3314 3766 3764 3761 3759 3316 3314 3316 3314 3765 3763 3767 3765 3316 3314 3767 3765 3768 3766 3769 3767 3766 3764 3316 3314 3316 3314 3768 3766 3769 3767 2918 2918 3292 3290 2916 2916 3309 3307 3230 3228 3316 3314 3488 3486 3489 3487 3186 3184 3229 3227 3230 3228 3311 3309 2977 2977 2973 2973 3029 3029 3518 3516 3175 3173 3174 3172 3518 3516 3243 3241 3239 3237 3306 3304 3235 3233 3304 3302 3304 3302 3235 3233 3311 3309 3518 3516 3516 3514 3514 3512 3030 3030 3024 3024 2982 2982 3113 3111 3118 3116 3498 3496 2912 2912 2913 2913 3280 3278 3770 3768 3771 3769 3035 3035 3035 3035 3772 3770 3773 3771 3035 3035 3773 3771 3774 3772 3775 3773 3770 3768 3035 3035 3035 3035 3774 3772 3776 3774 3035 3035 3776 3774 3775 3773 3777 3775 3778 3776 2973 2973 2973 2973 2974 2974 3779 3777 2973 2973 3779 3777 3780 3778 3781 3779 3777 3775 2973 2973 3782 3780 3781 3779 2973 2973 2973 2973 3780 3778 3783 3781 2973 2973 3783 3781 3784 3782 3785 3783 3782 3780 2973 2973 3786 3784 3785 3783 2973 2973 2973 2973 3784 3782 3787 3785 3788 3786 3786 3784 2973 2973 2973 2973 3787 3785 3788 3786 3487 3485 3188 3186 3180 3178 3030 3030 2977 2977 3029 3029 3789 3787 3763 3761 3316 3314 3230 3228 3225 3223 3758 3756 3230 3228 3758 3756 3790 3788 3791 3789 3789 3787 3316 3314 3792 3790 3791 3789 3316 3314 3230 3228 3790 3788 3793 3791 3230 3228 3793 3791 3794 3792 3792 3790 3316 3314 3230 3228 3795 3793 3792 3790 3230 3228 3230 3228 3794 3792 3796 3794 3230 3228 3796 3794 3797 3795 3798 3796 3795 3793 3230 3228 3230 3228 3797 3795 3799 3797 3230 3228 3799 3797 3798 3796 3800 3798 3801 3799 2974 2974 2974 2974 2968 2968 3697 3695 2974 2974 3697 3695 3802 3800 3803 3801 3800 3798 2974 2974 2974 2974 3802 3800 3804 3802 2974 2974 3804 3802 3803 3801 3805 3803 3694 3692 3034 3034 3805 3803 3034 3034 3806 3804 3235 3233 3306 3304 3234 3232 3807 3805 3772 3770 3035 3035 3029 3029 2973 2973 3778 3776 3808 3806 3807 3805 3035 3035 3029 3029 3778 3776 3808 3806 3035 3035 3029 3029 3808 3806 3183 3181 3482 3480 3481 3479 3677 3675 3809 3807 2903 2903 3234 3232 3300 3298 3240 3238 3810 3808 3806 3804 3034 3034 3034 3034 3035 3035 3771 3769 3034 3034 3771 3769 3811 3809 3812 3810 3810 3808 3034 3034 3813 3811 3812 3810 3034 3034 3034 3034 3811 3809 3814 3812 3034 3034 3814 3812 3813 3811 3815 3813 3779 3777 2974 2974 3815 3813 2974 2974 3801 3799 3518 3516 3179 3177 3178 3176 3816 3814 3748 3746 3226 3224 3226 3224 3220 3218 3817 3815 3226 3224 3817 3815 3818 3816 3819 3817 3816 3814 3226 3224 3226 3224 3818 3816 3820 3818 3226 3224 3820 3818 3819 3817 3821 3819 3822 3820 3034 3034 3821 3819 3034 3034 3752 3750 3240 3238 3301 3299 3239 3237 3817 3815 3220 3218 3823 3821 3220 3218 3824 3822 3823 3821 3825 3823 3826 3824 3040 3040 3040 3040 3034 3034 3822 3820 3040 3040 3822 3820 3827 3825 3828 3826 3825 3823 3040 3040 3040 3040 3827 3825 3829 3827 3040 3040 3829 3827 3828 3826 3230 3228 3309 3307 3311 3309 3830 3828 3824 3822 3220 3218 3221 3219 3831 3829 3832 3830 3221 3219 3832 3830 3833 3831 3830 3828 3220 3218 3221 3219 3834 3832 3830 3828 3221 3219 3221 3219 3833 3831 3835 3833 3836 3834 3834 3832 3221 3219 3221 3219 3835 3833 3836 3834 3837 3835 3838 3836 3040 3040 3040 3040 3826 3824 3839 3837 3837 3835 3040 3040 3839 3837 3520 3518 3518 3516 3239 3237 3840 3838 3831 3829 3221 3219 3039 3039 3040 3040 3838 3836 3039 3039 3838 3836 3841 3839 3842 3840 3840 3838 3221 3219 3843 3841 3842 3840 3221 3219 3039 3039 3841 3839 3844 3842 3039 3039 3844 3842 3845 3843 3846 3844 3843 3841 3221 3219 3847 3845 3846 3844 3221 3219 3039 3039 3845 3843 3848 3846 3039 3039 3848 3846 3849 3847 3847 3845 3221 3219 3039 3039 3850 3848 3847 3845 3039 3039 3039 3039 3849 3847 3851 3849 3852 3850 3850 3848 3039 3039 3039 3039 3851 3849 3852 3850 3015 3015 3473 3471 3020 3020 2892 2892 2945 2945 2940 2940 3039 3039 3221 3219 3215 3213 3039 3039 3215 3213 3044 3044 3010 3010 3473 3471 3015 3015 3052 3052 3053 3053 3107 3105 3518 3516 3177 3175 3243 3241 3502 3500 2997 2997 3056 3056 3044 3044 3215 3213 3216 3214 3044 3044 3216 3214 3043 3043 3011 3011 3473 3471 3010 3010 3710 3708 3342 3340 3337 3335 3020 3020 2923 2923 2990 2990 3043 3043 3216 3214 3211 3209 3043 3043 3211 3209 3048 3048 2982 2982 2977 2977 3030 3030 3183 3181 3175 3173 3518 3516 3518 3516 3482 3480 3183 3181 3092 3090 3502 3500 3056 3056 3095 3093 3097 3095 3204 3202 3473 3471 2923 2923 3020 3020 3006 3006 3007 3007 3513 3511 3520 3518 2918 2918 3523 3521 3006 3006 3475 3473 3473 3471 3482 3480 3518 3516 3514 3512 3704 3702 3058 3058 3331 3329 3182 3180 3183 3181 3481 3479 3182 3180 3481 3479 3485 3483 3475 3473 3480 3478 3473 3471 3205 3203 3096 3094 3204 3202 3097 3095 3211 3209 3204 3202 3001 3001 3511 3509 3007 3007 3206 3204 3098 3096 3205 3203 3099 3097 3098 3096 3206 3204 3207 3205 3099 3097 3206 3204 3048 3048 3100 3098 3106 3104 3097 3095 3101 3099 3211 3209 3002 3002 3509 3507 3001 3001 3301 3299 3520 3518 3239 3237 3502 3500 3504 3502 2997 2997 3093 3091 3092 3090 3056 3056 3240 3238 3300 3298 3301 3299 3487 3485 3488 3486 3188 3186 3197 3195 3104 3102 3195 3193 3101 3099 3100 3098 3211 3209 3292 3290 3285 3283 2916 2916 3193 3191 3493 3491 3191 3189 3709 3707 3333 3331 3329 3327 2884 2884 2888 2888 2935 2935 3511 3509 3513 3511 3007 3007 3102 3100 3200 3198 3103 3101 3053 3053 3048 3048 3106 3104 3506 3504 3507 3505 2995 2995 3509 3507 3511 3509 3001 3001 3100 3098 3048 3048 3211 3209 3056 3056 3052 3052 3093 3091 3107 3105 3105 3103 3052 3052 2994 2994 3506 3504 2995 2995 3475 3473 3006 3006 3513 3511 3102 3100 3099 3097 3200 3198 3114 3112 3500 3498 3092 3090 3104 3102 3103 3101 3195 3193 2958 2958 2959 2959 3704 3702 2929 2929 2885 2885 2884 2884 2986 2986 3019 3019 3020 3020 3485 3483 3487 3485 3180 3178 3104 3102 3197 3195 3108 3106 3207 3205 3200 3198 3099 3097 3108 3106 3197 3195 3109 3107 3680 3678 3686 3684 2899 2899 3809 3807 3675 3673 2903 2903 3710 3708 3702 3700 3341 3339 3053 3053 3106 3104 3107 3105 3491 3489 3493 3491 3193 3191 2981 2981 3024 3024 3025 3025 3488 3486 3186 3184 3188 3186 3506 3504 2994 2994 3504 3502 3493 3491 3109 3107 3191 3189 3052 3052 3105 3103 3093 3091 3489 3487 3491 3489 3186 3184 3493 3491 3111 3109 3109 3107 3094 3092 3113 3111 3498 3496 3678 3676 3685 3683 2905 2905 3853 3851 3759 3757 3225 3223 3225 3223 3226 3224 3747 3745 3225 3223 3747 3745 3854 3852 3855 3853 3853 3851 3225 3223 3856 3854 3855 3853 3225 3223 3225 3223 3854 3852 3857 3855 3225 3223 3857 3855 3856 3854 3755 3753 3314 3312 3762 3760 3118 3116 3112 3110 3496 3494 3117 3115 3115 3113 3496 3494 2987 2987 2981 2981 3025 3025 3507 3505 3509 3507 2995 2995 2994 2994 2997 2997 3504 3502 3115 3113 3110 3108 3494 3492 3500 3498 3502 3500 3092 3090 3112 3110 3117 3115 3496 3494 3114 3112 3094 3092 3500 3498 3498 3496 3118 3116 3496 3494 3274 3272 2907 2907 3275 3273 3500 3498 3094 3092 3498 3496 3062 2284 3061 3060 3064 3062 3592 3590 3593 3591 3063 3061 3061 3060 3072 3070 3063 3061 3064 3062 3594 3592 3664 3662 3598 3596 3064 3062 3599 3597 3594 3592 3064 3062 3063 3061 3599 3597 3064 3062 3664 3662 3595 3593 3664 3662 3594 3592 3595 3593 3665 3663 3664 3662 3596 3594 3670 3668 3595 3593 3665 3663 3670 3668 3673 3671 3597 3595 3670 3668 3596 3594 3666 3664 3665 3663 3673 3671 3670 3668 3665 3663 3595 3593 3667 3665 3666 3664 3673 3671 3669 3667 3668 3666 3670 3668 3673 3671 3668 3666 3671 3669 3668 3666 3673 3671 3670 3668 3674 3672 3673 3671 3671 3669 3672 3670 3671 3669 3668 3666 3593 3591 3594 3592 3063 3061 3059 3059 3704 3702 3710 3708 3709 3707 3059 3059 3706 3704 3706 3704 3059 3059 3710 3708 3705 3703 3707 3705 3704 3702 3059 3059 3058 3058 3704 3702 3710 3708 3681 3679 3708 3706 3702 3700 3710 3708 3703 3701 3681 3679 3710 3708 3704 3702 3703 3701 3710 3708 3708 3706 3687 3685 3708 3706 3681 3679 3687 3685 3683 3681 3708 3706 3682 3680 3680 3678 3687 3685 3683 3681 3680 3678 3685 3683 3686 3684 3680 3678 3682 3680 3684 3682 3683 3681 3685 3683 3680 3678 3683 3681 3687 3685 3678 3676 3684 3682 3685 3683 3679 3677 3676 3674 3680 3678 3685 3683 3676 3674 3809 3807 3676 3674 3685 3683 3680 3678 3677 3675 3685 3683 3809 3807 3675 3673 3809 3807 3676 3674 3707 3705 3681 3679 3704 3702 3778 3776 3777 3775 3630 3628 3630 3628 3629 3627 3808 3806 3630 3628 3808 3806 3778 3776 3629 3627 3626 3624 3807 3805 3629 3627 3807 3805 3808 3806 3772 3770 3807 3805 3626 3624 3626 3624 3625 3623 3773 3771 3626 3624 3773 3771 3772 3770 3625 3623 3622 3620 3774 3772 3625 3623 3774 3772 3773 3771 3622 3620 3621 3619 3776 3774 3622 3620 3776 3774 3774 3772 3621 3619 3618 3616 3775 3773 3621 3619 3775 3773 3776 3774 3618 3616 3617 3615 3770 3768 3618 3616 3770 3768 3775 3773 3771 3769 3770 3768 3617 3615 3617 3615 3614 3612 3811 3809 3771 3769 3617 3615 3811 3809 3614 3612 3613 3611 3814 3812 3614 3612 3814 3812 3811 3809 3613 3611 3610 3608 3813 3811 3613 3611 3813 3811 3814 3812 3610 3608 3609 3607 3812 3810 3610 3608 3812 3810 3813 3811 3609 3607 3606 3604 3810 3808 3609 3607 3810 3808 3812 3810 3806 3804 3810 3808 3606 3604 3606 3604 3605 3603 3805 3803 3606 3604 3805 3803 3806 3804 3694 3692 3805 3803 3605 3603 3605 3603 3602 3600 3695 3693 3605 3603 3695 3693 3694 3692 3602 3600 3601 3599 3692 3690 3602 3600 3692 3690 3695 3693 3753 3751 3693 3691 3692 3690 3692 3690 3601 3599 3527 3525 3527 3525 3526 3524 3753 3751 3692 3690 3527 3525 3753 3751 3752 3750 3753 3751 3526 3524 3526 3524 3531 3529 3821 3819 3526 3524 3821 3819 3752 3750 3827 3825 3822 3820 3821 3819 3821 3819 3531 3529 3532 3530 3821 3819 3532 3530 3827 3825 3532 3530 3535 3533 3829 3827 3532 3530 3829 3827 3827 3825 3535 3533 3536 3534 3828 3826 3535 3533 3828 3826 3829 3827 3536 3534 3539 3537 3825 3823 3536 3534 3825 3823 3828 3826 3826 3824 3825 3823 3539 3537 3539 3537 3540 3538 3839 3837 3826 3824 3539 3537 3839 3837 3540 3538 3543 3541 3837 3835 3540 3538 3837 3835 3839 3837 3841 3839 3838 3836 3837 3835 3837 3835 3543 3541 3544 3542 3837 3835 3544 3542 3841 3839 3544 3542 3547 3545 3844 3842 3544 3542 3844 3842 3841 3839 3547 3545 3548 3546 3845 3843 3547 3545 3845 3843 3844 3842 3548 3546 3551 3549 3848 3846 3548 3546 3848 3846 3845 3843 3551 3549 3552 3550 3849 3847 3551 3549 3849 3847 3848 3846 3552 3550 3555 3553 3851 3849 3552 3550 3851 3849 3849 3847 3555 3553 3556 3554 3852 3850 3555 3553 3852 3850 3851 3849 3556 3554 3559 3557 3850 3848 3556 3554 3850 3848 3852 3850 3559 3557 3560 3558 3847 3845 3559 3557 3847 3845 3850 3848 3560 3558 3562 3560 3846 3844 3560 3558 3846 3844 3847 3845 3562 3560 3565 3563 3843 3841 3562 3560 3843 3841 3846 3844 3565 3563 3566 3564 3842 3840 3565 3563 3842 3840 3843 3841 3566 3564 3569 3567 3840 3838 3566 3564 3840 3838 3842 3840 3832 3830 3831 3829 3840 3838 3840 3838 3569 3567 3570 3568 3840 3838 3570 3568 3832 3830 3570 3568 3573 3571 3833 3831 3570 3568 3833 3831 3832 3830 3573 3571 3574 3572 3835 3833 3573 3571 3835 3833 3833 3831 3574 3572 3577 3575 3836 3834 3574 3572 3836 3834 3835 3833 3577 3575 3578 3576 3834 3832 3577 3575 3834 3832 3836 3834 3578 3576 3581 3579 3830 3828 3578 3576 3830 3828 3834 3832 3824 3822 3830 3828 3581 3579 3581 3579 3582 3580 3823 3821 3581 3579 3823 3821 3824 3822 3818 3816 3817 3815 3823 3821 3823 3821 3582 3580 3585 3583 3823 3821 3585 3583 3818 3816 3585 3583 3586 3584 3820 3818 3585 3583 3820 3818 3818 3816 3586 3584 3589 3587 3819 3817 3586 3584 3819 3817 3820 3818 3589 3587 3590 3588 3816 3814 3589 3587 3816 3814 3819 3817 3748 3746 3816 3814 3590 3588 3590 3588 3591 3589 3749 3747 3748 3746 3590 3588 3749 3747 3588 3586 3750 3748 3749 3747 3588 3586 3749 3747 3591 3589 3587 3585 3751 3749 3750 3748 3587 3585 3750 3748 3588 3586 3584 3582 3746 3744 3751 3749 3584 3582 3751 3749 3587 3585 3854 3852 3747 3745 3746 3744 3746 3744 3584 3582 3583 3581 3746 3744 3583 3581 3854 3852 3580 3578 3857 3855 3854 3852 3580 3578 3854 3852 3583 3581 3579 3577 3856 3854 3857 3855 3579 3577 3857 3855 3580 3578 3576 3574 3855 3853 3856 3854 3576 3574 3856 3854 3579 3577 3575 3573 3853 3851 3855 3853 3575 3573 3855 3853 3576 3574 3759 3757 3853 3851 3575 3573 3575 3573 3572 3570 3760 3758 3759 3757 3575 3573 3760 3758 3571 3569 3757 3755 3760 3758 3571 3569 3760 3758 3572 3570 3758 3756 3757 3755 3571 3569 3571 3569 3568 3566 3790 3788 3758 3756 3571 3569 3790 3788 3567 3565 3793 3791 3790 3788 3567 3565 3790 3788 3568 3566 3564 3562 3794 3792 3793 3791 3564 3562 3793 3791 3567 3565 3563 3561 3796 3794 3794 3792 3563 3561 3794 3792 3564 3562 3561 3559 3797 3795 3796 3794 3561 3559 3796 3794 3563 3561 3558 3556 3799 3797 3797 3795 3558 3556 3797 3795 3561 3559 3557 3555 3798 3796 3799 3797 3557 3555 3799 3797 3558 3556 3554 3552 3795 3793 3798 3796 3554 3552 3798 3796 3557 3555 3553 3551 3792 3790 3795 3793 3553 3551 3795 3793 3554 3552 3550 3548 3791 3789 3792 3790 3550 3548 3792 3790 3553 3551 3549 3547 3789 3787 3791 3789 3549 3547 3791 3789 3550 3548 3763 3761 3789 3787 3549 3547 3549 3547 3546 3544 3764 3762 3763 3761 3549 3547 3764 3762 3545 3543 3765 3763 3764 3762 3545 3543 3764 3762 3546 3544 3542 3540 3767 3765 3765 3763 3542 3540 3765 3763 3545 3543 3541 3539 3768 3766 3767 3765 3541 3539 3767 3765 3542 3540 3538 3536 3769 3767 3768 3766 3538 3536 3768 3766 3541 3539 3537 3535 3766 3764 3769 3767 3537 3535 3769 3767 3538 3536 3534 3532 3761 3759 3766 3764 3534 3532 3766 3764 3537 3535 3762 3760 3761 3759 3534 3532 3534 3532 3533 3531 3756 3754 3756 3754 3755 3753 3762 3760 3762 3760 3534 3532 3756 3754 3530 3528 3754 3752 3756 3754 3530 3528 3756 3754 3533 3531 3690 3688 3754 3752 3530 3528 3530 3528 3529 3527 3691 3689 3530 3528 3691 3689 3690 3688 3600 3598 3688 3686 3691 3689 3691 3689 3529 3527 3528 3526 3691 3689 3528 3526 3600 3598 3689 3687 3688 3686 3600 3598 3600 3598 3603 3601 3743 3741 3689 3687 3600 3598 3743 3741 3604 3602 3745 3743 3743 3741 3604 3602 3743 3741 3603 3601 3607 3605 3744 3742 3745 3743 3607 3605 3745 3743 3604 3602 3608 3606 3742 3740 3744 3742 3608 3606 3744 3742 3607 3605 3611 3609 3734 3732 3733 3731 3733 3731 3742 3740 3608 3606 3733 3731 3608 3606 3611 3609 3725 3723 3734 3732 3611 3609 3611 3609 3612 3610 3726 3724 3725 3723 3611 3609 3726 3724 3615 3613 3729 3727 3726 3724 3615 3613 3726 3724 3612 3610 3616 3614 3730 3728 3729 3727 3616 3614 3729 3727 3615 3613 3619 3617 3732 3730 3730 3728 3619 3617 3730 3728 3616 3614 3620 3618 3731 3729 3732 3730 3620 3618 3732 3730 3619 3617 3623 3621 3728 3726 3731 3729 3623 3621 3731 3729 3620 3618 3624 3622 3727 3725 3728 3726 3624 3622 3728 3726 3623 3621 3627 3625 3724 3722 3727 3725 3627 3625 3727 3725 3624 3622 3628 3626 3714 3712 3713 3711 3713 3711 3724 3722 3627 3625 3713 3711 3627 3625 3628 3626 3631 3629 3716 3714 3714 3712 3631 3629 3714 3712 3628 3626 3632 3630 3717 3715 3716 3714 3632 3630 3716 3714 3631 3629 3634 3632 3719 3717 3717 3715 3634 3632 3717 3715 3632 3630 3637 3635 3718 3716 3719 3717 3637 3635 3719 3717 3634 3632 3638 3636 3715 3713 3718 3716 3638 3636 3718 3716 3637 3635 3641 3639 3711 3709 3715 3713 3641 3639 3715 3713 3638 3636 3722 3720 3712 3710 3711 3709 3711 3709 3641 3639 3642 3640 3711 3709 3642 3640 3722 3720 3645 3643 3723 3721 3722 3720 3645 3643 3722 3720 3642 3640 3646 3644 3720 3718 3723 3721 3646 3644 3723 3721 3645 3643 3721 3719 3720 3718 3646 3644 3646 3644 3649 3647 3737 3735 3721 3719 3646 3644 3737 3735 3650 3648 3740 3738 3737 3735 3650 3648 3737 3735 3649 3647 3653 3651 3739 3737 3740 3738 3653 3651 3740 3738 3650 3648 3654 3652 3738 3736 3739 3737 3654 3652 3739 3737 3653 3651 3657 3655 3735 3733 3738 3736 3657 3655 3738 3736 3654 3652 3658 3656 3741 3739 3736 3734 3736 3734 3735 3733 3657 3655 3736 3734 3657 3655 3658 3656 3698 3696 3741 3739 3658 3656 3658 3656 3661 3659 3699 3697 3698 3696 3658 3656 3699 3697 3662 3660 3700 3698 3699 3697 3662 3660 3699 3697 3661 3659 3663 3661 3701 3699 3700 3698 3663 3661 3700 3698 3662 3660 3663 3661 3660 3658 3696 3694 3663 3661 3696 3694 3701 3699 3697 3695 3696 3694 3660 3658 3660 3658 3659 3657 3802 3800 3697 3695 3660 3658 3802 3800 3659 3657 3656 3654 3804 3802 3659 3657 3804 3802 3802 3800 3656 3654 3655 3653 3803 3801 3656 3654 3803 3801 3804 3802 3655 3653 3652 3650 3800 3798 3655 3653 3800 3798 3803 3801 3801 3799 3800 3798 3652 3650 3652 3650 3651 3649 3815 3813 3652 3650 3815 3813 3801 3799 3779 3777 3815 3813 3651 3649 3651 3649 3648 3646 3780 3778 3651 3649 3780 3778 3779 3777 3648 3646 3647 3645 3783 3781 3648 3646 3783 3781 3780 3778 3647 3645 3644 3642 3784 3782 3647 3645 3784 3782 3783 3781 3644 3642 3643 3641 3787 3785 3644 3642 3787 3785 3784 3782 3643 3641 3640 3638 3788 3786 3643 3641 3788 3786 3787 3785 3640 3638 3639 3637 3786 3784 3640 3638 3786 3784 3788 3786 3639 3637 3636 3634 3785 3783 3639 3637 3785 3783 3786 3784 3636 3634 3635 3633 3782 3780 3636 3634 3782 3780 3785 3783 3635 3633 3633 3631 3781 3779 3635 3633 3781 3779 3782 3780 3633 3631 3630 3628 3777 3775 3633 3631 3777 3775 3781 3779</p>
        </triangles>
      </mesh>
    </geometry>
  </library_geometries>
  <library_visual_scenes>
    <visual_scene id="Scene" name="Scene">
      <node id="meca500_needle_holder_001" name="meca500_needle_holder_001" type="NODE">
        <matrix sid="transform">-4.37114e-11 4.37114e-11 0.001 0 0.001 0 4.37114e-11 0 0 0.001 -4.37114e-11 0 0 0 0 1</matrix>
        <instance_geometry url="#meca500_needle_holder_001-mesh" name="meca500_needle_holder_001"/>
      </node>
    </visual_scene>
  </library_visual_scenes>
  <scene>
    <instance_visual_scene url="#Scene"/>
  </scene>
</COLLADA>